{"_id": "62f5cc7354d20aedf4e4bfb9", "type": "resource", "tags": [], "owner": "62f5ee7a54d20acdd4e4c085", "components": [{"type": "email", "persistent": true, "unique": false, "protected": false, "defaultValue": "", "suffix": "", "prefix": "", "placeholder": "Enter your email address", "key": "email", "label": "Email", "inputType": "email", "tableView": true, "input": true}, {"type": "password", "persistent": true, "protected": true, "suffix": "", "prefix": "", "placeholder": "Enter your password.", "key": "password", "label": "Password", "inputType": "password", "tableView": false, "input": true}, {"type": "button", "theme": "primary", "disableOnInvalid": true, "action": "submit", "block": false, "rightIcon": "", "leftIcon": "", "size": "md", "key": "submit", "tableView": false, "label": "Submit", "input": true}], "title": "Admin", "name": "admin", "path": "admin", "submissionAccess": [{"roles": ["62f5cc7354d20a5af5e4bfb5"], "type": "create_all"}, {"roles": ["62f5cc7354d20a5af5e4bfb5"], "type": "read_all"}, {"roles": ["62f5cc7354d20a5af5e4bfb5"], "type": "update_all"}, {"roles": ["62f5cc7354d20a5af5e4bfb5"], "type": "delete_all"}, {"roles": [], "type": "create_own"}, {"roles": [], "type": "read_own"}, {"roles": [], "type": "update_own"}, {"roles": [], "type": "delete_own"}], "access": [{"roles": ["62f5cc7354d20a25cee4bfb7", "62f5cc7354d20a1c86e4bfb6", "62f5cc7354d20a5af5e4bfb5"], "type": "read_all"}], "machineName": "admin", "created": "2022-08-12T03:43:47.859Z", "modified": "2022-08-12T06:08:58.574Z"}