{"_id": "62f5ccae54d20ae70be4c03a", "type": "resource", "tags": ["common", "resources", "clone-form", "clone-submissions"], "owner": "627ddf364022c591c1b05f1b", "components": [{"clearOnHide": false, "key": "panel", "input": false, "title": "Information", "theme": "default", "tableView": false, "components": [{"clearOnHide": false, "label": "Columns", "input": false, "tableView": false, "key": "panelColumns", "columns": [{"components": [{"autofocus": false, "input": true, "tableView": true, "inputType": "text", "inputMask": "", "label": "ID", "key": "id", "placeholder": "", "prefix": "", "suffix": "", "multiple": false, "defaultValue": "", "protected": false, "unique": false, "persistent": true, "hidden": false, "clearOnHide": false, "spellcheck": false, "validate": {"required": false, "minLength": "", "maxLength": "", "pattern": "", "custom": "", "customPrivate": false}, "conditional": {"show": "", "when": null, "eq": ""}, "type": "textfield", "labelPosition": "top", "inputFormat": "plain", "tags": [], "properties": {}}, {"autofocus": false, "input": true, "tableView": true, "label": "Fiber Type", "key": "fibreType", "placeholder": "", "data": {"values": [{"value": "pi", "label": "PI"}, {"value": "peek", "label": "PEEK"}, {"value": "other", "label": "Other"}], "json": "", "url": "", "resource": "", "custom": ""}, "dataSrc": "values", "valueProperty": "", "defaultValue": "", "refreshOn": "", "filter": "", "authenticate": false, "template": "<span>{{ item.label }}</span>", "multiple": false, "protected": false, "unique": false, "persistent": true, "hidden": false, "clearOnHide": false, "validate": {"required": false}, "type": "select", "labelPosition": "top", "tags": [], "conditional": {"show": "", "when": null, "eq": ""}, "properties": {}, "lockKey": true}], "width": 4, "offset": 0, "push": 0, "pull": 0}, {"components": [{"autofocus": false, "input": true, "tableView": true, "inputType": "text", "inputMask": "", "label": "Description", "key": "description", "placeholder": "", "prefix": "", "suffix": "", "multiple": false, "defaultValue": "", "protected": false, "unique": false, "persistent": true, "hidden": false, "clearOnHide": false, "spellcheck": false, "validate": {"required": false, "minLength": "", "maxLength": "", "pattern": "", "custom": "", "customPrivate": false}, "conditional": {"show": "", "when": null, "eq": ""}, "type": "textfield", "labelPosition": "top", "inputFormat": "plain", "tags": [], "properties": {}}, {"autofocus": false, "input": true, "tableView": false, "inputType": "number", "label": "Sensors Per Fiber", "key": "sensorsPerFiber", "placeholder": "", "prefix": "", "suffix": "", "defaultValue": "", "protected": false, "persistent": true, "hidden": false, "clearOnHide": false, "validate": {"required": false, "min": 25, "max": 30, "step": "any", "integer": "", "multiple": "", "custom": ""}, "type": "number", "labelPosition": "top", "tags": [], "conditional": {"show": "", "when": null, "eq": ""}, "properties": {}, "decimalLimit": 0, "lockKey": true}], "width": 4, "offset": 0, "push": 0, "pull": 0}, {"components": [{"autofocus": false, "input": true, "tableView": true, "label": "Create Date", "key": "createDate", "placeholder": "", "format": "yyyy-MM-dd hh:mm a", "enableDate": true, "enableTime": true, "defaultDate": "", "datepickerMode": "day", "datePicker": {"showWeeks": true, "startingDay": 0, "initDate": "", "minMode": "day", "maxMode": "year", "yearRows": 4, "yearColumns": 5, "minDate": null, "maxDate": null, "datepickerMode": "day"}, "timePicker": {"hourStep": 1, "minuteStep": 1, "showMeridian": true, "readonlyInput": false, "mousewheel": true, "arrowkeys": true}, "protected": false, "persistent": true, "hidden": false, "clearOnHide": true, "validate": {"required": false, "custom": ""}, "type": "datetime", "labelPosition": "top", "tags": [], "conditional": {"show": "", "when": null, "eq": ""}, "properties": {}}, {"autofocus": false, "input": true, "label": "Build Sensor Definition", "tableView": false, "key": "panelUpdateSensorList", "size": "md", "leftIcon": "", "rightIcon": "", "block": false, "action": "custom", "disableOnInvalid": false, "theme": "danger", "type": "button", "tags": [], "conditional": {"show": "", "when": null, "eq": ""}, "properties": {}, "custom": "let sensor_list = [];\nlet wls = 1511.5;\nfor (let s=1; s<=data.sensorsPerFiber; s++)\n{\n    sensor_list.push({\n        sensor_id: 'R' + pad(s,2),\n        central_wavelength: wls,\n        spacing_before_sensor_point: 2500});\n    wls += 3.2;\n    wls = Math.round(wls * 10) / 10;\n}\ndata['all_sensors'] = sensor_list;\ndata.sensors_built = true;\nform.checkData();\n\nfunction pad(num, size) {\n   let s = num + \"\"; \n   while (s.length < size) s = \"0\" + s; \n   return s;\n}", "tooltip": "This will rebuild the list below and any data previously entered will be lost!!!"}, {"autofocus": false, "input": true, "tableView": false, "inputType": "text", "inputMask": "", "label": "Sensors Built", "key": "sensors_built", "placeholder": "", "prefix": "", "suffix": "", "multiple": false, "defaultValue": "", "protected": false, "unique": false, "persistent": true, "hidden": true, "clearOnHide": false, "spellcheck": false, "validate": {"required": false, "minLength": "", "maxLength": "", "pattern": "", "custom": "", "customPrivate": false}, "conditional": {"show": "", "when": null, "eq": ""}, "type": "textfield", "labelPosition": "top", "inputFormat": "plain", "tags": [], "properties": {}, "lockKey": true}, {"autofocus": false, "input": true, "tableView": false, "inputType": "text", "inputMask": "", "label": "Show Page", "key": "show_page", "placeholder": "", "prefix": "", "suffix": "", "multiple": false, "defaultValue": "", "protected": false, "unique": false, "persistent": true, "hidden": true, "clearOnHide": false, "spellcheck": false, "validate": {"required": false, "minLength": "", "maxLength": "", "pattern": "", "custom": "", "customPrivate": false}, "conditional": {"show": "", "when": null, "eq": ""}, "type": "textfield", "labelPosition": "top", "inputFormat": "plain", "tags": [], "properties": {}, "lockKey": true}], "width": 4, "offset": 0, "push": 0, "pull": 0}], "type": "columns", "hideLabel": true, "tags": [], "conditional": {"show": "", "when": null, "eq": ""}, "properties": {}}, {"autofocus": false, "input": true, "tableView": false, "inputType": "text", "inputMask": "", "label": "Version", "key": "_version", "placeholder": "", "prefix": "", "suffix": "", "multiple": false, "defaultValue": "0", "protected": false, "unique": false, "persistent": true, "hidden": true, "clearOnHide": false, "spellcheck": false, "validate": {"required": false, "minLength": "", "maxLength": "", "pattern": "", "custom": "", "customPrivate": false}, "conditional": {"show": "", "when": null, "eq": ""}, "type": "textfield", "labelPosition": "top", "inputFormat": "plain", "tags": [], "properties": {}, "lockKey": true}, {"autofocus": false, "input": true, "tableView": false, "inputType": "text", "inputMask": "", "label": "Form Version", "key": "_form_version", "placeholder": "", "prefix": "", "suffix": "", "multiple": false, "defaultValue": "", "protected": false, "unique": false, "persistent": true, "hidden": true, "clearOnHide": false, "spellcheck": false, "validate": {"required": false, "minLength": "", "maxLength": "", "pattern": "", "custom": "", "customPrivate": false}, "conditional": {"show": "", "when": null, "eq": ""}, "type": "textfield", "labelPosition": "top", "inputFormat": "plain", "tags": [], "properties": {}, "lockKey": true}, {"clearOnHide": false, "label": "Columns", "input": false, "tableView": false, "key": "columns", "columns": [{"components": [{"autofocus": false, "input": true, "label": "Constants", "tableView": false, "key": "columnsConstants", "size": "md", "leftIcon": "", "rightIcon": "", "block": true, "action": "custom", "disableOnInvalid": false, "theme": "primary", "type": "button", "tags": [], "conditional": {"show": "", "when": null, "eq": ""}, "properties": {}, "custom": "data.show_page = 'constants'"}], "width": 2, "offset": 0, "push": 0, "pull": 0}, {"components": [{"autofocus": false, "input": true, "label": "Sensors", "tableView": false, "key": "columnsConstants2", "size": "md", "leftIcon": "", "rightIcon": "", "block": true, "action": "custom", "disableOnInvalid": false, "theme": "primary", "type": "button", "tags": [], "conditional": {"show": "", "when": null, "eq": ""}, "properties": {}, "custom": "data.show_page = 'sensors'"}], "width": 2, "offset": 0, "push": 0, "pull": 0}, {"components": [{"autofocus": false, "input": true, "label": "JSON", "tableView": false, "key": "columnsConstants3", "size": "md", "leftIcon": "", "rightIcon": "", "block": true, "action": "custom", "disableOnInvalid": false, "theme": "primary", "type": "button", "tags": [], "conditional": {"show": "", "when": null, "eq": ""}, "properties": {}, "custom": "data.show_page = 'json'"}], "width": 2, "offset": 0, "push": 0, "pull": 0}, {"components": [], "width": 6, "offset": 0, "push": 0, "pull": 0}], "type": "columns", "tags": [], "conditional": {"show": "", "when": null, "eq": ""}, "properties": {}, "hideLabel": true}], "type": "panel", "breadcrumb": "default", "tags": [], "conditional": {"show": "", "when": null, "eq": ""}, "properties": {}, "hideLabel": false}, {"clearOnHide": false, "key": "panel3", "input": false, "title": "Constants", "theme": "default", "tableView": false, "components": [{"clearOnHide": false, "label": "Columns", "input": false, "tableView": false, "key": "panel3Columns", "columns": [{"components": [{"autofocus": false, "input": true, "tableView": false, "inputType": "number", "label": "WLS to Strain", "key": "wls_to_strain_value", "placeholder": "", "prefix": "", "suffix": "", "defaultValue": "", "protected": false, "persistent": true, "hidden": false, "clearOnHide": false, "validate": {"required": false, "min": "", "max": "", "step": "any", "integer": "", "multiple": "", "custom": ""}, "type": "number", "labelPosition": "top", "tags": [], "conditional": {"show": "", "when": null, "eq": ""}, "properties": {}, "lockKey": true}], "width": 3, "offset": 0, "push": 0, "pull": 0}, {"components": [{"autofocus": false, "input": true, "tableView": false, "label": "Unit", "key": "wls_to_strain_unit", "placeholder": "", "data": {"values": [{"value": "pm/micro-strain", "label": "pm/micro-strain"}], "json": "", "url": "", "resource": "", "custom": ""}, "dataSrc": "values", "valueProperty": "", "defaultValue": "", "refreshOn": "", "filter": "", "authenticate": false, "template": "<span>{{ item.label }}</span>", "multiple": false, "protected": false, "unique": false, "persistent": true, "hidden": false, "clearOnHide": false, "validate": {"required": false}, "type": "select", "labelPosition": "top", "tags": [], "conditional": {"show": "", "when": null, "eq": ""}, "properties": {}, "lockKey": true}], "width": 3, "offset": 0, "push": 0, "pull": 0}, {"components": [{"autofocus": false, "input": true, "tableView": false, "inputType": "number", "label": "WLS to Temperature", "key": "wls_to_temperature_value", "placeholder": "", "prefix": "", "suffix": "", "defaultValue": "", "protected": false, "persistent": true, "hidden": false, "clearOnHide": false, "validate": {"required": false, "min": "", "max": "", "step": "any", "integer": "", "multiple": "", "custom": ""}, "type": "number", "labelPosition": "top", "tags": [], "conditional": {"show": "", "when": null, "eq": ""}, "properties": {}, "lockKey": true}], "width": 3, "offset": 0, "push": 0, "pull": 0}, {"components": [{"autofocus": false, "input": true, "tableView": false, "label": "Unit", "key": "wls_to_temperature_unit", "placeholder": "", "data": {"values": [{"value": "pm/micro-strain", "label": "pm/celsius"}], "json": "", "url": "", "resource": "", "custom": ""}, "dataSrc": "values", "valueProperty": "", "defaultValue": "", "refreshOn": "", "filter": "", "authenticate": false, "template": "<span>{{ item.label }}</span>", "multiple": false, "protected": false, "unique": false, "persistent": true, "hidden": false, "clearOnHide": false, "validate": {"required": false}, "type": "select", "labelPosition": "top", "tags": [], "conditional": {"show": "", "when": null, "eq": ""}, "properties": {}, "lockKey": true}], "width": 3, "offset": 0, "push": 0, "pull": 0}], "type": "columns", "hideLabel": true, "tags": [], "conditional": {"show": "", "when": null, "eq": ""}, "properties": {}}], "type": "panel", "breadcrumb": "default", "tags": [], "conditional": {"show": "true", "when": "show_page", "eq": "constants"}, "properties": {}, "hideLabel": false}, {"clearOnHide": false, "key": "panel2", "input": false, "title": "Sensor Definitions", "theme": "default", "tableView": false, "components": [{"autofocus": false, "input": true, "tree": true, "components": [{"autofocus": false, "input": true, "tableView": false, "inputType": "text", "inputMask": "", "label": "Sensor ID", "key": "sensor_id", "placeholder": "", "prefix": "", "suffix": "", "multiple": false, "defaultValue": "", "protected": false, "unique": false, "persistent": true, "hidden": false, "clearOnHide": false, "spellcheck": false, "validate": {"required": false, "minLength": "", "maxLength": "", "pattern": "", "custom": "", "customPrivate": false}, "conditional": {"show": "", "when": null, "eq": ""}, "type": "textfield", "inDataGrid": true, "labelPosition": "top", "inputFormat": "plain", "tags": [], "properties": {}, "lockKey": true, "mask": false, "disabled": true}, {"autofocus": false, "input": true, "tableView": false, "inputType": "number", "label": "Central Wavelength (nm)", "key": "central_wavelength", "placeholder": "", "prefix": "", "suffix": "", "defaultValue": "", "protected": false, "persistent": true, "hidden": false, "clearOnHide": false, "validate": {"required": false, "min": "", "max": "", "step": "any", "integer": "", "multiple": "", "custom": ""}, "type": "number", "inDataGrid": true, "labelPosition": "top", "tags": [], "conditional": {"show": "", "when": null, "eq": ""}, "properties": {}, "lockKey": true, "decimalLimit": 1}, {"autofocus": false, "input": true, "tableView": false, "inputType": "number", "label": "Spacing before sensor point (mm)", "key": "spacing_before_sensor_point", "placeholder": "", "prefix": "", "suffix": "", "defaultValue": "", "protected": false, "persistent": true, "hidden": false, "clearOnHide": false, "validate": {"required": false, "min": "", "max": "", "step": "any", "integer": "", "multiple": "", "custom": ""}, "type": "number", "inDataGrid": true, "labelPosition": "top", "tags": [], "conditional": {"show": "", "when": null, "eq": ""}, "properties": {}, "lockKey": true, "decimalLimit": 0}], "tableView": false, "label": "Data Grid", "key": "all_sensors", "protected": false, "persistent": true, "hidden": false, "clearOnHide": false, "type": "datagrid", "addAnotherPosition": "bottom", "tags": [], "conditional": {"show": "", "when": null, "eq": ""}, "properties": {}, "hideLabel": true, "validate": {"minLength": 1, "maxLength": 1}, "lockKey": true}], "type": "panel", "breadcrumb": "default", "tags": [], "conditional": {"show": "true", "when": "show_page", "eq": "sensors"}, "properties": {}, "collapsible": false, "collapsed": false, "hideLabel": false}, {"clearOnHide": false, "key": "panel5", "input": false, "title": "JSON Data", "theme": "default", "tableView": false, "components": [{"autofocus": false, "input": true, "tableView": false, "label": "JSON Data", "key": "jsonData", "placeholder": "", "prefix": "", "suffix": "", "rows": 25, "multiple": false, "defaultValue": "", "protected": false, "persistent": true, "hidden": false, "wysiwyg": false, "clearOnHide": false, "spellcheck": false, "validate": {"required": false, "minLength": "", "maxLength": "", "pattern": "", "custom": ""}, "type": "textarea", "labelPosition": "top", "inputFormat": "plain", "tags": [], "conditional": {"show": "", "when": null, "eq": ""}, "properties": {}, "calculateValue": "let central_wls = '';\nlet sensor_spacing = '';\nfor (let s of data.all_sensors) {\n    if (central_wls.length>0) {\n        central_wls += ',';\n        sensor_spacing += ',';\n    }\n    central_wls += s.central_wavelength;\n    sensor_spacing += s.spacing_before_sensor_point;\n}\nlet json = \n'{' +\n'\\n\\t\"number_of_sensors\": ' + data.sensorsPerFiber + ',' +\n'\\n\\t\"wls_to_strain\": {' +\n'\\n\\t\\t\"value\": \"' + data.wls_to_strain_value + '\",' +\n'\\n\\t\\t\"unit\": \"' + data.wls_to_strain_unit + '\"' +\n'\\n\\t},' +\n'\\n\\t\"wls_to_temperature\": {' +\n'\\n\\t\\t\"value\": \"' + data.wls_to_temperature_value + '\",' +\n'\\n\\t\\t\"unit\": \"' + data.wls_to_temperature_unit + '\"' +\n'\\n\\t},' +\n'\\n\\t\"central_wls\": {' +\n'\\n\\t\\t\"value\": [' + central_wls + '],' +\n'\\n\\t\\t\"unit\": \"nm\"' +\n'\\n\\t},' +\n'\\n\\t\"spacing_before_sensing_point\": {' +\n'\\n\\t\\t\"value\": [' + sensor_spacing + '],' +\n'\\n\\t\\t\"unit\": \"mm\"' +\n'\\n\\t}' +\n'\\n}';\nvalue = json;", "disabled": true, "lockKey": true}], "type": "panel", "breadcrumb": "default", "tags": [], "conditional": {"show": "true", "when": "show_page", "eq": "json"}, "properties": {}, "inDataGrid": true, "hideLabel": false}, {"clearOnHide": false, "label": "Columns", "input": false, "tableView": false, "key": "columns2", "columns": [{"components": [], "width": 8, "offset": 0, "push": 0, "pull": 0}, {"components": [{"autofocus": false, "input": true, "label": "Cancel", "tableView": false, "key": "submit2", "size": "md", "leftIcon": "", "rightIcon": "", "block": true, "action": "custom", "disableOnInvalid": false, "theme": "info", "type": "button", "tags": [], "conditional": {"show": "", "when": null, "eq": ""}, "properties": {}, "custom": "window.close();"}], "width": 2, "offset": 0, "push": 0, "pull": 0}, {"components": [{"autofocus": false, "input": true, "label": "Save", "tableView": false, "key": "submit", "size": "md", "leftIcon": "", "rightIcon": "", "block": true, "action": "custom", "disableOnInvalid": false, "theme": "success", "type": "button", "tags": [], "conditional": {"show": "", "when": null, "eq": ""}, "properties": {}, "custom": "data._version = parseInt(data._version) + 1\nform.submit();\nwindow.close();"}], "width": 2, "offset": 0, "push": 0, "pull": 0}], "type": "columns", "tags": [], "conditional": {"show": "", "when": null, "eq": ""}, "properties": {}, "hideLabel": true}], "title": "Fiber Library", "name": "fiberLibrary", "path": "fiberlibrary", "display": "form", "access": [{"roles": ["627ddf364022c583b1b05f0d", "627ddf364022c52b7eb05f0e", "627ddf364022c5eb1bb05f0f"], "type": "read_all"}], "submissionAccess": [], "created": "2022-05-13T05:36:45.375Z", "modified": "2022-08-12T06:08:58.160Z", "machineName": "fiberlibrary.0.4.0"}