{"_id": "62f5ccac54d20a7128e4c01f", "type": "resource", "tags": ["common", "clone-form", "clone-submissions"], "owner": "627ddf364022c591c1b05f1b", "components": [{"autofocus": false, "input": true, "tableView": true, "inputType": "text", "inputMask": "", "label": "ID", "key": "id", "placeholder": "", "prefix": "", "suffix": "", "multiple": false, "defaultValue": "", "protected": false, "unique": true, "persistent": true, "hidden": false, "clearOnHide": false, "spellcheck": false, "validate": {"required": true, "minLength": "", "maxLength": "", "pattern": "", "custom": "", "customPrivate": false}, "conditional": {"show": "", "when": null, "eq": ""}, "type": "textfield", "labelPosition": "top", "inputFormat": "plain", "tags": [], "properties": {}}, {"autofocus": false, "input": true, "tableView": true, "inputType": "text", "inputMask": "", "label": "Description", "key": "description", "placeholder": "", "prefix": "", "suffix": "", "multiple": false, "defaultValue": "", "protected": false, "unique": false, "persistent": true, "hidden": false, "clearOnHide": false, "spellcheck": false, "validate": {"required": false, "minLength": "", "maxLength": "", "pattern": "", "custom": "", "customPrivate": false}, "conditional": {"show": "", "when": null, "eq": ""}, "type": "textfield", "labelPosition": "top", "inputFormat": "plain", "tags": [], "properties": {}}, {"autofocus": false, "input": true, "inputType": "checkbox", "tableView": false, "label": "Header Row?", "dataGridLabel": false, "key": "header_row", "defaultValue": false, "protected": false, "persistent": true, "hidden": false, "name": "", "value": "", "clearOnHide": false, "validate": {"required": false}, "type": "checkbox", "labelPosition": "right", "hideLabel": false, "tags": [], "conditional": {"show": "", "when": null, "eq": ""}, "properties": {}, "lockKey": true}, {"autofocus": false, "input": true, "tableView": true, "label": "CSV Data", "key": "csv_data", "placeholder": "", "prefix": "", "suffix": "", "rows": 3, "multiple": false, "defaultValue": "", "protected": false, "persistent": true, "hidden": false, "wysiwyg": false, "clearOnHide": true, "spellcheck": true, "validate": {"required": false, "minLength": "", "maxLength": "", "pattern": "", "custom": ""}, "type": "textarea", "labelPosition": "top", "inputFormat": "plain", "tags": [], "conditional": {"show": "", "when": null, "eq": ""}, "properties": {}, "lockKey": true}, {"autofocus": false, "input": true, "tableView": false, "label": "JSON Array", "key": "jsonArray", "placeholder": "", "data": {"values": [{"value": "", "label": ""}], "json": "", "url": "", "resource": "", "custom": "/*\n  Take CSV list with or without header and convert into JSON formatted array value of 'json_table'\n*/\nlet rows = data.csv_data.replaceAll('\"','').split('\\n');\nlet row1 = rows[0].split(\",\");\nlet firstRow = 0;\nif (data.header_row === false) {\n    row1[0] = 'label';\n    row1[1] = 'value';\n} else {\n    firstRow++;\n}\n// Cleanup column labels\nfor (let i=0; i< row1.length; i++) {\n    row1[i] = row1[i].replaceAll(' ','_').toLowerCase();\n}\nlet json_array = [];\nfor (let jrow = firstRow; jrow < rows.length; jrow++) {\n    let fields = rows[jrow].split(\",\");\n    let json_table = '';\n    for (let jcol = 0; jcol < fields.length; jcol++) {\n        if (jcol > 0) json_table += ',';\n        json_table += '\"' + row1[jcol] + '\": ' + '\"' + fields[jcol] + '\"';\n    }\n    json = JSON.parse(\"{\" + json_table + \"}\");\n    json_array.push(json);\n}\nvalues = json_array;\n"}, "dataSrc": "custom", "valueProperty": "", "defaultValue": "", "refreshOn": "", "filter": "", "authenticate": false, "template": "<span>{{ item.label }}</span>", "multiple": false, "protected": false, "unique": false, "persistent": true, "hidden": false, "clearOnHide": false, "validate": {"required": false}, "type": "select", "labelPosition": "top", "tags": [], "conditional": {"show": "", "when": null, "eq": ""}, "properties": {}, "lockKey": true}, {"autofocus": false, "input": true, "tableView": true, "label": "JSON Table", "key": "json_data", "placeholder": "", "prefix": "", "suffix": "", "rows": 3, "multiple": false, "defaultValue": "", "protected": false, "persistent": true, "hidden": false, "wysiwyg": false, "clearOnHide": true, "spellcheck": true, "validate": {"required": false, "minLength": "", "maxLength": "", "pattern": "", "custom": ""}, "type": "textarea", "labelPosition": "top", "inputFormat": "plain", "tags": [], "conditional": {"show": "", "when": null, "eq": ""}, "properties": {}, "calculateValue": "/*\n  Take CSV list with or without header and convert into JSON formatted array value of 'json_table'\n*/\nlet rows = data.csv_data.replaceAll('\"','').split('\\n');\nlet row1 = rows[0].split(\",\");\nlet firstRow = 0;\nif (data.header_row === false) {\n    row1[0] = 'label';\n    row1[1] = 'value';\n} else {\n    firstRow++;\n}\n// Cleanup column labels\nfor (let i=0; i< row1.length; i++) {\n    row1[i] = row1[i].replaceAll(' ','_').toLowerCase();\n}\nlet json_table = '';\nfor (let jrow = firstRow; jrow < rows.length; jrow++) {\n    let fields = rows[jrow].split(\",\");\n    json_table += '{';\n    for (let jcol = 0; jcol < fields.length; jcol++) {\n        if (jcol > 0) json_table += ',';\n        json_table += '\"' + row1[jcol] + '\": ' + '\"' + fields[jcol] + '\"';\n    }\n    json_table += `}`;\n    if (jrow < rows.length - 1) json_table += \", \";\n}\nvalue = '{\"json_table\": [' + json_table + '] }';\n", "lockKey": true}, {"autofocus": false, "input": true, "tableView": false, "label": "Table", "key": "table", "placeholder": "", "prefix": "", "suffix": "", "rows": 3, "multiple": false, "defaultValue": "", "protected": false, "persistent": true, "hidden": false, "wysiwyg": false, "clearOnHide": false, "spellcheck": false, "validate": {"required": false, "minLength": "", "maxLength": "", "pattern": "", "custom": ""}, "type": "textarea", "labelPosition": "top", "inputFormat": "html", "tags": [], "conditional": {"show": "", "when": null, "eq": ""}, "properties": {}, "calculateValue": "/*\n  Take CSV list with or without header and convert into HTML Table\n*/\nlet rows = data.csv_data.replaceAll('\"','').split('\\n');\nlet row1 = rows[0].split(\",\");\nlet firstRow = 0;\nif (data.header_row === false) {\n    row1[0] = 'Label';\n    row1[1] = 'Value';\n} else {\n    firstRow++;\n}\nlet table_style='font-size:16px;font-family: \"Trebuchet MS\", Arial, Helvetica, sans-serif;border-collapse: collapse;border-spacing: 0; border: 1px solid grey; width: 100%;';\nlet td_style=\"text-align: left; padding: 8px; border-bottom: 1px solid grey; border-right: 1px solid grey;\";\nlet th_style=\"text-align: left; padding: 8px; padding-top: 11px; padding-bottom: 11px; background-color: #04AA6D; color: white;\";\n\nlet html_table = \"<table style='\" + table_style + \"'>\";\nfor (let th = 0; th < row1.length; th++) {\n    html_table += \"<th style='\" + th_style + \"'>\" + row1[th] + '</th>';\n}\nhtml_table += '</tr>';\nfor (let jrow = firstRow; jrow < rows.length; jrow++) {\n    let fields = rows[jrow].split(\",\");\n    html_table += '<tr>';\n    for (let jcol = 0; jcol < fields.length; jcol++) {\n        html_table += \"<td style='\" + td_style + \"'>\" + fields[jcol] + '</td>';\n    }\n    html_table += '</tr>';\n}\nhtml_table += '</table>';\n\nvalue = html_table", "disabled": true}, {"clearOnHide": false, "label": "Columns", "input": false, "tableView": false, "key": "columns", "columns": [{"components": [], "width": 8, "offset": 0, "push": 0, "pull": 0}, {"components": [{"autofocus": false, "input": true, "label": "Cancel", "tableView": false, "key": "submit2", "size": "md", "leftIcon": "", "rightIcon": "", "block": true, "action": "custom", "disableOnInvalid": false, "theme": "info", "type": "button", "tags": [], "conditional": {"show": "", "when": null, "eq": ""}, "properties": {}, "custom": "window.close();"}], "width": 2, "offset": 0, "push": 0, "pull": 0}, {"components": [{"autofocus": false, "input": true, "label": "Save", "tableView": false, "key": "submit", "size": "md", "leftIcon": "", "rightIcon": "", "block": true, "action": "custom", "disableOnInvalid": false, "theme": "success", "type": "button", "tags": [], "conditional": {"show": "", "when": null, "eq": ""}, "properties": {}, "custom": "form.submit();\nwindow.close();"}], "width": 2, "offset": 0, "push": 0, "pull": 0}], "type": "columns", "hideLabel": true, "tags": [], "conditional": {"show": "", "when": null, "eq": ""}, "properties": {}}], "display": "form", "submissionAccess": [{"roles": ["627ddf364022c52b7eb05f0e"], "type": "create_own"}, {"roles": ["627ddf364022c52b7eb05f0e"], "type": "read_own"}, {"roles": ["627ddf364022c52b7eb05f0e"], "type": "update_own"}, {"roles": ["627ddf364022c52b7eb05f0e"], "type": "delete_own"}], "title": "Tables", "name": "tables", "path": "tables", "access": [{"roles": ["627ddf364022c583b1b05f0d", "627ddf364022c52b7eb05f0e", "627ddf364022c5eb1bb05f0f"], "type": "read_all"}], "created": "2022-07-07T00:14:30.747Z", "modified": "2022-08-12T06:08:55.391Z", "machineName": "tables.0.3.0"}