{"_id": "62f5cc9954d20a5054e4bff9", "type": "resource", "tags": ["common", "clone-form", "clone-submissions"], "owner": "627ddf364022c591c1b05f1b", "components": [{"clearOnHide": false, "key": "panel2", "input": false, "title": "Definition", "theme": "default", "tableView": false, "components": [{"clearOnHide": false, "label": "Columns", "input": false, "tableView": false, "key": "columns3", "columns": [{"components": [{"autofocus": false, "input": true, "tableView": true, "inputType": "text", "inputMask": "", "label": "ID", "key": "id", "placeholder": "", "prefix": "", "suffix": "", "multiple": false, "defaultValue": "", "protected": false, "unique": true, "persistent": true, "hidden": false, "clearOnHide": true, "spellcheck": true, "validate": {"required": true, "minLength": "", "maxLength": "", "pattern": "", "custom": "", "customPrivate": false}, "conditional": {"show": "", "when": null, "eq": ""}, "type": "textfield", "labelPosition": "top", "inputFormat": "plain", "tags": [], "properties": {}}, {"autofocus": false, "input": true, "tableView": true, "inputType": "text", "inputMask": "", "label": "Description", "key": "description", "placeholder": "", "prefix": "", "suffix": "", "multiple": false, "defaultValue": "", "protected": false, "unique": false, "persistent": true, "hidden": false, "clearOnHide": true, "spellcheck": true, "validate": {"required": true, "minLength": "", "maxLength": "", "pattern": "", "custom": "", "customPrivate": false}, "conditional": {"show": "", "when": null, "eq": ""}, "type": "textfield", "labelPosition": "top", "inputFormat": "plain", "tags": [], "properties": {}}, {"autofocus": false, "input": true, "label": "Show Built Content", "tableView": false, "key": "columns3ShowBuiltContent", "size": "md", "leftIcon": "", "rightIcon": "", "block": false, "action": "custom", "disableOnInvalid": false, "theme": "primary", "type": "button", "tags": [], "conditional": {"show": "true", "when": "showBuiltContent", "eq": "false"}, "properties": {}, "custom": "data.showBuiltContent = true;"}, {"autofocus": false, "input": true, "label": "Hide Built Content", "tableView": false, "key": "columns3ShowBuiltContent2", "size": "md", "leftIcon": "", "rightIcon": "", "block": false, "action": "custom", "disableOnInvalid": false, "theme": "primary", "type": "button", "tags": [], "conditional": {"show": "false", "when": "showBuiltContent", "eq": "false"}, "properties": {}, "custom": "data.showBuiltContent = false;"}], "width": 6, "offset": 0, "push": 0, "pull": 0}, {"components": [{"autofocus": false, "input": true, "tableView": true, "inputType": "text", "inputMask": "", "label": "Title for Window and View", "key": "title", "placeholder": "", "prefix": "", "suffix": "", "multiple": false, "defaultValue": "", "protected": false, "unique": false, "persistent": true, "hidden": false, "clearOnHide": false, "spellcheck": false, "validate": {"required": true, "minLength": "", "maxLength": "", "pattern": "", "custom": "", "customPrivate": false}, "conditional": {"show": "", "when": null, "eq": ""}, "type": "textfield", "labelPosition": "top", "inputFormat": "plain", "tags": [], "properties": {}, "lockKey": true}, {"autofocus": false, "input": true, "tableView": true, "label": "Primary Form", "key": "primaryForm", "placeholder": "", "data": {"values": [{"value": "", "label": ""}], "json": "", "url": "../../../../form/app-forms/submission", "resource": "6281b9e5354a3cd6d82c58c5", "custom": "", "headers": [{"value": "", "key": ""}]}, "dataSrc": "url", "valueProperty": "data.id", "defaultValue": "", "refreshOn": "", "filter": "", "authenticate": false, "template": "<span>{{ item.data.id }} - {{ item.data.description }}</span>", "multiple": false, "protected": false, "unique": false, "persistent": true, "hidden": false, "clearOnHide": false, "validate": {"required": true}, "type": "select", "labelPosition": "top", "tags": [], "conditional": {"show": "", "when": null, "eq": ""}, "properties": {}, "searchField": "data.id__regex", "selectFields": "data", "labelWidth": 30, "labelMargin": 3}, {"autofocus": false, "input": true, "inputType": "checkbox", "tableView": false, "label": "Include Add New link?", "dataGridLabel": false, "key": "add_new", "defaultValue": false, "protected": false, "persistent": true, "hidden": false, "name": "", "value": "", "clearOnHide": false, "validate": {"required": false}, "type": "checkbox", "labelPosition": "right", "tags": [], "conditional": {"show": "", "when": null, "eq": ""}, "properties": {}, "lockKey": true, "hideLabel": false}], "width": 6, "offset": 0, "push": 0, "pull": 0}], "type": "columns", "tags": [], "conditional": {"show": "", "when": null, "eq": ""}, "properties": {}, "hideLabel": true}, {"clearOnHide": false, "label": "Version Management", "input": false, "tableView": false, "key": "panel2VersionManagement", "columns": [{"components": [{"autofocus": false, "input": true, "tableView": false, "inputType": "text", "inputMask": "", "label": "Version", "key": "_version", "placeholder": "", "prefix": "", "suffix": "", "multiple": false, "defaultValue": "", "protected": false, "unique": false, "persistent": true, "hidden": true, "clearOnHide": false, "spellcheck": false, "validate": {"required": false, "minLength": "", "maxLength": "", "pattern": "", "custom": "", "customPrivate": false}, "conditional": {"show": "", "when": null, "eq": ""}, "type": "textfield", "labelPosition": "top", "inputFormat": "plain", "tags": [], "properties": {}, "lockKey": true}], "width": 6, "offset": 0, "push": 0, "pull": 0}, {"components": [{"autofocus": false, "input": true, "tableView": false, "inputType": "text", "inputMask": "", "label": "Form Version", "key": "_form_version", "placeholder": "", "prefix": "", "suffix": "", "multiple": false, "defaultValue": "", "protected": false, "unique": false, "persistent": true, "hidden": true, "clearOnHide": false, "spellcheck": false, "validate": {"required": false, "minLength": "", "maxLength": "", "pattern": "", "custom": "", "customPrivate": false}, "conditional": {"show": "", "when": null, "eq": ""}, "type": "textfield", "labelPosition": "top", "inputFormat": "plain", "tags": [], "properties": {}, "lockKey": true}, {"autofocus": false, "input": true, "tableView": false, "inputType": "text", "inputMask": "", "label": "Show Built Content", "key": "showBuiltContent", "placeholder": "", "prefix": "", "suffix": "", "multiple": false, "defaultValue": "false", "protected": false, "unique": false, "persistent": false, "hidden": true, "clearOnHide": false, "spellcheck": false, "validate": {"required": false, "minLength": "", "maxLength": "", "pattern": "", "custom": "", "customPrivate": false}, "conditional": {"show": "", "when": null, "eq": ""}, "type": "textfield", "labelPosition": "top", "inputFormat": "plain", "tags": [], "properties": {}, "lockKey": true}], "width": 6, "offset": 0, "push": 0, "pull": 0}], "type": "columns", "hideLabel": false, "tags": [], "conditional": {"show": "", "when": null, "eq": ""}, "properties": {}}], "type": "panel", "breadcrumb": "default", "hideLabel": false, "tags": [], "conditional": {"show": "", "when": null, "eq": ""}, "properties": {}}, {"clearOnHide": false, "key": "panel", "input": false, "title": "View Column Definitions", "theme": "default", "tableView": false, "components": [{"autofocus": false, "input": true, "tree": true, "components": [{"autofocus": false, "input": true, "tableView": false, "inputType": "text", "inputMask": "", "label": "Label", "key": "label", "placeholder": "", "prefix": "", "suffix": "", "multiple": false, "defaultValue": "", "protected": false, "unique": false, "persistent": true, "hidden": false, "clearOnHide": false, "spellcheck": false, "validate": {"required": false, "minLength": "", "maxLength": "", "pattern": "", "custom": "", "customPrivate": false}, "conditional": {"show": "", "when": null, "eq": ""}, "type": "textfield", "inDataGrid": true, "labelPosition": "top", "inputFormat": "plain", "tags": [], "properties": {}, "tooltip": "This is the label which will appear at the top of the column in the browse", "lockKey": true}, {"autofocus": false, "input": true, "tableView": true, "inputType": "text", "inputMask": "", "label": "Submission Field", "key": "submission_field", "placeholder": "", "prefix": "", "suffix": "", "multiple": false, "defaultValue": "", "protected": false, "unique": false, "persistent": true, "hidden": false, "clearOnHide": true, "spellcheck": true, "validate": {"required": false, "minLength": "", "maxLength": "", "pattern": "", "custom": "", "customPrivate": false}, "conditional": {"show": "", "when": null, "eq": ""}, "type": "textfield", "inDataGrid": true, "labelPosition": "top", "inputFormat": "plain", "tags": [], "properties": {}, "lockKey": true}, {"autofocus": false, "input": true, "tableView": false, "label": "Data Type", "key": "data_type", "placeholder": "", "data": {"values": [{"value": "text", "label": "Text"}, {"value": "integer", "label": "Integer"}, {"value": "number", "label": "Number"}, {"value": "date", "label": "Date"}, {"value": "dateTime", "label": "Date/Time"}, {"value": "appLink", "label": "App Link"}, {"value": "browseLink", "label": "Browse Link"}, {"value": "refLink", "label": "Ref Link"}, {"value": "imageLink", "label": "ImageLink"}, {"value": "popUp", "label": "Pop-Up"}], "json": "", "url": "", "resource": "", "custom": ""}, "dataSrc": "values", "valueProperty": "", "defaultValue": "", "refreshOn": "", "filter": "", "authenticate": false, "template": "<span>{{ item.label }}</span>", "multiple": false, "protected": false, "unique": false, "persistent": true, "hidden": false, "clearOnHide": false, "validate": {"required": false}, "type": "select", "inDataGrid": true, "labelPosition": "top", "tags": [], "conditional": {"show": "", "when": null, "eq": ""}, "properties": {}, "lockKey": true}, {"autofocus": false, "input": true, "tableView": false, "inputType": "text", "inputMask": "", "label": "Format", "key": "format", "placeholder": "", "prefix": "", "suffix": "", "multiple": false, "defaultValue": "", "protected": false, "unique": false, "persistent": true, "hidden": false, "clearOnHide": false, "spellcheck": false, "validate": {"required": false, "minLength": "", "maxLength": "", "pattern": "", "custom": "", "customPrivate": false}, "conditional": {"show": "", "when": null, "eq": ""}, "type": "textfield", "inDataGrid": true, "labelPosition": "top", "inputFormat": "plain", "tags": [], "properties": {}, "lockKey": true}, {"autofocus": false, "input": true, "tableView": false, "label": "Pre-sort Option", "key": "sort", "placeholder": "", "data": {"values": [{"value": "none", "label": "none"}, {"value": "asc", "label": "Ascending"}, {"value": "desc", "label": "Descending"}], "json": "", "url": "", "resource": "", "custom": ""}, "dataSrc": "values", "valueProperty": "", "defaultValue": "none", "refreshOn": "", "filter": "", "authenticate": false, "template": "<span>{{ item.label }}</span>", "multiple": false, "protected": false, "unique": false, "persistent": true, "hidden": false, "clearOnHide": false, "validate": {"required": false}, "type": "select", "inDataGrid": true, "labelPosition": "top", "tags": [], "conditional": {"show": "", "when": null, "eq": ""}, "properties": {}, "lockKey": true}], "tableView": false, "label": "Columns", "key": "columns", "protected": false, "persistent": true, "hidden": false, "clearOnHide": false, "type": "datagrid", "addAnotherPosition": "bottom", "tags": [], "conditional": {"show": "", "when": null, "eq": ""}, "properties": {}, "hideLabel": true, "lockKey": true, "addAnother": "Add Column"}], "type": "panel", "breadcrumb": "default", "hideLabel": false, "tags": [], "conditional": {"show": "", "when": null, "eq": ""}, "properties": {}}, {"clearOnHide": false, "key": "panel3", "input": false, "title": "Built Content", "theme": "default", "tableView": false, "components": [{"autofocus": false, "input": true, "tableView": false, "label": "View Labels", "key": "browseLabels", "placeholder": "", "prefix": "", "suffix": "", "rows": 3, "multiple": false, "defaultValue": "", "protected": false, "persistent": true, "hidden": false, "wysiwyg": false, "clearOnHide": false, "spellcheck": false, "validate": {"required": false, "minLength": "", "maxLength": "", "pattern": "", "custom": ""}, "type": "textarea", "labelPosition": "top", "inputFormat": "plain", "tags": [], "conditional": {"show": "", "when": null, "eq": ""}, "properties": {}, "lockKey": true, "calculateValue": "let labels = '';\nfor (let c of data.columns) {\n    labels += '<th>' + c.label + '</th>';\n}\nvalue = labels;\n"}, {"autofocus": false, "input": true, "tableView": false, "label": "DataTable script", "key": "dataTableScript", "placeholder": "", "prefix": "", "suffix": "", "rows": 10, "multiple": false, "defaultValue": "", "protected": false, "persistent": true, "hidden": false, "wysiwyg": false, "clearOnHide": false, "spellcheck": false, "validate": {"required": false, "minLength": "", "maxLength": "", "pattern": "", "custom": ""}, "type": "textarea", "labelPosition": "top", "inputFormat": "plain", "tags": [], "conditional": {"show": "", "when": null, "eq": ""}, "properties": {}, "lockKey": true, "calculateValue": "// Reedit\nlet column_data = '';\nlet field_list = '';\nlet format_list = '';\nlet sort_list = '';\nlet counter = 0;\n\nfor (let c of data.columns) {\n    if (counter > 0) {\n        field_list = field_list + ',';\n        format_list = format_list + ',';\n        column_data = column_data + ',\\n';\n        sort_list = sort_list + ',';\n    }\n    field_list = field_list + c.submission_field;\n    format_list = format_list + c.format;\n    sort_list = sort_list + c.sort;\n    let fn = '';\n    if (c.data_type === 'appLink') {\n        fn = `\"fnCreatedCell\": function (nTd, sData, oData, iRow, iCol) { \\$(nTd).html(\"<a href=\\'javascript:appLink(\\`\"+oData.${c.submission_field}+\"\\`)\\'>\"+oData.${c.submission_field}+\"</a>\");}}`;\n        column_data = column_data + \"{ \\\"data\\\": \\\"\" + c.submission_field + \"\\\",\" + fn;\n    } else if (c.data_type === 'refLink') {\n        fn = `\"fnCreatedCell\": function (nTd, sData, oData, iRow, iCol) { \\$(nTd).html(\"<a href=\\'javascript:refLink(\\`\"+oData.${c.submission_field}+\"\\`)\\'>\"+oData.${c.submission_field}+\"</a>\");}}`;\n        column_data = column_data + \"{ \\\"data\\\": \\\"\" + c.submission_field + \"\\\",\" + fn;\n    } else if (c.data_type === 'imageLink') {\n        fn = `\"fnCreatedCell\": function (nTd, sData, oData, iRow, iCol) { \\$(nTd).html(\"<a href=\\'javascript:refLink(\\`\"+oData.${c.submission_field}+\"\\`)\\'><img src=\\'../static/google_map.png\\'></a>\");}}`;\n        column_data = column_data + \"{ \\\"data\\\": \\\"\" + c.submission_field + \"\\\",\" + fn;\n    } else if (c.data_type === 'browseLink') {\n        fn = `\"fnCreatedCell\": function (nTd, sData, oData, iRow, iCol) { \\$(nTd).html(\"<a href=\\'javascript:NewBrowse(\\`\"+oData.${c.submission_field}+\"\\`)\\'>\"+oData.${c.submission_field}+\"</a>\");}}`;\n        column_data = column_data + \"{ \\\"data\\\": \\\"\" + c.submission_field + \"\\\",\" + fn;\n    } else if (c.data_type === 'popUp') {\n        let html = `<div class='popup_main'><button class='open_popup'>Details</button><div class='popup_body'><div class='popup_back'></div><div class='popup_contain'><div class='popup_close'>x</div><div style='overflow-y: scroll; height:400px;'>\"+oData.${c.submission_field}+\"</div></div></div>`;\n        fn = `\"fnCreatedCell\": function (nTd, sData, oData, iRow, iCol) { \\$(nTd).html(\"` + html + `\");}}`;\n        column_data = column_data + \"{ \\\"data\\\": \\\"\" + c.submission_field + \"\\\",\" + fn;\n    } else {\n        column_data = column_data + \"{ \\\"data\\\": \\\"\" + c.submission_field + \"\\\" }\";\n    }\n    counter = counter + 1\n}\nlet script = \n    '$(document).ready( function () { \\n \\\n        $(\\'#server\\').DataTable({ \\n \\\n            processing: true, \\n \\\n            serverSide: true, \\n \\\n            ajax: \\'../get_submissions_paged?path=' + data.primaryForm + '&fields=' + field_list + '&formats=' + format_list + '&sorts=' + sort_list  + '\\',\\n \\\n            columns: [ \\n ' + column_data + '\\n \\\n            ]\\n \\\n        }) \\n \\\n    });\\n';\n\nvalue = script;\n"}], "type": "panel", "breadcrumb": "default", "hideLabel": false, "tags": [], "conditional": {"show": "true", "when": "showBuiltContent", "eq": "true"}, "properties": {}}, {"clearOnHide": false, "label": "Columns", "input": false, "tableView": false, "key": "columns2", "columns": [{"components": [], "width": 8, "offset": 0, "push": 0, "pull": 0}, {"components": [{"autofocus": false, "input": true, "label": "Cancel", "tableView": false, "key": "submit2", "size": "md", "leftIcon": "", "rightIcon": "", "block": true, "action": "custom", "disableOnInvalid": false, "theme": "info", "type": "button", "tags": [], "conditional": {"show": "", "when": null, "eq": ""}, "properties": {}, "custom": "window.close();"}], "width": 2, "offset": 0, "push": 0, "pull": 0}, {"components": [{"autofocus": false, "input": true, "label": "Save", "tableView": false, "key": "submit", "size": "md", "leftIcon": "", "rightIcon": "", "block": true, "action": "custom", "disableOnInvalid": false, "theme": "success", "type": "button", "tags": [], "conditional": {"show": "", "when": null, "eq": ""}, "properties": {}, "custom": "form.submit();\nwindow.close();"}], "width": 2, "offset": 0, "push": 0, "pull": 0}], "type": "columns", "hideLabel": true, "tags": [], "conditional": {"show": "", "when": null, "eq": ""}, "properties": {}}], "display": "form", "submissionAccess": [{"roles": ["627ddf364022c52b7eb05f0e"], "type": "create_own"}, {"roles": ["627ddf364022c52b7eb05f0e"], "type": "read_own"}, {"roles": ["627ddf364022c52b7eb05f0e"], "type": "update_own"}, {"roles": ["627ddf364022c52b7eb05f0e"], "type": "delete_own"}], "title": "View Submissions", "name": "viewSubmissions", "path": "view", "access": [{"roles": ["627ddf364022c583b1b05f0d", "627ddf364022c52b7eb05f0e", "627ddf364022c5eb1bb05f0f"], "type": "read_all"}], "created": "2022-07-12T01:01:20.987Z", "modified": "2022-08-12T06:08:33.678Z", "machineName": "view.0.5.0"}