{"_id": "62fc635faab2d3356bf32970", "owner": "62f5cc7454d20ad88be4bfc3", "roles": [], "data": {"id": "terry.flander@eloque.com", "description": "Terry Flander", "firstName": "Terry", "lastName": "Flander", "address": "5/21-23 Newlyn Street", "city": "Caufield", "country": {"_id": "62f5ccbb54d20a471de4c076", "access": [], "created": "2022-08-12T03:44:59.146Z", "data": {"description": "Australia", "id": "AU", "json_table": "{\"json_table\":[{\"label\":\"Australian Capital Territory\",\"value\":\"ACT\"},{\"label\":\"New South Wales\",\"value\":\"NSW\"},{\"label\":\"Northern Territory\",\"value\":\"NT\"},{\"label\":\"Queensland\",\"value\":\"QLD\"},{\"label\":\"South Australia\",\"value\":\"SA\"},{\"label\":\"Tasmania\",\"value\":\"TAS\"},{\"label\":\"Victoria\",\"value\":\"VIC\"},{\"label\":\"Western Australia\",\"value\":\"WA\"}]}", "states": "Australian Capital Territory,ACT\nNew South Wales,NSW\nNorthern Territory,NT\nQueensland,QLD\nSouth Australia,SA\nTasmania,TAS\nVictoria,VIC\nWestern Australia,WA"}, "externalIds": [], "form": "62f5ccbb54d20a1632e4c074", "metadata": {"browserName": "Netscape", "offset": 600, "onLine": true, "origin": "http://192.168.1.5:8000", "pathName": "/designer/edit/reference/country/AU", "referrer": "http://192.168.1.5:8000/designer/tool/reference/country", "timezone": "Australia/Melbourne", "userAgent": "Mozilla/5.0 (Macintosh; Intel Mac OS X 10_15_7) AppleWebKit/537.36 (KHTML, like Gecko) Chrome/102.0.0.0 Safari/537.36"}, "modified": "2022-08-12T06:09:14.630Z", "owner": "627ddf364022c591c1b05f1b", "roles": []}, "state": {"label": "Victoria", "value": "VIC"}, "postcodeZip": "3162", "defaultView": "Assets", "path": "user-profile"}, "access": [], "metadata": {"browserName": "Netscape", "offset": 600, "onLine": true, "origin": "http://192.168.1.3:8000", "pathName": "/app/edit/reference/user-profile/terry.flander@eloque.com", "referrer": "http://192.168.1.3:8000/app/tool/reference/user-profile", "timezone": "Australia/Melbourne", "userAgent": "Mozilla/5.0 (Macintosh; Intel Mac OS X 10_15_7) AppleWebKit/537.36 (KHTML, like Gecko) Chrome/102.0.0.0 Safari/537.36", "selectData": {"defaultView": {"data": {"id": "Assets", "description": "Eloque Assets List"}}}}, "form": "62fc56d1aab2d37376f32963", "externalIds": [], "created": "2022-08-17T03:41:19.513Z", "modified": "2022-08-17T04:23:59.491Z"}