{"_id": "62f5ccac54d20ae1b8e4c02e", "owner": "627ddf364022c591c1b05f1b", "roles": [], "data": {"id": "admin", "templateUse": "html", "description": "Index page for application", "_version": 3, "_form_version": "", "parent_form": "", "application_function": "", "template_content": "{% extends \"dis_header.html\" %}\n{% block content %}\n<style>\n    td {\n        padding-bottom: 1em;\n        padding-right: 1em;\n      }\n</style>\n<h1>Administration Functions</h1>\n<table>\n    <tr><td colspan=2><b>Resources</b></td></tr>\n    <tr><td><button class=\"button wide blue\" onclick=\"NewTab('/designer/tool/reference/fiberlibrary','_admin')\">Fibres</td><td>Table of Fibre definitions to be included in the generated JSON file for engineering.</td></tr>\n    <tr><td><button class=\"button wide blue\" onclick=\"NewTab('/designer/tool/reference/sensor-types','_admin')\">Sensor Types</td><td>Pre-packaged Sensors for inclusion in Mapping: Sensors. Inventory of sensors with vendor, model and connection with link to data sheets</td></tr>\n    <tr><td><button class=\"button wide blue\" onclick=\"NewTab('/designer/tool/reference/sensor-layout','_admin')\">Sensor Layouts</td><td>Location definitions for various components. Will vary from component to component based on possible locations and their specifics on a bridge</td></tr>\n    <tr><td><button class=\"button wide blue\" onclick=\"NewTab('/designer/tool/reference/user','_admin')\">Users</td><td>OPS Portal Users with their Activity Groups.</td></tr>\n    <tr><td><button class=\"button wide blue\" onclick=\"NewTab('/designer/tool/reference/country','_admin')\">Country</td><td>Country and State codes from Company and Asset</td></tr>\n    <tr><td><button class=\"button wide blue\" onclick=\"NewTab('/designer/tool/reference/company','_admin')\">Company</td><td>Asset Owner or responsible party</td></tr>\n    <tr><td><button class=\"button wide blue\" onclick=\"NewTab('/designer/tool/reference/access-roles','_admin')\">Roles</td><td>User Roles to assign access to data by form type and company (asset owner)</td></tr>\n    <tr><td colspan=2><b>Submissions</b></td></tr>\n    <tr><td><button class=\"button wide blue\" onclick=\"NewTab('/designer/tool/tools','_admin')\">Submissions</td><td>All submissions of Bridge Overview, Mapping: Design, DIS As-Design, DIS As-Built</td></tr>\n    <tr><td colspan=2><b>Promotes</b></td></tr>   \n    <tr><td><button class=\"button wide blue\" onclick=\"NewTab('/designer/tool/reference/ops-portal-templates','_admin')\">Templates</td><td>Jinja templates for Website HTML and Transformatons, Exports, Metadata and Reports</td></tr>\n    <tr><td><button class=\"button wide blue\" onclick=\"NewTab('/designer/tool/reference/formio-hosts','_admin')\">Hosts</td><td>Table of Host systems used during promote. Includes configuration for connecting securely to the form.io APIs running at each host.</td></tr>\n    <tr><td><button class=\"button wide blue\" onclick=\"NewTab('/designer/tool/reference/app-forms','_admin')\">Forms</td><td>Table of all Forms in the OPS Portal which are maintained and promoted </td></tr>\n    <tr><td><button class=\"button wide blue\" onclick=\"NewTab('/designer/promote_log','_admin')\">Promote</td><td>Forms and Submissions can be Promoted with versioning or Pulled to local instances for revisions. Major, Minor and Patch numbering (semantic) is supported for Forms.</td></tr>\n</table>\n\n<script>\n    function NewTab(href, target) {\n        window.open(href, target);\n    }\n</script>\n{% endblock %}", "path": "ops-portal-templates"}, "access": [], "metadata": {"timezone": "Australia/Melbourne", "offset": 600, "origin": "http://192.168.1.5:8000", "referrer": "http://192.168.1.5:8000/designer/tool/reference/ops-portal-templates", "browserName": "Netscape", "userAgent": "Mozilla/5.0 (Macintosh; Intel Mac OS X 10_15_7) AppleWebKit/537.36 (KHTML, like Gecko) Chrome/102.0.0.0 Safari/537.36", "pathName": "/designer/edit/reference/ops-portal-templates/**%20New%20**", "onLine": true}, "form": "62f5ccac54d20a014ce4c02c", "externalIds": [], "created": "2022-08-12T03:44:44.896Z", "modified": "2022-08-12T06:08:56.721Z"}