{"_id": "62f5ccad54d20ae4a5e4c030", "owner": "627ddf364022c591c1b05f1b", "roles": [], "data": {"id": "promote_log", "templateUse": "html", "description": "Promote Log List and Link to Promote Dialogue + Details Pop-up", "_version": 2, "_form_version": "", "parent_form": "", "application_function": "", "template_content": "<html>\n  <head>\n     <link rel=\"stylesheet\" href=\"/designer/static/menu.css\">\n     <script type=\"text/javascript\" charset=\"utf8\" src=\"/designer/static/jquery-3.6.0.min.js\"></script>\n     <link rel=\"stylesheet\" type=\"text/css\" href=\"https://cdn.datatables.net/v/dt/dt-1.11.3/datatables.min.css\"/>\n     <script type=\"text/javascript\" src=\"https://cdn.datatables.net/v/dt/dt-1.11.3/datatables.min.js\"></script>\n     <title>Promote Log</title>\n     <style>\n        body{\n            background:#ddd;\n          }\n          .open_popup{\n            background:tomato;\n            border:none;\n            padding:5px 15px;\n            color:#fff;\n          }\n          .popup_body{\n            display:none;\n            position:fixed;\n            top:0;left:0;right:0;bottom:0;\n            -webkit-transition: 300ms;\n              -moz-transition: 300ms;\n              -o-transition: 300ms;\n              -ms-transition: 300ms;\n              transition: 300ms;\n          }\n          .popup_body_show{\n            display:block;\n            -webkit-transition: 300ms;\n              -moz-transition: 300ms;\n              -o-transition: 300ms;\n              -ms-transition: 300ms;\n              transition: 300ms;\n          }\n          .popup_back{\n            background: rgba(0,0,0,0.4);\n            position: fixed;\n            left:0;right:0;top:0;bottom:0;\n          }\n          .popup_contain{\n            position:relative;\n            background:#fff;\n            min-width:300px;\n            max-width:80%;\n            margin:100px auto 50px;\n            min-height:150px;\n            padding: 10px 20px;\n          }\n          .popup_close{\n            background:red;\n            padding:3px 10px 5px;\n            position: absolute;\n            right:-1px;\n            top:-1px;\n            color: #fff;\n            border-radius: 50%;\n          }\n          div.editable {\n            width: 300px;\n            height: 200px;\n            border: 1px solid #ccc;\n            padding: 5px;\n        }\n        </style>\n  </head>\n  <body>\n    <div class=\"home\" id=\"output\" style=\"visibility:hidden\"></div>\n    <b class=\"pageName\">Form Promote Log</b>\n    <a href=\"edit/reference/form-promote-entry/entry-form\" target=\"_blank\">New Promote</a>\n\n    <table id=\"submissions\" class=\"display\">\n    <thead>\n        <tr>\n            <th>Date/Time</th><th>Form</th><th>User</th><th>From Host</th><th>To Host</th><th>Version</th><th>Details</th></tr>\n    </thead>\n    <tbody>\n{% for s in data %}\n    <tr>\n        <td>{{s.promoteDateTime}}</td>\n        <td>{{s.path}}{% if s.key_value %} - {{s.key_value}}{% endif %}</td>\n        <td>{{s.promoteUser}}</td>\n        <td>{{s.promote_from_host}}</td>\n        <td>{{s.promote_to_host}}</td>\n        <td>{{s.version}}</td>\n        <td>\n            <div class=\"popup_main\">\n                <button class=\"open_popup\">Details</button>\n                <div class=\"popup_body\">\n                    <div class=\"popup_back\"></div>\n                    <div class=\"popup_contain\">\n                    <div class=\"popup_close\">x</div>\n                    <div style=\"overflow-y: scroll; height:400px;\">\n                      {{s.description | safe}}\n                    </div>\n                </div>\n            </div>\n        </td>\n    </tr>\n{% endfor %}\n    </tbody>\n    </table>\n  \n    <script>\n      $(document).ready( function () {\n          $('#submissions').DataTable({\n              \"order\": []\n          });\n      } );\n      \n      $(\".open_popup\").click(function () {\n          $(this).parent(\".popup_main\").children(\".popup_body\").addClass(\"popup_body_show\");\n          });\n        $(\".popup_close\").click(function () {\n          $(\".popup_body\").removeClass(\"popup_body_show\");\n          });\n        $(\".popup_back\").click(function () {\n          $(\".popup_body\").removeClass(\"popup_body_show\");\n          });\n      \n    </script>\n  </body>\n</html>\n", "path": "ops-portal-templates"}, "access": [], "metadata": {"timezone": "Australia/Melbourne", "offset": 600, "origin": "http://192.168.1.5:8000", "referrer": "http://192.168.1.5:8000/designer/tool/reference/ops-portal-templates", "browserName": "Netscape", "userAgent": "Mozilla/5.0 (Macintosh; Intel Mac OS X 10_15_7) AppleWebKit/537.36 (KHTML, like Gecko) Chrome/102.0.0.0 Safari/537.36", "pathName": "/designer/edit/reference/ops-portal-templates/**%20New%20**", "onLine": true}, "form": "62f5ccac54d20a014ce4c02c", "externalIds": [], "created": "2022-08-12T03:44:45.107Z", "modified": "2022-08-12T06:08:56.382Z"}