{"_id": "62f5ccae54d20a9900e4c03f", "owner": "627ddf364022c591c1b05f1b", "roles": [], "data": {"promoteUser": "terry.flander@eloque.com", "promote_from_host": "localhost - office", "promote_to_host": "Production", "version": "", "id": "entry-form", "path": "form-promote-entry", "promote_type": "form", "promoteDateTime": null, "description": "Change a label", "direction": "push", "update_version": "patch"}, "access": [], "metadata": {"browserName": "Netscape", "offset": 600, "onLine": true, "origin": "http://localhost:8000", "pathName": "/panel/edit/reference/form-promote-entry/entry-form", "referrer": "http://localhost:8000/panel/promote_log", "selectData": {"direction": {"label": "Push"}, "index_field": {"label": "Resource ID"}, "path": {"data": {"id": "bridge-overview", "description": "Bridge control panel"}}, "promoteUser": {"data": {"email": "terry.flander@eloque.com"}}, "promote_from_host": {"data": {"id": "localhost - office", "description": "Use this host when in office -- Update URL to match allocation"}}, "promote_to_host": {"data": {"id": "Production", "description": "Production Server with Hosted MongoDB"}}, "promote_type": {"label": "Form"}, "update_version": {"label": "Patch"}}, "timezone": "Australia/Melbourne", "userAgent": "Mozilla/5.0 (Macintosh; Intel Mac OS X 10_15_7) AppleWebKit/537.36 (KHTML, like Gecko) Chrome/100.0.4896.75 Safari/537.36"}, "form": "62f5ccae54d20aa69ee4c03d", "externalIds": [], "created": "2022-08-12T03:44:46.933Z", "modified": "2022-08-12T06:08:58.489Z"}