{"_id": "62f5cc9754d20a25ece4bff5", "owner": "627ddf364022c591c1b05f1b", "roles": [], "data": {"eloque_id": "US-WAROC-BR27-112", "bridge_name": "Rock Creek -2", "asset_id": "WADOT_0001", "sharepoint_name": "WSDOT", "structure_id": "27-112", "classification": ["I-A", "I-A", "I-A", "I-A", "I-A", "I-A"], "save-excel": false, "update-metadata": false, "update-json": false, "jinja_template": "", "coordinates_latitude": "47.45305", "coordinates_longitude": "-117.142083", "path": "dis-as-built"}, "access": [], "form": "62f5cc8f54d20a6914e4bfee", "externalIds": [], "created": "2022-08-12T03:44:23.934Z", "modified": "2022-08-12T06:08:26.863Z"}