{"_id": "62f5cc9654d20a3822e4bff3", "owner": "627ddf364022c591c1b05f1b", "roles": [], "data": {"eloque_id": "AU-03WOO-BR7446", "bridge_name": "Woodside", "asset_id": "3WOO_7446", "sharepoint_name": "3WOO-7746", "structure_id": "SN7446", "classification": ["I-B", "I-B", "I-B", "I-B", "I-B", "I-C", "I-C"], "_version": 31, "_form_version": "0", "save-excel": false, "update-metadata": false, "update-json": false, "jinja_template": "v2.1", "display-page": "bridge", "feature_crossed": "Bruthen Creek", "road_name": "McLoughlins Beach Road - xyz -- New", "coordinates_latitude": "-38.55668", "coordinates_longitude": "146.88173", "deck_width": "0", "skew_angle": "14", "down": "G13", "up": "G01", "left": "A01", "right": "A02", "left2right": "To Woodside", "right2left": "To Cherrlong", "lanes": [{"laneType": "shoulder", "lane_direction": "", "lane_id": {}, "lane_width": 0.2, "transverse_coordinates": 0, "transverse_id": "W01"}, {"laneType": "traffic", "lane_direction": "left2right", "lane_id": {"label": "L01", "value": "L01"}, "lane_width": 3.5, "transverse_coordinates": 0.2, "transverse_id": "W02"}, {"laneType": "median", "lane_direction": "", "lane_id": {}, "lane_width": 0, "transverse_coordinates": 3.7, "transverse_id": "W03"}, {"laneType": "traffic", "lane_direction": "right2left", "lane_id": {"label": "L02", "value": "L02"}, "lane_width": 3.5, "transverse_coordinates": 3.7, "transverse_id": "W04"}, {"laneType": "shoulder", "lane_direction": "", "lane_id": {}, "lane_width": 0.2, "transverse_coordinates": 7.2, "transverse_id": "W05"}], "structure": [{"componentId": "S01G01", "componentType": {"label": "S01-Girder", "value": "S01-Girder"}, "superstructureLane": {}}, {"componentId": "S01G02", "componentType": {"label": "S01-Girder", "value": "S01-Girder"}, "superstructureLane": {}}, {"componentId": "S01G03", "componentType": {"label": "S01-Girder", "value": "S01-Girder"}, "superstructureLane": {}}, {"componentId": "S01G04", "componentType": {"label": "S01-Girder", "value": "S01-Girder"}, "superstructureLane": {}}, {"componentId": "S01G05", "componentType": {"label": "S01-Girder", "value": "S01-Girder"}, "superstructureLane": {}}, {"componentId": "S01G06", "componentType": {"label": "S01-Girder", "value": "S01-Girder"}, "superstructureLane": {}}, {"componentId": "S01G07", "componentType": {"label": "S01-Girder", "value": "S01-Girder"}, "superstructureLane": {}}, {"componentId": "S01G08", "componentType": {"label": "S01-Girder", "value": "S01-Girder"}, "superstructureLane": {}}, {"componentId": "S01G09", "componentType": {"label": "S01-Girder", "value": "S01-Girder"}, "superstructureLane": {}}, {"componentId": "S01G10", "componentType": {"label": "S01-Girder", "value": "S01-Girder"}, "superstructureLane": {}}, {"componentId": "S01G11", "componentType": {"label": "S01-Girder", "value": "S01-Girder"}, "superstructureLane": {}}, {"componentId": "S01G12", "componentType": {"label": "S01-Girder", "value": "S01-Girder"}, "superstructureLane": {}}, {"componentId": "S01G13", "componentType": {"label": "S01-Girder", "value": "S01-Girder"}, "superstructureLane": {}}, {"componentId": "S02G01", "componentType": {"label": "S02-Girder", "value": "S02-Girder"}, "superstructureLane": {}}, {"componentId": "S02G02", "componentType": {"label": "S02-Girder", "value": "S02-Girder"}, "superstructureLane": {}}, {"componentId": "S02G03", "componentType": {"label": "S02-Girder", "value": "S02-Girder"}, "superstructureLane": {}}, {"componentId": "S02G04", "componentType": {"label": "S02-Girder", "value": "S02-Girder"}, "superstructureLane": {}}, {"componentId": "S02G05", "componentType": {"label": "S02-Girder", "value": "S02-Girder"}, "superstructureLane": {}}, {"componentId": "S02G06", "componentType": {"label": "S02-Girder", "value": "S02-Girder"}, "superstructureLane": {}}, {"componentId": "S02G07", "componentType": {"label": "S02-Girder", "value": "S02-Girder"}, "superstructureLane": {}}, {"componentId": "S02G08", "componentType": {"label": "S02-Girder", "value": "S02-Girder"}, "superstructureLane": {}}, {"componentId": "S02G09", "componentType": {"label": "S02-Girder", "value": "S02-Girder"}, "superstructureLane": {}}, {"componentId": "S02G10", "componentType": {"label": "S02-Girder", "value": "S02-Girder"}, "superstructureLane": {}}, {"componentId": "S02G11", "componentType": {"label": "S02-Girder", "value": "S02-Girder"}, "superstructureLane": {}}, {"componentId": "S02G12", "componentType": {"label": "S02-Girder", "value": "S02-Girder"}, "superstructureLane": {}}, {"componentId": "S02G13", "componentType": {"label": "S02-Girder", "value": "S02-Girder"}, "superstructureLane": {}}, {"componentId": "S03G01", "componentType": {"label": "S03-Girder", "value": "S03-Girder"}, "superstructureLane": {}}, {"componentId": "S03G02", "componentType": {"label": "S03-Girder", "value": "S03-Girder"}, "superstructureLane": {}}, {"componentId": "S03G03", "componentType": {"label": "S03-Girder", "value": "S03-Girder"}, "superstructureLane": {}}, {"componentId": "S03G04", "componentType": {"label": "S03-Girder", "value": "S03-Girder"}, "superstructureLane": {}}, {"componentId": "S03G05", "componentType": {"label": "S03-Girder", "value": "S03-Girder"}, "superstructureLane": {}}, {"componentId": "S03G06", "componentType": {"label": "S03-Girder", "value": "S03-Girder"}, "superstructureLane": {}}, {"componentId": "S03G07", "componentType": {"label": "S03-Girder", "value": "S03-Girder"}, "superstructureLane": {}}, {"componentId": "S03G08", "componentType": {"label": "S03-Girder", "value": "S03-Girder"}, "superstructureLane": {}}, {"componentId": "S03G09", "componentType": {"label": "S03-Girder", "value": "S03-Girder"}, "superstructureLane": {}}, {"componentId": "S03G10", "componentType": {"label": "S03-Girder", "value": "S03-Girder"}, "superstructureLane": {}}, {"componentId": "S03G11", "componentType": {"label": "S03-Girder", "value": "S03-Girder"}, "superstructureLane": {}}, {"componentId": "S03G12", "componentType": {"label": "S03-Girder", "value": "S03-Girder"}, "superstructureLane": {}}, {"componentId": "S03G13", "componentType": {"label": "S03-Girder", "value": "S03-Girder"}, "superstructureLane": {}}, {"componentId": "S04G01", "componentType": {"label": "S04-Girder", "value": "S04-Girder"}, "superstructureLane": {}}, {"componentId": "S04G02", "componentType": {"label": "S04-Girder", "value": "S04-Girder"}, "superstructureLane": {}}, {"componentId": "S04G03", "componentType": {"label": "S04-Girder", "value": "S04-Girder"}, "superstructureLane": {}}, {"componentId": "S04G04", "componentType": {"label": "S04-Girder", "value": "S04-Girder"}, "superstructureLane": {}}, {"componentId": "S04G05", "componentType": {"label": "S04-Girder", "value": "S04-Girder"}, "superstructureLane": {}}, {"componentId": "S04G06", "componentType": {"label": "S04-Girder", "value": "S04-Girder"}, "superstructureLane": {}}, {"componentId": "S04G07", "componentType": {"label": "S04-Girder", "value": "S04-Girder"}, "superstructureLane": {}}, {"componentId": "S04G08", "componentType": {"label": "S04-Girder", "value": "S04-Girder"}, "superstructureLane": {}}, {"componentId": "S04G09", "componentType": {"label": "S04-Girder", "value": "S04-Girder"}, "superstructureLane": {}}, {"componentId": "S04G10", "componentType": {"label": "S04-Girder", "value": "S04-Girder"}, "superstructureLane": {}}, {"componentId": "S04G11", "componentType": {"label": "S04-Girder", "value": "S04-Girder"}, "superstructureLane": {}}, {"componentId": "S04G12", "componentType": {"label": "S04-Girder", "value": "S04-Girder"}, "superstructureLane": {}}, {"componentId": "S04G13", "componentType": {"label": "S04-Girder", "value": "S04-Girder"}, "superstructureLane": {}}, {"componentId": "P01CR01", "componentType": {"label": "PierCrosshead01", "value": "PierCrosshead01"}, "superstructureLane": {}}, {"componentId": "P01C01", "componentType": {"label": "PierColumn01", "value": "PierColumn01"}, "superstructureLane": {}}, {"componentId": "P01C02", "componentType": {"label": "PierColumn01", "value": "PierColumn01"}, "superstructureLane": {}}, {"componentId": "P02CR01", "componentType": {"label": "PierCrosshead01", "value": "PierCrosshead01"}, "superstructureLane": {}}, {"componentId": "P02C01", "componentType": {"label": "PierColumn01", "value": "PierColumn01"}, "superstructureLane": {}}, {"componentId": "P02C02", "componentType": {"label": "PierColumn01", "value": "PierColumn01"}, "superstructureLane": {}}, {"componentId": "P03CR01", "componentType": {"label": "PierCrosshead01", "value": "PierCrosshead01"}, "superstructureLane": {}}, {"componentId": "P03C01", "componentType": {"label": "PierColumn01", "value": "PierColumn01"}, "superstructureLane": {}}, {"componentId": "P03C02", "componentType": {"label": "PierColumn01", "value": "PierColumn01"}, "superstructureLane": {}}, {"componentId": "A01", "componentType": {"label": "Abutment01", "value": "Abutment01"}, "superstructureLane": {}}, {"componentId": "A02", "componentType": {"label": "Abutment01", "value": "Abutment01"}, "superstructureLane": {}}], "componentTypes": [{"componentType": "S01-Girder", "effective_area": "", "effective_area_moment_of_inertia": "", "effective_shear_modulus": "", "effective_youngs_modulus": "", "flangeWidth1": "", "flangeWidth2": "", "height": 0.508, "length": 10, "structureSubType": "i-b", "structureType": "girder", "weight": "", "width": 0.61}, {"componentType": "S02-Girder", "effective_area": "", "effective_area_moment_of_inertia": "", "effective_shear_modulus": "", "effective_youngs_modulus": "", "flangeWidth1": "", "flangeWidth2": "", "height": 0.508, "length": 10.2, "structureSubType": "i-b", "structureType": "girder", "weight": "", "width": 0.61}, {"componentType": "S03-Girder", "effective_area": "", "effective_area_moment_of_inertia": "", "effective_shear_modulus": "", "effective_youngs_modulus": "", "flangeWidth1": "", "flangeWidth2": "", "height": 0.508, "length": 10.2, "structureSubType": "i-b", "structureType": "girder", "weight": "", "width": 0.61}, {"componentType": "S04-Girder", "effective_area": "", "effective_area_moment_of_inertia": "", "effective_shear_modulus": "", "effective_youngs_modulus": "", "flangeWidth1": "", "flangeWidth2": "", "height": 0.508, "length": 10, "structureSubType": "i-b", "structureType": "girder", "weight": "", "width": 0.61}, {"componentType": "Pier01", "effective_area": "", "effective_area_moment_of_inertia": "", "effective_shear_modulus": "", "effective_youngs_modulus": "", "flangeWidth1": "", "flangeWidth2": "", "height": 0, "length": 0, "structureSubType": "", "structureType": "pier", "weight": "", "width": 0}, {"componentType": "PierColumn01", "effective_area": "", "effective_area_moment_of_inertia": "", "effective_shear_modulus": "", "effective_youngs_modulus": "", "flangeWidth1": "", "flangeWidth2": "", "height": 1.2, "length": 0.355, "structureSubType": "", "structureType": "pierColumn", "weight": "", "width": 0.355}, {"componentType": "PierCrosshead01", "effective_area": "", "effective_area_moment_of_inertia": "", "effective_shear_modulus": "", "effective_youngs_modulus": "", "flangeWidth1": "", "flangeWidth2": "", "height": 0.56, "length": 11.48, "structureSubType": "", "structureType": "pierCrosshead", "weight": "", "width": 0.5}, {"componentType": "Abutment01", "effective_area": "", "effective_area_moment_of_inertia": "", "effective_shear_modulus": "", "effective_youngs_modulus": "", "flangeWidth1": "", "flangeWidth2": "", "height": "", "length": "", "structureSubType": "", "structureType": "abutment", "weight": "", "width": ""}], "F01": [{"angle": "0", "component_id": "S01G05", "fiber": "F01", "fromLeft": "1", "fromRight": "9", "fromTop": "0.508", "note": "first", "sensor": "1", "sensorSpacing": "0", "sensor_type": "strain", "side": "top", "type": "sensor", "x": "1", "y": "0"}, {"angle": "0", "component_id": "S01G05", "fiber": "F01", "fromLeft": "2.0", "fromRight": "8.0", "fromTop": "0.508", "note": "", "sensor": "2", "sensorSpacing": "1.0", "sensor_type": "strain", "side": "top", "type": "sensor", "x": "2.0", "y": "0"}, {"angle": "0", "component_id": "S01G05", "fiber": "F01", "fromLeft": "3.0", "fromRight": "7.0", "fromTop": "0.508", "note": "", "sensor": "3", "sensorSpacing": "1.0", "sensor_type": "strain", "side": "top", "type": "sensor", "x": "3.0", "y": "0"}, {"angle": "0", "component_id": "S01G05", "fiber": "F01", "fromLeft": "4.0", "fromRight": "6.0", "fromTop": "0.508", "note": "", "sensor": "4", "sensorSpacing": "1.0", "sensor_type": "strain", "side": "top", "type": "sensor", "x": "4.0", "y": "0"}, {"angle": "0", "component_id": "S01G05", "fiber": "F01", "fromLeft": "5.0", "fromRight": "5.0", "fromTop": "0.508", "note": "midspan", "sensor": "5", "sensorSpacing": "1.0", "sensor_type": "strain", "side": "top", "type": "sensor", "x": "5.0", "y": "0"}, {"angle": "0", "component_id": "S01G05", "fiber": "F01", "fromLeft": "6.0", "fromRight": "4.0", "fromTop": "0.508", "note": "", "sensor": "6", "sensorSpacing": "1.0", "sensor_type": "strain", "side": "top", "type": "sensor", "x": "6.0", "y": "0"}, {"angle": "0", "component_id": "S01G05", "fiber": "F01", "fromLeft": "7.0", "fromRight": "3.0", "fromTop": "0.508", "note": "", "sensor": "7", "sensorSpacing": "1.0", "sensor_type": "strain", "side": "top", "type": "sensor", "x": "7.0", "y": "0"}, {"angle": "0", "component_id": "S01G05", "fiber": "F01", "fromLeft": "8.0", "fromRight": "2.0", "fromTop": "0.508", "note": "", "sensor": "8", "sensorSpacing": "1.0", "sensor_type": "strain", "side": "top", "type": "sensor", "x": "8.0", "y": "0"}, {"angle": "0", "component_id": "S01G05", "fiber": "F01", "fromLeft": "9.0", "fromRight": "1.0", "fromTop": "0.508", "note": "last", "sensor": "9", "sensorSpacing": "1.0", "sensor_type": "strain", "side": "top", "type": "sensor", "x": "9.0", "y": "0"}, {"angle": "0", "component_id": "S01G04", "fiber": "F01", "fromLeft": "10", "fromRight": "0", "fromTop": "0.508", "note": "first", "sensor": "10", "sensorSpacing": "0", "sensor_type": "strain", "side": "top", "type": "sensor", "x": "10", "y": "0"}, {"angle": "0", "component_id": "S01G04", "fiber": "F01", "fromLeft": "8.5", "fromRight": "1.5", "fromTop": "0.508", "note": "", "sensor": "11", "sensorSpacing": "1.5", "sensor_type": "strain", "side": "top", "type": "sensor", "x": "8.5", "y": "0"}, {"angle": "0", "component_id": "S01G04", "fiber": "F01", "fromLeft": "7.0", "fromRight": "3.0", "fromTop": "0.508", "note": "", "sensor": "12", "sensorSpacing": "1.5", "sensor_type": "strain", "side": "top", "type": "sensor", "x": "7.0", "y": "0"}, {"angle": "0", "component_id": "S01G04", "fiber": "F01", "fromLeft": "5.5", "fromRight": "4.5", "fromTop": "0.508", "note": "", "sensor": "13", "sensorSpacing": "1.5", "sensor_type": "strain", "side": "top", "type": "sensor", "x": "5.5", "y": "0"}, {"angle": "0", "component_id": "S01G04", "fiber": "F01", "fromLeft": "4.0", "fromRight": "6.0", "fromTop": "0.508", "note": "", "sensor": "14", "sensorSpacing": "1.5", "sensor_type": "strain", "side": "top", "type": "sensor", "x": "4.0", "y": "0"}, {"angle": "0", "component_id": "S01G04", "fiber": "F01", "fromLeft": "2.5", "fromRight": "7.5", "fromTop": "0.508", "note": "", "sensor": "15", "sensorSpacing": "1.5", "sensor_type": "strain", "side": "top", "type": "sensor", "x": "2.5", "y": "0"}, {"angle": "0", "component_id": "S01G04", "fiber": "F01", "fromLeft": "1.0", "fromRight": "9.0", "fromTop": "0.508", "note": "last", "sensor": "16", "sensorSpacing": "1.5", "sensor_type": "strain", "side": "top", "type": "sensor", "x": "1.0", "y": "0"}, {"angle": "0", "component_id": "S01G03", "fiber": "F01", "fromLeft": "0", "fromRight": "10", "fromTop": "0.508", "note": "first", "sensor": "17", "sensorSpacing": "0", "sensor_type": "strain", "side": "top", "type": "sensor", "x": "0", "y": "0"}, {"angle": "0", "component_id": "S01G03", "fiber": "F01", "fromLeft": "1.25", "fromRight": "8.75", "fromTop": "0.508", "note": "", "sensor": "18", "sensorSpacing": "1.25", "sensor_type": "strain", "side": "top", "type": "sensor", "x": "1.25", "y": "0"}, {"angle": "0", "component_id": "S01G03", "fiber": "F01", "fromLeft": "2.5", "fromRight": "7.5", "fromTop": "0.508", "note": "", "sensor": "19", "sensorSpacing": "1.25", "sensor_type": "strain", "side": "top", "type": "sensor", "x": "2.5", "y": "0"}, {"angle": "0", "component_id": "S01G03", "fiber": "F01", "fromLeft": "3.75", "fromRight": "6.25", "fromTop": "0.508", "note": "", "sensor": "20", "sensorSpacing": "1.25", "sensor_type": "strain", "side": "top", "type": "sensor", "x": "3.75", "y": "0"}, {"angle": "0", "component_id": "S01G03", "fiber": "F01", "fromLeft": "5.0", "fromRight": "5.0", "fromTop": "0.508", "note": "midspan", "sensor": "21", "sensorSpacing": "1.25", "sensor_type": "strain", "side": "top", "type": "sensor", "x": "5.0", "y": "0"}, {"angle": "0", "component_id": "S01G03", "fiber": "F01", "fromLeft": "6.25", "fromRight": "3.75", "fromTop": "0.508", "note": "", "sensor": "22", "sensorSpacing": "1.25", "sensor_type": "strain", "side": "top", "type": "sensor", "x": "6.25", "y": "0"}, {"angle": "0", "component_id": "S01G03", "fiber": "F01", "fromLeft": "7.5", "fromRight": "2.5", "fromTop": "0.508", "note": "", "sensor": "23", "sensorSpacing": "1.25", "sensor_type": "strain", "side": "top", "type": "sensor", "x": "7.5", "y": "0"}, {"angle": "0", "component_id": "S01G03", "fiber": "F01", "fromLeft": "8.75", "fromRight": "1.25", "fromTop": "0.508", "note": "", "sensor": "24", "sensorSpacing": "1.25", "sensor_type": "strain", "side": "top", "type": "sensor", "x": "8.75", "y": "0"}, {"angle": "0", "component_id": "S01G03", "fiber": "F01", "fromLeft": "10.0", "fromRight": "0.0", "fromTop": "0.508", "note": "last", "sensor": "25", "sensorSpacing": "1.25", "sensor_type": "strain", "side": "top", "type": "sensor", "x": "10.0", "y": "0"}], "F02": [{"angle": "0", "component_id": "S02G05", "fiber": "F02", "fromLeft": "0", "fromRight": "10.2", "fromTop": "0.508", "note": "first", "sensor": "1", "sensorSpacing": "0", "sensor_type": "strain", "side": "top", "type": "sensor", "x": "0", "y": "0"}, {"angle": "0", "component_id": "S02G05", "fiber": "F02", "fromLeft": "1.275", "fromRight": "8.925", "fromTop": "0.508", "note": "", "sensor": "2", "sensorSpacing": "1.275", "sensor_type": "strain", "side": "top", "type": "sensor", "x": "1.275", "y": "0"}, {"angle": "0", "component_id": "S02G05", "fiber": "F02", "fromLeft": "2.55", "fromRight": "7.65", "fromTop": "0.508", "note": "", "sensor": "3", "sensorSpacing": "1.275", "sensor_type": "strain", "side": "top", "type": "sensor", "x": "2.55", "y": "0"}, {"angle": "0", "component_id": "S02G05", "fiber": "F02", "fromLeft": "3.825", "fromRight": "6.375", "fromTop": "0.508", "note": "", "sensor": "4", "sensorSpacing": "1.275", "sensor_type": "strain", "side": "top", "type": "sensor", "x": "3.825", "y": "0"}, {"angle": "0", "component_id": "S02G05", "fiber": "F02", "fromLeft": "5.1", "fromRight": "5.1", "fromTop": "0.508", "note": "midspan", "sensor": "5", "sensorSpacing": "1.275", "sensor_type": "strain", "side": "top", "type": "sensor", "x": "5.1", "y": "0"}, {"angle": "0", "component_id": "S02G05", "fiber": "F02", "fromLeft": "6.375", "fromRight": "3.825", "fromTop": "0.508", "note": "", "sensor": "6", "sensorSpacing": "1.275", "sensor_type": "strain", "side": "top", "type": "sensor", "x": "6.375", "y": "0"}, {"angle": "0", "component_id": "S02G05", "fiber": "F02", "fromLeft": "7.65", "fromRight": "2.55", "fromTop": "0.508", "note": "", "sensor": "7", "sensorSpacing": "1.275", "sensor_type": "strain", "side": "top", "type": "sensor", "x": "7.65", "y": "0"}, {"angle": "0", "component_id": "S02G05", "fiber": "F02", "fromLeft": "8.925", "fromRight": "1.275", "fromTop": "0.508", "note": "", "sensor": "8", "sensorSpacing": "1.275", "sensor_type": "strain", "side": "top", "type": "sensor", "x": "8.925", "y": "0"}, {"angle": "0", "component_id": "S02G05", "fiber": "F02", "fromLeft": "10.2", "fromRight": "0.0", "fromTop": "0.508", "note": "last", "sensor": "9", "sensorSpacing": "1.275", "sensor_type": "strain", "side": "top", "type": "sensor", "x": "10.2", "y": "0"}, {"angle": "0", "component_id": "S02G04", "fiber": "F02", "fromLeft": "10.2", "fromRight": "0.0", "fromTop": "0.508", "note": "first", "sensor": "10", "sensorSpacing": "0.0", "sensor_type": "strain", "side": "top", "type": "sensor", "x": "10.2", "y": "0"}, {"angle": "0", "component_id": "S02G04", "fiber": "F02", "fromLeft": "8.5", "fromRight": "1.7", "fromTop": "0.508", "note": "", "sensor": "11", "sensorSpacing": "1.7", "sensor_type": "strain", "side": "top", "type": "sensor", "x": "8.5", "y": "0"}, {"angle": "0", "component_id": "S02G04", "fiber": "F02", "fromLeft": "6.8", "fromRight": "3.4", "fromTop": "0.508", "note": "", "sensor": "12", "sensorSpacing": "1.7", "sensor_type": "strain", "side": "top", "type": "sensor", "x": "6.8", "y": "0"}, {"angle": "0", "component_id": "S02G04", "fiber": "F02", "fromLeft": "5.1", "fromRight": "5.1", "fromTop": "0.508", "note": "midspan", "sensor": "13", "sensorSpacing": "1.7", "sensor_type": "strain", "side": "top", "type": "sensor", "x": "5.1", "y": "0"}, {"angle": "0", "component_id": "S02G04", "fiber": "F02", "fromLeft": "3.4", "fromRight": "6.8", "fromTop": "0.508", "note": "", "sensor": "14", "sensorSpacing": "1.7", "sensor_type": "strain", "side": "top", "type": "sensor", "x": "3.4", "y": "0"}, {"angle": "0", "component_id": "S02G04", "fiber": "F02", "fromLeft": "1.7", "fromRight": "8.5", "fromTop": "0.508", "note": "", "sensor": "15", "sensorSpacing": "1.7", "sensor_type": "strain", "side": "top", "type": "sensor", "x": "1.7", "y": "0"}, {"angle": "0", "component_id": "S02G04", "fiber": "F02", "fromLeft": "0.0", "fromRight": "10.2", "fromTop": "0.508", "note": "last", "sensor": "16", "sensorSpacing": "1.7", "sensor_type": "strain", "side": "top", "type": "sensor", "x": "0.0", "y": "0"}, {"angle": "0", "component_id": "S02G03", "fiber": "F02", "fromLeft": "0", "fromRight": "10.2", "fromTop": "0.508", "note": "first", "sensor": "17", "sensorSpacing": "0", "sensor_type": "strain", "side": "top", "type": "sensor", "x": "0", "y": "0"}, {"angle": "0", "component_id": "S02G03", "fiber": "F02", "fromLeft": "1.275", "fromRight": "8.925", "fromTop": "0.508", "note": "", "sensor": "18", "sensorSpacing": "1.275", "sensor_type": "strain", "side": "top", "type": "sensor", "x": "1.275", "y": "0"}, {"angle": "0", "component_id": "S02G03", "fiber": "F02", "fromLeft": "2.55", "fromRight": "7.65", "fromTop": "0.508", "note": "", "sensor": "19", "sensorSpacing": "1.275", "sensor_type": "strain", "side": "top", "type": "sensor", "x": "2.55", "y": "0"}, {"angle": "0", "component_id": "S02G03", "fiber": "F02", "fromLeft": "3.825", "fromRight": "6.375", "fromTop": "0.508", "note": "", "sensor": "20", "sensorSpacing": "1.275", "sensor_type": "strain", "side": "top", "type": "sensor", "x": "3.825", "y": "0"}, {"angle": "0", "component_id": "S02G03", "fiber": "F02", "fromLeft": "5.1", "fromRight": "5.1", "fromTop": "0.508", "note": "midspan", "sensor": "21", "sensorSpacing": "1.275", "sensor_type": "strain", "side": "top", "type": "sensor", "x": "5.1", "y": "0"}, {"angle": "0", "component_id": "S02G03", "fiber": "F02", "fromLeft": "6.375", "fromRight": "3.825", "fromTop": "0.508", "note": "", "sensor": "22", "sensorSpacing": "1.275", "sensor_type": "strain", "side": "top", "type": "sensor", "x": "6.375", "y": "0"}, {"angle": "0", "component_id": "S02G03", "fiber": "F02", "fromLeft": "7.65", "fromRight": "2.55", "fromTop": "0.508", "note": "", "sensor": "23", "sensorSpacing": "1.275", "sensor_type": "strain", "side": "top", "type": "sensor", "x": "7.65", "y": "0"}, {"angle": "0", "component_id": "S02G03", "fiber": "F02", "fromLeft": "8.925", "fromRight": "1.275", "fromTop": "0.508", "note": "", "sensor": "24", "sensorSpacing": "1.275", "sensor_type": "strain", "side": "top", "type": "sensor", "x": "8.925", "y": "0"}, {"angle": "0", "component_id": "S02G03", "fiber": "F02", "fromLeft": "10.2", "fromRight": "0.0", "fromTop": "0.508", "note": "last", "sensor": "25", "sensorSpacing": "1.275", "sensor_type": "strain", "side": "top", "type": "sensor", "x": "10.2", "y": "0"}], "F03": [{"angle": "0", "component_id": "S02G09", "fiber": "F03", "fromLeft": "0", "fromRight": "10.2", "fromTop": "0.508", "note": "first", "sensor": "1", "sensorSpacing": "0", "sensor_type": "strain", "side": "top", "type": "sensor", "x": "0", "y": "0"}, {"angle": "0", "component_id": "S02G09", "fiber": "F03", "fromLeft": "1.275", "fromRight": "8.925", "fromTop": "0.508", "note": "", "sensor": "2", "sensorSpacing": "1.275", "sensor_type": "strain", "side": "top", "type": "sensor", "x": "1.275", "y": "0"}, {"angle": "0", "component_id": "S02G09", "fiber": "F03", "fromLeft": "2.55", "fromRight": "7.65", "fromTop": "0.508", "note": "", "sensor": "3", "sensorSpacing": "1.275", "sensor_type": "strain", "side": "top", "type": "sensor", "x": "2.55", "y": "0"}, {"angle": "0", "component_id": "S02G09", "fiber": "F03", "fromLeft": "3.825", "fromRight": "6.375", "fromTop": "0.508", "note": "", "sensor": "4", "sensorSpacing": "1.275", "sensor_type": "strain", "side": "top", "type": "sensor", "x": "3.825", "y": "0"}, {"angle": "0", "component_id": "S02G09", "fiber": "F03", "fromLeft": "5.1", "fromRight": "5.1", "fromTop": "0.508", "note": "midspan", "sensor": "5", "sensorSpacing": "1.275", "sensor_type": "strain", "side": "top", "type": "sensor", "x": "5.1", "y": "0"}, {"angle": "0", "component_id": "S02G09", "fiber": "F03", "fromLeft": "6.375", "fromRight": "3.825", "fromTop": "0.508", "note": "", "sensor": "6", "sensorSpacing": "1.275", "sensor_type": "strain", "side": "top", "type": "sensor", "x": "6.375", "y": "0"}, {"angle": "0", "component_id": "S02G09", "fiber": "F03", "fromLeft": "7.65", "fromRight": "2.55", "fromTop": "0.508", "note": "", "sensor": "7", "sensorSpacing": "1.275", "sensor_type": "strain", "side": "top", "type": "sensor", "x": "7.65", "y": "0"}, {"angle": "0", "component_id": "S02G09", "fiber": "F03", "fromLeft": "8.925", "fromRight": "1.275", "fromTop": "0.508", "note": "", "sensor": "8", "sensorSpacing": "1.275", "sensor_type": "strain", "side": "top", "type": "sensor", "x": "8.925", "y": "0"}, {"angle": "0", "component_id": "S02G09", "fiber": "F03", "fromLeft": "10.2", "fromRight": "0.0", "fromTop": "0.508", "note": "last", "sensor": "9", "sensorSpacing": "1.275", "sensor_type": "strain", "side": "top", "type": "sensor", "x": "10.2", "y": "0"}, {"angle": "0", "component_id": "S02G10", "fiber": "F03", "fromLeft": "10.2", "fromRight": "0.0", "fromTop": "0.508", "note": "first", "sensor": "10", "sensorSpacing": "0.0", "sensor_type": "strain", "side": "top", "type": "sensor", "x": "10.2", "y": "0"}, {"angle": "0", "component_id": "S02G10", "fiber": "F03", "fromLeft": "8.5", "fromRight": "1.7", "fromTop": "0.508", "note": "", "sensor": "11", "sensorSpacing": "1.7", "sensor_type": "strain", "side": "top", "type": "sensor", "x": "8.5", "y": "0"}, {"angle": "0", "component_id": "S02G10", "fiber": "F03", "fromLeft": "6.8", "fromRight": "3.4", "fromTop": "0.508", "note": "", "sensor": "12", "sensorSpacing": "1.7", "sensor_type": "strain", "side": "top", "type": "sensor", "x": "6.8", "y": "0"}, {"angle": "0", "component_id": "S02G10", "fiber": "F03", "fromLeft": "5.1", "fromRight": "5.1", "fromTop": "0.508", "note": "midspan", "sensor": "13", "sensorSpacing": "1.7", "sensor_type": "strain", "side": "top", "type": "sensor", "x": "5.1", "y": "0"}, {"angle": "0", "component_id": "S02G10", "fiber": "F03", "fromLeft": "3.4", "fromRight": "6.8", "fromTop": "0.508", "note": "", "sensor": "14", "sensorSpacing": "1.7", "sensor_type": "strain", "side": "top", "type": "sensor", "x": "3.4", "y": "0"}, {"angle": "0", "component_id": "S02G10", "fiber": "F03", "fromLeft": "1.7", "fromRight": "8.5", "fromTop": "0.508", "note": "", "sensor": "15", "sensorSpacing": "1.7", "sensor_type": "strain", "side": "top", "type": "sensor", "x": "1.7", "y": "0"}, {"angle": "0", "component_id": "S02G10", "fiber": "F03", "fromLeft": "0.0", "fromRight": "10.2", "fromTop": "0.508", "note": "last", "sensor": "16", "sensorSpacing": "1.7", "sensor_type": "strain", "side": "top", "type": "sensor", "x": "0.0", "y": "0"}, {"angle": "0", "component_id": "S02G11", "fiber": "F03", "fromLeft": "0", "fromRight": "10.2", "fromTop": "0.508", "note": "first", "sensor": "17", "sensorSpacing": "0", "sensor_type": "strain", "side": "top", "type": "sensor", "x": "0", "y": "0"}, {"angle": "0", "component_id": "S02G11", "fiber": "F03", "fromLeft": "1.275", "fromRight": "8.925", "fromTop": "0.508", "note": "", "sensor": "18", "sensorSpacing": "1.275", "sensor_type": "strain", "side": "top", "type": "sensor", "x": "1.275", "y": "0"}, {"angle": "0", "component_id": "S02G11", "fiber": "F03", "fromLeft": "2.55", "fromRight": "7.65", "fromTop": "0.508", "note": "", "sensor": "19", "sensorSpacing": "1.275", "sensor_type": "strain", "side": "top", "type": "sensor", "x": "2.55", "y": "0"}, {"angle": "0", "component_id": "S02G11", "fiber": "F03", "fromLeft": "3.825", "fromRight": "6.375", "fromTop": "0.508", "note": "", "sensor": "20", "sensorSpacing": "1.275", "sensor_type": "strain", "side": "top", "type": "sensor", "x": "3.825", "y": "0"}, {"angle": "0", "component_id": "S02G11", "fiber": "F03", "fromLeft": "5.1", "fromRight": "5.1", "fromTop": "0.508", "note": "midspan", "sensor": "21", "sensorSpacing": "1.275", "sensor_type": "strain", "side": "top", "type": "sensor", "x": "5.1", "y": "0"}, {"angle": "0", "component_id": "S02G11", "fiber": "F03", "fromLeft": "6.375", "fromRight": "3.825", "fromTop": "0.508", "note": "", "sensor": "22", "sensorSpacing": "1.275", "sensor_type": "strain", "side": "top", "type": "sensor", "x": "6.375", "y": "0"}, {"angle": "0", "component_id": "S02G11", "fiber": "F03", "fromLeft": "7.65", "fromRight": "2.55", "fromTop": "0.508", "note": "", "sensor": "23", "sensorSpacing": "1.275", "sensor_type": "strain", "side": "top", "type": "sensor", "x": "7.65", "y": "0"}, {"angle": "0", "component_id": "S02G11", "fiber": "F03", "fromLeft": "8.925", "fromRight": "1.275", "fromTop": "0.508", "note": "", "sensor": "24", "sensorSpacing": "1.275", "sensor_type": "strain", "side": "top", "type": "sensor", "x": "8.925", "y": "0"}, {"angle": "0", "component_id": "S02G11", "fiber": "F03", "fromLeft": "10.2", "fromRight": "0.0", "fromTop": "0.508", "note": "last", "sensor": "25", "sensorSpacing": "1.275", "sensor_type": "strain", "side": "top", "type": "sensor", "x": "10.2", "y": "0"}], "F04": [{"angle": "0", "component_id": "S03G05", "fiber": "F04", "fromLeft": "0", "fromRight": "10.2", "fromTop": "0.508", "note": "first", "sensor": "1", "sensorSpacing": "0", "sensor_type": "strain", "side": "top", "type": "sensor", "x": "0", "y": "0"}, {"angle": "0", "component_id": "S03G05", "fiber": "F04", "fromLeft": "1.275", "fromRight": "8.925", "fromTop": "0.508", "note": "", "sensor": "2", "sensorSpacing": "1.275", "sensor_type": "strain", "side": "top", "type": "sensor", "x": "1.275", "y": "0"}, {"angle": "0", "component_id": "S03G05", "fiber": "F04", "fromLeft": "2.55", "fromRight": "7.65", "fromTop": "0.508", "note": "", "sensor": "3", "sensorSpacing": "1.275", "sensor_type": "strain", "side": "top", "type": "sensor", "x": "2.55", "y": "0"}, {"angle": "0", "component_id": "S03G05", "fiber": "F04", "fromLeft": "3.825", "fromRight": "6.375", "fromTop": "0.508", "note": "", "sensor": "4", "sensorSpacing": "1.275", "sensor_type": "strain", "side": "top", "type": "sensor", "x": "3.825", "y": "0"}, {"angle": "0", "component_id": "S03G05", "fiber": "F04", "fromLeft": "5.1", "fromRight": "5.1", "fromTop": "0.508", "note": "midspan", "sensor": "5", "sensorSpacing": "1.275", "sensor_type": "strain", "side": "top", "type": "sensor", "x": "5.1", "y": "0"}, {"angle": "0", "component_id": "S03G05", "fiber": "F04", "fromLeft": "6.375", "fromRight": "3.825", "fromTop": "0.508", "note": "", "sensor": "6", "sensorSpacing": "1.275", "sensor_type": "strain", "side": "top", "type": "sensor", "x": "6.375", "y": "0"}, {"angle": "0", "component_id": "S03G05", "fiber": "F04", "fromLeft": "7.65", "fromRight": "2.55", "fromTop": "0.508", "note": "", "sensor": "7", "sensorSpacing": "1.275", "sensor_type": "strain", "side": "top", "type": "sensor", "x": "7.65", "y": "0"}, {"angle": "0", "component_id": "S03G05", "fiber": "F04", "fromLeft": "8.925", "fromRight": "1.275", "fromTop": "0.508", "note": "", "sensor": "8", "sensorSpacing": "1.275", "sensor_type": "strain", "side": "top", "type": "sensor", "x": "8.925", "y": "0"}, {"angle": "0", "component_id": "S03G05", "fiber": "F04", "fromLeft": "10.2", "fromRight": "0.0", "fromTop": "0.508", "note": "last", "sensor": "9", "sensorSpacing": "1.275", "sensor_type": "strain", "side": "top", "type": "sensor", "x": "10.2", "y": "0"}, {"angle": "0", "component_id": "S03G04", "fiber": "F04", "fromLeft": "10.2", "fromRight": "0.0", "fromTop": "0.508", "note": "first", "sensor": "10", "sensorSpacing": "0.0", "sensor_type": "strain", "side": "top", "type": "sensor", "x": "10.2", "y": "0"}, {"angle": "0", "component_id": "S03G04", "fiber": "F04", "fromLeft": "8.5", "fromRight": "1.7", "fromTop": "0.508", "note": "", "sensor": "11", "sensorSpacing": "1.7", "sensor_type": "strain", "side": "top", "type": "sensor", "x": "8.5", "y": "0"}, {"angle": "0", "component_id": "S03G04", "fiber": "F04", "fromLeft": "6.8", "fromRight": "3.4", "fromTop": "0.508", "note": "", "sensor": "12", "sensorSpacing": "1.7", "sensor_type": "strain", "side": "top", "type": "sensor", "x": "6.8", "y": "0"}, {"angle": "0", "component_id": "S03G04", "fiber": "F04", "fromLeft": "5.1", "fromRight": "5.1", "fromTop": "0.508", "note": "midspan", "sensor": "13", "sensorSpacing": "1.7", "sensor_type": "strain", "side": "top", "type": "sensor", "x": "5.1", "y": "0"}, {"angle": "0", "component_id": "S03G04", "fiber": "F04", "fromLeft": "3.4", "fromRight": "6.8", "fromTop": "0.508", "note": "", "sensor": "14", "sensorSpacing": "1.7", "sensor_type": "strain", "side": "top", "type": "sensor", "x": "3.4", "y": "0"}, {"angle": "0", "component_id": "S03G04", "fiber": "F04", "fromLeft": "1.7", "fromRight": "8.5", "fromTop": "0.508", "note": "", "sensor": "15", "sensorSpacing": "1.7", "sensor_type": "strain", "side": "top", "type": "sensor", "x": "1.7", "y": "0"}, {"angle": "0", "component_id": "S03G04", "fiber": "F04", "fromLeft": "0.0", "fromRight": "10.2", "fromTop": "0.508", "note": "last", "sensor": "16", "sensorSpacing": "1.7", "sensor_type": "strain", "side": "top", "type": "sensor", "x": "0.0", "y": "0"}, {"angle": "0", "component_id": "S03G03", "fiber": "F04", "fromLeft": "0", "fromRight": "10.2", "fromTop": "0.508", "note": "first", "sensor": "17", "sensorSpacing": "0", "sensor_type": "strain", "side": "top", "type": "sensor", "x": "0", "y": "0"}, {"angle": "0", "component_id": "S03G03", "fiber": "F04", "fromLeft": "1.275", "fromRight": "8.925", "fromTop": "0.508", "note": "", "sensor": "18", "sensorSpacing": "1.275", "sensor_type": "strain", "side": "top", "type": "sensor", "x": "1.275", "y": "0"}, {"angle": "0", "component_id": "S03G03", "fiber": "F04", "fromLeft": "2.55", "fromRight": "7.65", "fromTop": "0.508", "note": "", "sensor": "19", "sensorSpacing": "1.275", "sensor_type": "strain", "side": "top", "type": "sensor", "x": "2.55", "y": "0"}, {"angle": "0", "component_id": "S03G03", "fiber": "F04", "fromLeft": "3.825", "fromRight": "6.375", "fromTop": "0.508", "note": "", "sensor": "20", "sensorSpacing": "1.275", "sensor_type": "strain", "side": "top", "type": "sensor", "x": "3.825", "y": "0"}, {"angle": "0", "component_id": "S03G03", "fiber": "F04", "fromLeft": "5.1", "fromRight": "5.1", "fromTop": "0.508", "note": "midspan", "sensor": "21", "sensorSpacing": "1.275", "sensor_type": "strain", "side": "top", "type": "sensor", "x": "5.1", "y": "0"}, {"angle": "0", "component_id": "S03G03", "fiber": "F04", "fromLeft": "6.375", "fromRight": "3.825", "fromTop": "0.508", "note": "", "sensor": "22", "sensorSpacing": "1.275", "sensor_type": "strain", "side": "top", "type": "sensor", "x": "6.375", "y": "0"}, {"angle": "0", "component_id": "S03G03", "fiber": "F04", "fromLeft": "7.65", "fromRight": "2.55", "fromTop": "0.508", "note": "", "sensor": "23", "sensorSpacing": "1.275", "sensor_type": "strain", "side": "top", "type": "sensor", "x": "7.65", "y": "0"}, {"angle": "0", "component_id": "S03G03", "fiber": "F04", "fromLeft": "8.925", "fromRight": "1.275", "fromTop": "0.508", "note": "", "sensor": "24", "sensorSpacing": "1.275", "sensor_type": "strain", "side": "top", "type": "sensor", "x": "8.925", "y": "0"}, {"angle": "0", "component_id": "S03G03", "fiber": "F04", "fromLeft": "10.2", "fromRight": "0.0", "fromTop": "0.508", "note": "last", "sensor": "25", "sensorSpacing": "1.275", "sensor_type": "strain", "side": "top", "type": "sensor", "x": "10.2", "y": "0"}], "F05": [{"angle": "0", "component_id": "S03G07", "fiber": "F05", "fromLeft": "0", "fromRight": "10.2", "fromTop": "0.508", "note": "first", "sensor": "1", "sensorSpacing": "0", "sensor_type": "strain", "side": "top", "type": "sensor", "x": "0", "y": "0"}, {"angle": "0", "component_id": "S03G07", "fiber": "F05", "fromLeft": "1.275", "fromRight": "8.925", "fromTop": "0.508", "note": "", "sensor": "2", "sensorSpacing": "1.275", "sensor_type": "strain", "side": "top", "type": "sensor", "x": "1.275", "y": "0"}, {"angle": "0", "component_id": "S03G07", "fiber": "F05", "fromLeft": "2.55", "fromRight": "7.65", "fromTop": "0.508", "note": "", "sensor": "3", "sensorSpacing": "1.275", "sensor_type": "strain", "side": "top", "type": "sensor", "x": "2.55", "y": "0"}, {"angle": "0", "component_id": "S03G07", "fiber": "F05", "fromLeft": "3.825", "fromRight": "6.375", "fromTop": "0.508", "note": "", "sensor": "4", "sensorSpacing": "1.275", "sensor_type": "strain", "side": "top", "type": "sensor", "x": "3.825", "y": "0"}, {"angle": "0", "component_id": "S03G07", "fiber": "F05", "fromLeft": "5.1", "fromRight": "5.1", "fromTop": "0.508", "note": "midspan", "sensor": "5", "sensorSpacing": "1.275", "sensor_type": "strain", "side": "top", "type": "sensor", "x": "5.1", "y": "0"}, {"angle": "0", "component_id": "S03G07", "fiber": "F05", "fromLeft": "6.375", "fromRight": "3.825", "fromTop": "0.508", "note": "", "sensor": "6", "sensorSpacing": "1.275", "sensor_type": "strain", "side": "top", "type": "sensor", "x": "6.375", "y": "0"}, {"angle": "0", "component_id": "S03G07", "fiber": "F05", "fromLeft": "7.65", "fromRight": "2.55", "fromTop": "0.508", "note": "", "sensor": "7", "sensorSpacing": "1.275", "sensor_type": "strain", "side": "top", "type": "sensor", "x": "7.65", "y": "0"}, {"angle": "0", "component_id": "S03G07", "fiber": "F05", "fromLeft": "8.925", "fromRight": "1.275", "fromTop": "0.508", "note": "", "sensor": "8", "sensorSpacing": "1.275", "sensor_type": "strain", "side": "top", "type": "sensor", "x": "8.925", "y": "0"}, {"angle": "0", "component_id": "S03G07", "fiber": "F05", "fromLeft": "10.2", "fromRight": "0.0", "fromTop": "0.508", "note": "last", "sensor": "9", "sensorSpacing": "1.275", "sensor_type": "strain", "side": "top", "type": "sensor", "x": "10.2", "y": "0"}, {"angle": "0", "component_id": "S03G08", "fiber": "F05", "fromLeft": "10.2", "fromRight": "0.0", "fromTop": "0.508", "note": "first", "sensor": "10", "sensorSpacing": "0.0", "sensor_type": "strain", "side": "top", "type": "sensor", "x": "10.2", "y": "0"}, {"angle": "0", "component_id": "S03G08", "fiber": "F05", "fromLeft": "8.5", "fromRight": "1.7", "fromTop": "0.508", "note": "", "sensor": "11", "sensorSpacing": "1.7", "sensor_type": "strain", "side": "top", "type": "sensor", "x": "8.5", "y": "0"}, {"angle": "0", "component_id": "S03G08", "fiber": "F05", "fromLeft": "6.8", "fromRight": "3.4", "fromTop": "0.508", "note": "", "sensor": "12", "sensorSpacing": "1.7", "sensor_type": "strain", "side": "top", "type": "sensor", "x": "6.8", "y": "0"}, {"angle": "0", "component_id": "S03G08", "fiber": "F05", "fromLeft": "5.1", "fromRight": "5.1", "fromTop": "0.508", "note": "midspan", "sensor": "13", "sensorSpacing": "1.7", "sensor_type": "strain", "side": "top", "type": "sensor", "x": "5.1", "y": "0"}, {"angle": "0", "component_id": "S03G08", "fiber": "F05", "fromLeft": "3.4", "fromRight": "6.8", "fromTop": "0.508", "note": "", "sensor": "14", "sensorSpacing": "1.7", "sensor_type": "strain", "side": "top", "type": "sensor", "x": "3.4", "y": "0"}, {"angle": "0", "component_id": "S03G08", "fiber": "F05", "fromLeft": "1.7", "fromRight": "8.5", "fromTop": "0.508", "note": "", "sensor": "15", "sensorSpacing": "1.7", "sensor_type": "strain", "side": "top", "type": "sensor", "x": "1.7", "y": "0"}, {"angle": "0", "component_id": "S03G08", "fiber": "F05", "fromLeft": "0.0", "fromRight": "10.2", "fromTop": "0.508", "note": "last", "sensor": "16", "sensorSpacing": "1.7", "sensor_type": "strain", "side": "top", "type": "sensor", "x": "0.0", "y": "0"}, {"angle": "0", "component_id": "S03G09", "fiber": "F05", "fromLeft": "0", "fromRight": "10.2", "fromTop": "0.508", "note": "first", "sensor": "17", "sensorSpacing": "0", "sensor_type": "strain", "side": "top", "type": "sensor", "x": "0", "y": "0"}, {"angle": "0", "component_id": "S03G09", "fiber": "F05", "fromLeft": "1.275", "fromRight": "8.925", "fromTop": "0.508", "note": "", "sensor": "18", "sensorSpacing": "1.275", "sensor_type": "strain", "side": "top", "type": "sensor", "x": "1.275", "y": "0"}, {"angle": "0", "component_id": "S03G09", "fiber": "F05", "fromLeft": "2.55", "fromRight": "7.65", "fromTop": "0.508", "note": "", "sensor": "19", "sensorSpacing": "1.275", "sensor_type": "strain", "side": "top", "type": "sensor", "x": "2.55", "y": "0"}, {"angle": "0", "component_id": "S03G09", "fiber": "F05", "fromLeft": "3.825", "fromRight": "6.375", "fromTop": "0.508", "note": "", "sensor": "20", "sensorSpacing": "1.275", "sensor_type": "strain", "side": "top", "type": "sensor", "x": "3.825", "y": "0"}, {"angle": "0", "component_id": "S03G09", "fiber": "F05", "fromLeft": "5.1", "fromRight": "5.1", "fromTop": "0.508", "note": "midspan", "sensor": "21", "sensorSpacing": "1.275", "sensor_type": "strain", "side": "top", "type": "sensor", "x": "5.1", "y": "0"}, {"angle": "0", "component_id": "S03G09", "fiber": "F05", "fromLeft": "6.375", "fromRight": "3.825", "fromTop": "0.508", "note": "", "sensor": "22", "sensorSpacing": "1.275", "sensor_type": "strain", "side": "top", "type": "sensor", "x": "6.375", "y": "0"}, {"angle": "0", "component_id": "S03G09", "fiber": "F05", "fromLeft": "7.65", "fromRight": "2.55", "fromTop": "0.508", "note": "", "sensor": "23", "sensorSpacing": "1.275", "sensor_type": "strain", "side": "top", "type": "sensor", "x": "7.65", "y": "0"}, {"angle": "0", "component_id": "S03G09", "fiber": "F05", "fromLeft": "8.925", "fromRight": "1.275", "fromTop": "0.508", "note": "", "sensor": "24", "sensorSpacing": "1.275", "sensor_type": "strain", "side": "top", "type": "sensor", "x": "8.925", "y": "0"}, {"angle": "0", "component_id": "S03G09", "fiber": "F05", "fromLeft": "10.2", "fromRight": "0.0", "fromTop": "0.508", "note": "last", "sensor": "25", "sensorSpacing": "1.275", "sensor_type": "strain", "side": "top", "type": "sensor", "x": "10.2", "y": "0"}], "F06": [{"angle": "0", "component_id": "S04G05", "fiber": "F06", "fromLeft": "0", "fromRight": "10", "fromTop": "0.508", "note": "first", "sensor": "1", "sensorSpacing": "0", "sensor_type": "strain", "side": "top", "type": "sensor", "x": "0", "y": "0"}, {"angle": "0", "component_id": "S04G05", "fiber": "F06", "fromLeft": "1.25", "fromRight": "8.75", "fromTop": "0.508", "note": "", "sensor": "2", "sensorSpacing": "1.25", "sensor_type": "strain", "side": "top", "type": "sensor", "x": "1.25", "y": "0"}, {"angle": "0", "component_id": "S04G05", "fiber": "F06", "fromLeft": "2.5", "fromRight": "7.5", "fromTop": "0.508", "note": "", "sensor": "3", "sensorSpacing": "1.25", "sensor_type": "strain", "side": "top", "type": "sensor", "x": "2.5", "y": "0"}, {"angle": "0", "component_id": "S04G05", "fiber": "F06", "fromLeft": "3.75", "fromRight": "6.25", "fromTop": "0.508", "note": "", "sensor": "4", "sensorSpacing": "1.25", "sensor_type": "strain", "side": "top", "type": "sensor", "x": "3.75", "y": "0"}, {"angle": "0", "component_id": "S04G05", "fiber": "F06", "fromLeft": "5.0", "fromRight": "5.0", "fromTop": "0.508", "note": "midspan", "sensor": "5", "sensorSpacing": "1.25", "sensor_type": "strain", "side": "top", "type": "sensor", "x": "5.0", "y": "0"}, {"angle": "0", "component_id": "S04G05", "fiber": "F06", "fromLeft": "6.25", "fromRight": "3.75", "fromTop": "0.508", "note": "", "sensor": "6", "sensorSpacing": "1.25", "sensor_type": "strain", "side": "top", "type": "sensor", "x": "6.25", "y": "0"}, {"angle": "0", "component_id": "S04G05", "fiber": "F06", "fromLeft": "7.5", "fromRight": "2.5", "fromTop": "0.508", "note": "", "sensor": "7", "sensorSpacing": "1.25", "sensor_type": "strain", "side": "top", "type": "sensor", "x": "7.5", "y": "0"}, {"angle": "0", "component_id": "S04G05", "fiber": "F06", "fromLeft": "8.75", "fromRight": "1.25", "fromTop": "0.508", "note": "", "sensor": "8", "sensorSpacing": "1.25", "sensor_type": "strain", "side": "top", "type": "sensor", "x": "8.75", "y": "0"}, {"angle": "0", "component_id": "S04G05", "fiber": "F06", "fromLeft": "10.0", "fromRight": "0.0", "fromTop": "0.508", "note": "last", "sensor": "9", "sensorSpacing": "1.25", "sensor_type": "strain", "side": "top", "type": "sensor", "x": "10.0", "y": "0"}, {"angle": "0", "component_id": "S04G04", "fiber": "F06", "fromLeft": "10", "fromRight": "0", "fromTop": "0.508", "note": "first", "sensor": "10", "sensorSpacing": "0", "sensor_type": "strain", "side": "top", "type": "sensor", "x": "10", "y": "0"}, {"angle": "0", "component_id": "S04G04", "fiber": "F06", "fromLeft": "8.333", "fromRight": "1.667", "fromTop": "0.508", "note": "", "sensor": "11", "sensorSpacing": "1.667", "sensor_type": "strain", "side": "top", "type": "sensor", "x": "8.333", "y": "0"}, {"angle": "0", "component_id": "S04G04", "fiber": "F06", "fromLeft": "6.666", "fromRight": "3.334", "fromTop": "0.508", "note": "", "sensor": "12", "sensorSpacing": "1.667", "sensor_type": "strain", "side": "top", "type": "sensor", "x": "6.666", "y": "0"}, {"angle": "0", "component_id": "S04G04", "fiber": "F06", "fromLeft": "4.999", "fromRight": "5.001", "fromTop": "0.508", "note": "", "sensor": "13", "sensorSpacing": "1.667", "sensor_type": "strain", "side": "top", "type": "sensor", "x": "4.999", "y": "0"}, {"angle": "0", "component_id": "S04G04", "fiber": "F06", "fromLeft": "3.332", "fromRight": "6.668", "fromTop": "0.508", "note": "", "sensor": "14", "sensorSpacing": "1.667", "sensor_type": "strain", "side": "top", "type": "sensor", "x": "3.332", "y": "0"}, {"angle": "0", "component_id": "S04G04", "fiber": "F06", "fromLeft": "1.665", "fromRight": "8.335", "fromTop": "0.508", "note": "", "sensor": "15", "sensorSpacing": "1.667", "sensor_type": "strain", "side": "top", "type": "sensor", "x": "1.665", "y": "0"}, {"angle": "0", "component_id": "S04G04", "fiber": "F06", "fromLeft": "-0.002", "fromRight": "10.002", "fromTop": "0.508", "note": "last", "sensor": "16", "sensorSpacing": "1.667", "sensor_type": "strain", "side": "top", "type": "sensor", "x": "-0.002", "y": "0"}, {"angle": "0", "component_id": "S04G03", "fiber": "F06", "fromLeft": "0", "fromRight": "10", "fromTop": "0.508", "note": "first", "sensor": "17", "sensorSpacing": "0", "sensor_type": "strain", "side": "top", "type": "sensor", "x": "0", "y": "0"}, {"angle": "0", "component_id": "S04G03", "fiber": "F06", "fromLeft": "1.25", "fromRight": "8.75", "fromTop": "0.508", "note": "", "sensor": "18", "sensorSpacing": "1.25", "sensor_type": "strain", "side": "top", "type": "sensor", "x": "1.25", "y": "0"}, {"angle": "0", "component_id": "S04G03", "fiber": "F06", "fromLeft": "2.5", "fromRight": "7.5", "fromTop": "0.508", "note": "", "sensor": "19", "sensorSpacing": "1.25", "sensor_type": "strain", "side": "top", "type": "sensor", "x": "2.5", "y": "0"}, {"angle": "0", "component_id": "S04G03", "fiber": "F06", "fromLeft": "3.75", "fromRight": "6.25", "fromTop": "0.508", "note": "", "sensor": "20", "sensorSpacing": "1.25", "sensor_type": "strain", "side": "top", "type": "sensor", "x": "3.75", "y": "0"}, {"angle": "0", "component_id": "S04G03", "fiber": "F06", "fromLeft": "5.0", "fromRight": "5.0", "fromTop": "0.508", "note": "midspan", "sensor": "21", "sensorSpacing": "1.25", "sensor_type": "strain", "side": "top", "type": "sensor", "x": "5.0", "y": "0"}, {"angle": "0", "component_id": "S04G03", "fiber": "F06", "fromLeft": "6.25", "fromRight": "3.75", "fromTop": "0.508", "note": "", "sensor": "22", "sensorSpacing": "1.25", "sensor_type": "strain", "side": "top", "type": "sensor", "x": "6.25", "y": "0"}, {"angle": "0", "component_id": "S04G03", "fiber": "F06", "fromLeft": "7.5", "fromRight": "2.5", "fromTop": "0.508", "note": "", "sensor": "23", "sensorSpacing": "1.25", "sensor_type": "strain", "side": "top", "type": "sensor", "x": "7.5", "y": "0"}, {"angle": "0", "component_id": "S04G03", "fiber": "F06", "fromLeft": "8.75", "fromRight": "1.25", "fromTop": "0.508", "note": "", "sensor": "24", "sensorSpacing": "1.25", "sensor_type": "strain", "side": "top", "type": "sensor", "x": "8.75", "y": "0"}, {"angle": "0", "component_id": "S04G03", "fiber": "F06", "fromLeft": "10.0", "fromRight": "0.0", "fromTop": "0.508", "note": "last", "sensor": "25", "sensorSpacing": "1.25", "sensor_type": "strain", "side": "top", "type": "sensor", "x": "10.0", "y": "0"}], "F07": [{"angle": "0", "component_id": "P01CR01", "fiber": "F07", "fromLeft": "1.35", "fromRight": "10.13", "fromTop": "0.4", "note": "", "sensor": "1", "sensorSpacing": "1.35", "sensor_type": "strain", "side": "right", "type": "sensor", "x": "1.35", "y": "0.4"}, {"angle": "90", "component_id": "P01CR01", "fiber": "F07", "fromLeft": "1.35", "fromRight": "10.13", "fromTop": "0.4", "note": "", "sensor": "2", "sensorSpacing": "0.0", "sensor_type": "strain", "side": "right", "type": "sensor", "x": "1.35", "y": "0.4"}, {"angle": "45", "component_id": "P01CR01", "fiber": "F07", "fromLeft": "1.35", "fromRight": "10.13", "fromTop": "0.4", "note": "", "sensor": "3", "sensorSpacing": "0.0", "sensor_type": "strain", "side": "right", "type": "sensor", "x": "1.35", "y": "0.4"}, {"angle": "0", "component_id": "P01C02", "fiber": "F07", "fromLeft": "0", "fromRight": "1.2", "fromTop": "0", "note": "first", "sensor": "4", "sensorSpacing": "0", "sensor_type": "strain", "side": "left", "type": "sensor", "x": "0", "y": "0"}, {"angle": "0", "component_id": "P01C02", "fiber": "F07", "fromLeft": "0.24", "fromRight": "0.96", "fromTop": "0", "note": "", "sensor": "5", "sensorSpacing": "0.24", "sensor_type": "strain", "side": "left", "type": "sensor", "x": "0", "y": "0.24"}, {"angle": "0", "component_id": "P01C02", "fiber": "F07", "fromLeft": "0.48", "fromRight": "0.72", "fromTop": "0", "note": "", "sensor": "6", "sensorSpacing": "0.24", "sensor_type": "strain", "side": "left", "type": "sensor", "x": "0", "y": "0.48"}, {"angle": "0", "component_id": "P01C02", "fiber": "F07", "fromLeft": "0.72", "fromRight": "0.48", "fromTop": "0", "note": "", "sensor": "7", "sensorSpacing": "0.24", "sensor_type": "strain", "side": "left", "type": "sensor", "x": "0", "y": "0.72"}, {"angle": "0", "component_id": "P01C02", "fiber": "F07", "fromLeft": "0.96", "fromRight": "0.24", "fromTop": "0", "note": "", "sensor": "8", "sensorSpacing": "0.24", "sensor_type": "strain", "side": "left", "type": "sensor", "x": "0", "y": "0.96"}, {"angle": "0", "component_id": "P01C02", "fiber": "F07", "fromLeft": "1.2", "fromRight": "0.0", "fromTop": "0", "note": "last", "sensor": "9", "sensorSpacing": "0.24", "sensor_type": "strain", "side": "left", "type": "sensor", "x": "0", "y": "1.2"}, {"angle": "0", "component_id": "P01CR01", "fiber": "F07", "fromLeft": "11.48", "fromRight": "0.0", "fromTop": "0.56", "note": "first", "sensor": "10", "sensorSpacing": "0.0", "sensor_type": "strain", "side": "bottom", "type": "sensor", "x": "11.48", "y": "0.56"}, {"angle": "0", "component_id": "P01CR01", "fiber": "F07", "fromLeft": "5.74", "fromRight": "5.74", "fromTop": "0.56", "note": "midspan", "sensor": "11", "sensorSpacing": "5.74", "sensor_type": "strain", "side": "bottom", "type": "sensor", "x": "5.74", "y": "0.56"}, {"angle": "0", "component_id": "P01CR01", "fiber": "F07", "fromLeft": "0.0", "fromRight": "11.48", "fromTop": "0.56", "note": "last", "sensor": "12", "sensorSpacing": "5.74", "sensor_type": "strain", "side": "bottom", "type": "sensor", "x": "0.0", "y": "0.56"}, {"angle": "0", "component_id": "P01C01", "fiber": "F07", "fromLeft": "0", "fromRight": "1.2", "fromTop": "0", "note": "first", "sensor": "13", "sensorSpacing": "0", "sensor_type": "strain", "side": "left", "type": "sensor", "x": "0", "y": "0"}, {"angle": "0", "component_id": "P01C01", "fiber": "F07", "fromLeft": "0.24", "fromRight": "0.96", "fromTop": "0", "note": "", "sensor": "14", "sensorSpacing": "0.24", "sensor_type": "strain", "side": "left", "type": "sensor", "x": "0", "y": "0.24"}, {"angle": "0", "component_id": "P01C01", "fiber": "F07", "fromLeft": "0.48", "fromRight": "0.72", "fromTop": "0", "note": "", "sensor": "15", "sensorSpacing": "0.24", "sensor_type": "strain", "side": "left", "type": "sensor", "x": "0", "y": "0.48"}, {"angle": "0", "component_id": "P01C01", "fiber": "F07", "fromLeft": "0.72", "fromRight": "0.48", "fromTop": "0", "note": "", "sensor": "16", "sensorSpacing": "0.24", "sensor_type": "strain", "side": "left", "type": "sensor", "x": "0", "y": "0.72"}, {"angle": "0", "component_id": "P01C01", "fiber": "F07", "fromLeft": "0.96", "fromRight": "0.24", "fromTop": "0", "note": "", "sensor": "17", "sensorSpacing": "0.24", "sensor_type": "strain", "side": "left", "type": "sensor", "x": "0", "y": "0.96"}, {"angle": "0", "component_id": "P01C01", "fiber": "F07", "fromLeft": "1.2", "fromRight": "0.0", "fromTop": "0", "note": "last", "sensor": "18", "sensorSpacing": "0.24", "sensor_type": "strain", "side": "left", "type": "sensor", "x": "0", "y": "1.2"}, {"angle": "0", "component_id": "P01CR01", "fiber": "F07", "fromLeft": "0.2", "fromRight": "11.28", "fromTop": "0", "note": "", "sensor": "19", "sensorSpacing": "0.2", "sensor_type": "strain", "side": "right", "type": "sensor", "x": "0.2", "y": "0"}, {"angle": "90", "component_id": "P01CR01", "fiber": "F07", "fromLeft": "0.2", "fromRight": "11.28", "fromTop": "0", "note": "", "sensor": "20", "sensorSpacing": "0.0", "sensor_type": "strain", "side": "right", "type": "sensor", "x": "0.2", "y": "0"}, {"angle": "45", "component_id": "P01CR01", "fiber": "F07", "fromLeft": "0.2", "fromRight": "11.28", "fromTop": "0", "note": "", "sensor": "21", "sensorSpacing": "0.0", "sensor_type": "strain", "side": "right", "type": "sensor", "x": "0.2", "y": "0"}, {"angle": "0", "component_id": "P01CR01", "fiber": "F07", "fromLeft": "6.4", "fromRight": "5.08", "fromTop": "0.4", "note": "", "sensor": "22", "sensorSpacing": "6.4", "sensor_type": "temperature", "side": "right", "type": "sensor", "x": "6.4", "y": "0.4"}, {"angle": "0", "component_id": "P01CR01", "fiber": "F07", "fromLeft": "6.25", "fromRight": "5.23", "fromTop": "0.4", "note": "", "sensor": "23", "sensorSpacing": "6.25", "sensor_type": "strain", "side": "right", "type": "sensor", "x": "6.25", "y": "0.4"}, {"angle": "90", "component_id": "P01CR01", "fiber": "F07", "fromLeft": "6.25", "fromRight": "5.23", "fromTop": "0.4", "note": "", "sensor": "24", "sensorSpacing": "0.0", "sensor_type": "strain", "side": "right", "type": "sensor", "x": "6.25", "y": "0.4"}, {"angle": "45", "component_id": "P01CR01", "fiber": "F07", "fromLeft": "6.25", "fromRight": "5.23", "fromTop": "0.4", "note": "", "sensor": "25", "sensorSpacing": "0.0", "sensor_type": "strain", "side": "right", "type": "sensor", "x": "6.25", "y": "0.4"}], "F08": [{"angle": "0", "component_id": "P02CR01", "fiber": "F08", "fromLeft": "1.35", "fromRight": "10.13", "fromTop": "0.4", "note": "", "sensor": "1", "sensorSpacing": "1.35", "sensor_type": "strain", "side": "", "type": "sensor", "x": "1.35", "y": "0.4"}, {"angle": "90", "component_id": "P02CR01", "fiber": "F08", "fromLeft": "1.35", "fromRight": "10.13", "fromTop": "0.4", "note": "", "sensor": "2", "sensorSpacing": "0.0", "sensor_type": "strain", "side": "", "type": "sensor", "x": "1.35", "y": "0.4"}, {"angle": "45", "component_id": "P02CR01", "fiber": "F08", "fromLeft": "1.35", "fromRight": "10.13", "fromTop": "0.4", "note": "", "sensor": "3", "sensorSpacing": "0.0", "sensor_type": "strain", "side": "", "type": "sensor", "x": "1.35", "y": "0.4"}, {"angle": "0", "component_id": "P02C02", "fiber": "F08", "fromLeft": "0", "fromRight": "1.2", "fromTop": "0", "note": "first", "sensor": "4", "sensorSpacing": "0", "sensor_type": "strain", "side": "left", "type": "sensor", "x": "0", "y": "0"}, {"angle": "0", "component_id": "P02C02", "fiber": "F08", "fromLeft": "0.24", "fromRight": "0.96", "fromTop": "0", "note": "", "sensor": "5", "sensorSpacing": "0.24", "sensor_type": "strain", "side": "left", "type": "sensor", "x": "0", "y": "0.24"}, {"angle": "0", "component_id": "P02C02", "fiber": "F08", "fromLeft": "0.48", "fromRight": "0.72", "fromTop": "0", "note": "", "sensor": "6", "sensorSpacing": "0.24", "sensor_type": "strain", "side": "left", "type": "sensor", "x": "0", "y": "0.48"}, {"angle": "0", "component_id": "P02C02", "fiber": "F08", "fromLeft": "0.72", "fromRight": "0.48", "fromTop": "0", "note": "", "sensor": "7", "sensorSpacing": "0.24", "sensor_type": "strain", "side": "left", "type": "sensor", "x": "0", "y": "0.72"}, {"angle": "0", "component_id": "P02C02", "fiber": "F08", "fromLeft": "0.96", "fromRight": "0.24", "fromTop": "0", "note": "", "sensor": "8", "sensorSpacing": "0.24", "sensor_type": "strain", "side": "left", "type": "sensor", "x": "0", "y": "0.96"}, {"angle": "0", "component_id": "P02C02", "fiber": "F08", "fromLeft": "1.2", "fromRight": "0.0", "fromTop": "0", "note": "last", "sensor": "9", "sensorSpacing": "0.24", "sensor_type": "strain", "side": "left", "type": "sensor", "x": "0", "y": "1.2"}, {"angle": "0", "component_id": "P02CR01", "fiber": "F08", "fromLeft": "11.48", "fromRight": "0.0", "fromTop": "0.56", "note": "first", "sensor": "10", "sensorSpacing": "0.0", "sensor_type": "strain", "side": "bottom", "type": "sensor", "x": "11.48", "y": "0.56"}, {"angle": "0", "component_id": "P02CR01", "fiber": "F08", "fromLeft": "5.74", "fromRight": "5.74", "fromTop": "0.56", "note": "midspan", "sensor": "11", "sensorSpacing": "5.74", "sensor_type": "strain", "side": "bottom", "type": "sensor", "x": "5.74", "y": "0.56"}, {"angle": "0", "component_id": "P02CR01", "fiber": "F08", "fromLeft": "0.0", "fromRight": "11.48", "fromTop": "0.56", "note": "last", "sensor": "12", "sensorSpacing": "5.74", "sensor_type": "strain", "side": "bottom", "type": "sensor", "x": "0.0", "y": "0.56"}, {"angle": "0", "component_id": "P02C01", "fiber": "F08", "fromLeft": "0", "fromRight": "1.2", "fromTop": "0", "note": "first", "sensor": "13", "sensorSpacing": "0", "sensor_type": "strain", "side": "left", "type": "sensor", "x": "0", "y": "0"}, {"angle": "0", "component_id": "P02C01", "fiber": "F08", "fromLeft": "0.24", "fromRight": "0.96", "fromTop": "0", "note": "", "sensor": "14", "sensorSpacing": "0.24", "sensor_type": "strain", "side": "left", "type": "sensor", "x": "0", "y": "0.24"}, {"angle": "0", "component_id": "P02C01", "fiber": "F08", "fromLeft": "0.48", "fromRight": "0.72", "fromTop": "0", "note": "", "sensor": "15", "sensorSpacing": "0.24", "sensor_type": "strain", "side": "left", "type": "sensor", "x": "0", "y": "0.48"}, {"angle": "0", "component_id": "P02C01", "fiber": "F08", "fromLeft": "0.72", "fromRight": "0.48", "fromTop": "0", "note": "", "sensor": "16", "sensorSpacing": "0.24", "sensor_type": "strain", "side": "left", "type": "sensor", "x": "0", "y": "0.72"}, {"angle": "0", "component_id": "P02C01", "fiber": "F08", "fromLeft": "0.96", "fromRight": "0.24", "fromTop": "0", "note": "", "sensor": "17", "sensorSpacing": "0.24", "sensor_type": "strain", "side": "left", "type": "sensor", "x": "0", "y": "0.96"}, {"angle": "0", "component_id": "P02C01", "fiber": "F08", "fromLeft": "1.2", "fromRight": "0.0", "fromTop": "0", "note": "last", "sensor": "18", "sensorSpacing": "0.24", "sensor_type": "strain", "side": "left", "type": "sensor", "x": "0", "y": "1.2"}, {"angle": "0", "component_id": "P02CR01", "fiber": "F08", "fromLeft": "0.2", "fromRight": "11.28", "fromTop": "0", "note": "", "sensor": "19", "sensorSpacing": "0.2", "sensor_type": "strain", "side": "right", "type": "sensor", "x": "0.2", "y": "0"}, {"angle": "90", "component_id": "P02CR01", "fiber": "F08", "fromLeft": "0.2", "fromRight": "11.28", "fromTop": "0", "note": "", "sensor": "20", "sensorSpacing": "0.0", "sensor_type": "strain", "side": "right", "type": "sensor", "x": "0.2", "y": "0"}, {"angle": "45", "component_id": "P02CR01", "fiber": "F08", "fromLeft": "0.2", "fromRight": "11.28", "fromTop": "0", "note": "", "sensor": "21", "sensorSpacing": "0.0", "sensor_type": "strain", "side": "right", "type": "sensor", "x": "0.2", "y": "0"}, {"angle": "0", "component_id": "P02CR01", "fiber": "F08", "fromLeft": "6.4", "fromRight": "5.08", "fromTop": "0.4", "note": "", "sensor": "22", "sensorSpacing": "6.4", "sensor_type": "temperature", "side": "right", "type": "sensor", "x": "6.4", "y": "0.4"}, {"angle": "0", "component_id": "P02CR01", "fiber": "F08", "fromLeft": "6.25", "fromRight": "5.23", "fromTop": "0.4", "note": "", "sensor": "23", "sensorSpacing": "6.25", "sensor_type": "strain", "side": "right", "type": "sensor", "x": "6.25", "y": "0.4"}, {"angle": "90", "component_id": "P02CR01", "fiber": "F08", "fromLeft": "6.25", "fromRight": "5.23", "fromTop": "0.4", "note": "", "sensor": "24", "sensorSpacing": "0.0", "sensor_type": "strain", "side": "right", "type": "sensor", "x": "6.25", "y": "0.4"}, {"angle": "45", "component_id": "P02CR01", "fiber": "F08", "fromLeft": "6.25", "fromRight": "5.23", "fromTop": "0.4", "note": "", "sensor": "25", "sensorSpacing": "0.0", "sensor_type": "strain", "side": "right", "type": "sensor", "x": "6.25", "y": "0.4"}], "display-algorithm": "", "deflection": [{"algorithm_type": "girder_deflection", "component_id": "P01C01", "fiber_id": "F07", "id": "D01", "sensor_type": "sensor_pair_array", "sensors_bottom": [6, 7, 8, 9], "sensors_top": [4, 5, 6, 7], "type": "algorithm"}, {"algorithm_type": "girder_deflection", "component_id": "P02C02", "fiber_id": "F07", "id": "D02", "sensor_type": "sensor_pair_array", "sensors_bottom": [15, 16, 17, 18], "sensors_top": [13, 14, 15, 16], "type": "algorithm"}, {"algorithm_type": "girder_deflection", "component_id": "P02C01", "fiber_id": "F08", "id": "D03", "sensor_type": "sensor_pair_array", "sensors_bottom": [6, 7, 8, 9], "sensors_top": [4, 5, 6, 7], "type": "algorithm"}, {"algorithm_type": "girder_deflection", "component_id": "P02C01", "fiber_id": "F08", "id": "D04", "sensor_type": "sensor_pair_array", "sensors_bottom": [15, 16, 17, 18], "sensors_top": [13, 14, 15, 16], "type": "algorithm"}], "shear": [{"algorithm_type": "girder_shear", "component_id": "P01CR01", "fiber_id": "F07", "id": "SH01", "rosette_0": 1, "rosette_45": 3, "rosette_90": 2, "sensor_type": "3d_rosette", "type": "algorithm"}, {"algorithm_type": "girder_shear", "component_id": "P01CR01", "fiber_id": "F07", "id": "SH02", "rosette_0": 19, "rosette_45": 21, "rosette_90": 20, "sensor_type": "3d_rosette", "type": "algorithm"}, {"algorithm_type": "girder_shear", "component_id": "P01CR01", "fiber_id": "F07", "id": "SH03", "rosette_0": 23, "rosette_45": 25, "rosette_90": 24, "sensor_type": "3d_rosette", "type": "algorithm"}, {"algorithm_type": "girder_shear", "component_id": "P02CR01", "fiber_id": "F08", "id": "SH04", "rosette_0": 1, "rosette_45": 3, "rosette_90": 2, "sensor_type": "3d_rosette", "type": "algorithm"}, {"algorithm_type": "girder_shear", "component_id": "P02CR01", "fiber_id": "F08", "id": "SH05", "rosette_0": 19, "rosette_45": 21, "rosette_90": 20, "sensor_type": "3d_rosette", "type": "algorithm"}, {"algorithm_type": "girder_shear", "component_id": "P02CR01", "fiber_id": "F08", "id": "SH06", "rosette_0": 23, "rosette_45": 25, "rosette_90": 24, "sensor_type": "3d_rosette", "type": "algorithm"}], "bending_moment": [{"algorithm_type": "girder_bending_moment", "component_id": "P01C02", "fiber_id": "F07", "id": "BM01", "sensor_bottom": 6, "sensor_top": 4, "sensor_type": "sensor_pair", "type": "algorithm"}, {"algorithm_type": "girder_bending_moment", "component_id": "P01C02", "fiber_id": "F07", "id": "BM02", "sensor_bottom": 7, "sensor_top": 5, "sensor_type": "sensor_pair", "type": "algorithm"}, {"algorithm_type": "girder_bending_moment", "component_id": "P01C02", "fiber_id": "F07", "id": "BM03", "sensor_bottom": 8, "sensor_top": 6, "sensor_type": "sensor_pair", "type": "algorithm"}, {"algorithm_type": "girder_bending_moment", "component_id": "P01C02", "fiber_id": "F07", "id": "BM04", "sensor_bottom": 9, "sensor_top": 7, "sensor_type": "sensor_pair", "type": "algorithm"}, {"algorithm_type": "girder_bending_moment", "component_id": "P01C01", "fiber_id": "F07", "id": "BM05", "sensor_bottom": 15, "sensor_top": 13, "sensor_type": "sensor_pair", "type": "algorithm"}, {"algorithm_type": "girder_bending_moment", "component_id": "P01C01", "fiber_id": "F07", "id": "BM06", "sensor_bottom": 16, "sensor_top": 14, "sensor_type": "sensor_pair", "type": "algorithm"}, {"algorithm_type": "girder_bending_moment", "component_id": "P01C01", "fiber_id": "F07", "id": "BM07", "sensor_bottom": 17, "sensor_top": 15, "sensor_type": "sensor_pair", "type": "algorithm"}, {"algorithm_type": "girder_bending_moment", "component_id": "P01C01", "fiber_id": "F07", "id": "BM08", "sensor_bottom": 18, "sensor_top": 16, "sensor_type": "sensor_pair", "type": "algorithm"}, {"algorithm_type": "girder_bending_moment", "component_id": "P02C02", "fiber_id": "F08", "id": "BM09", "sensor_bottom": 6, "sensor_top": 4, "sensor_type": "sensor_pair", "type": "algorithm"}, {"algorithm_type": "girder_bending_moment", "component_id": "P02C02", "fiber_id": "F08", "id": "BM10", "sensor_bottom": 7, "sensor_top": 5, "sensor_type": "sensor_pair", "type": "algorithm"}, {"algorithm_type": "girder_bending_moment", "component_id": "P02C02", "fiber_id": "F08", "id": "BM11", "sensor_bottom": 8, "sensor_top": 6, "sensor_type": "sensor_pair", "type": "algorithm"}, {"algorithm_type": "girder_bending_moment", "component_id": "P02C02", "fiber_id": "F08", "id": "BM12", "sensor_bottom": 9, "sensor_top": 7, "sensor_type": "sensor_pair", "type": "algorithm"}, {"algorithm_type": "girder_bending_moment", "component_id": "P02C01", "fiber_id": "F08", "id": "BM13", "sensor_bottom": 15, "sensor_top": 13, "sensor_type": "sensor_pair", "type": "algorithm"}, {"algorithm_type": "girder_bending_moment", "component_id": "P02C01", "fiber_id": "F08", "id": "BM14", "sensor_bottom": 16, "sensor_top": 14, "sensor_type": "sensor_pair", "type": "algorithm"}, {"algorithm_type": "girder_bending_moment", "component_id": "P02C01", "fiber_id": "F08", "id": "BM15", "sensor_bottom": 17, "sensor_top": 15, "sensor_type": "sensor_pair", "type": "algorithm"}, {"algorithm_type": "girder_bending_moment", "component_id": "P02C01", "fiber_id": "F08", "id": "BM16", "sensor_bottom": 18, "sensor_top": 16, "sensor_type": "sensor_pair", "type": "algorithm"}], "fiber_updates": [{"fiber": {}, "sensor": {}, "fiber_command": "", "wavelength": ""}], "critical_sensors": [{"fiber": {}, "sensor": {}, "description": ""}], "path": "dis-as-built"}, "access": [], "metadata": {"browserName": "Netscape", "offset": 600, "onLine": true, "origin": "http://192.168.1.6:8000", "pathName": "/designer/edit/dis-as-design/3WOO-7446", "referrer": "http://192.168.1.6:8000/designer/edit/bridge-overview/3WOO-7446", "selectData": {"classification": {"label": "I-C"}, "fiber_mapping": [{"fiber_type": {"data": {"id": "41200256"}}}, {"fiber_type": {"data": {"id": "41200256"}}}, {"fiber_type": {"data": {"id": "41200256"}}}, {"fiber_type": {"data": {"id": "41200256"}}}, {"fiber_type": {"data": {"id": "41200256"}}}, {"fiber_type": {"data": {"id": "41200256"}}}, {"fiber_type": {"data": {"id": "41200256"}}}, {"fiber_type": {"data": {"id": "41200256"}}}], "jinja_template": {"label": "V2.1"}, "lanes": [{"lane_direction": {"label": "Middle"}, "laneType": {"label": "Shoulder"}}, {"lane_direction": {"label": "Left to Right"}, "laneType": {"label": "Traffic"}}, {"lane_direction": {"label": "Middle"}, "laneType": {"label": "Median"}}, {"lane_direction": {"label": "Right to Left"}, "laneType": {"label": "Traffic"}}, {"lane_direction": {"label": "Middle"}, "laneType": {"label": "Shoulder"}}]}, "timezone": "Australia/Melbourne", "userAgent": "Mozilla/5.0 (Macintosh; Intel Mac OS X 10_15_7) AppleWebKit/537.36 (KHTML, like Gecko) Chrome/101.0.0.0 Safari/537.36"}, "form": "62f5cc8f54d20a6914e4bfee", "externalIds": [], "created": "2022-08-12T03:44:22.696Z", "modified": "2022-08-12T06:08:33.535Z"}