{"_id": "62f5cc9354d20a17a5e4bff1", "owner": "627ddf364022c591c1b05f1b", "roles": [], "data": {"eloque_id": "AU-03COL-BR3501", "bridge_name": "Coldstream", "asset_id": "3COL_3501", "sharepoint_name": "3COL-3501", "structure_id": "SN3501", "classification": ["I-A", "I-A", "I-A", "I-A", "I-B"], "_version": 2, "_form_version": "0", "save-excel": false, "update-metadata": false, "update-json": false, "jinja_template": "v2.1", "display-page": "structure", "feature_crossed": "Yeringberg Creek", "road_name": "Maroondah Highway", "coordinates_latitude": "-37.68341", "coordinates_longitude": "145.44292", "deck_width": "0", "skew_angle": "0", "down": "G12", "up": "G01", "left": "A01", "right": "A02", "left2right": "To Healsville", "right2left": "To Coldstream", "lanes": [{"laneType": "shoulder", "lane_direction": "", "lane_id": {}, "lane_width": 1, "transverse_coordinates": 0, "transverse_id": "W01"}, {"laneType": "traffic", "lane_direction": "left2right", "lane_id": {"label": "L01", "value": "L01"}, "lane_width": 3.4, "transverse_coordinates": 1, "transverse_id": "W02"}, {"laneType": "median", "lane_direction": "", "lane_id": {}, "lane_width": 0, "transverse_coordinates": 4.4, "transverse_id": "W03"}, {"laneType": "traffic", "lane_direction": "right2left", "lane_id": {"label": "L02", "value": "L02"}, "lane_width": 3.4, "transverse_coordinates": 4.4, "transverse_id": "W04"}, {"laneType": "shoulder", "lane_direction": "", "lane_id": {}, "lane_width": 0.6, "transverse_coordinates": 7.800000000000001, "transverse_id": "W05"}], "structure": [{"componentId": "S01G01", "componentType": {"label": "1_B", "value": "1_B"}, "superstructureLane": {"label": "W01", "value": "W01"}}, {"componentId": "S01G02", "componentType": {"label": "1_B", "value": "1_B"}, "superstructureLane": {"label": "W01", "value": "W01"}}, {"componentId": "S01G03", "componentType": {"label": "1_B", "value": "1_B"}, "superstructureLane": {"label": "W01", "value": "W01"}}, {"componentId": "S01G04", "componentType": {"label": "1_A", "value": "1_A"}, "superstructureLane": {"label": "W02", "value": "W02"}}, {"componentId": "S01G05", "componentType": {"label": "1_A", "value": "1_A"}, "superstructureLane": {"label": "W02", "value": "W02"}}, {"componentId": "S01G06", "componentType": {"label": "1_A", "value": "1_A"}, "superstructureLane": {"label": "W02", "value": "W02"}}, {"componentId": "S01G07", "componentType": {"label": "1_A", "value": "1_A"}, "superstructureLane": {"label": "W04", "value": "W04"}}, {"componentId": "S01G08", "componentType": {"label": "1_A", "value": "1_A"}, "superstructureLane": {"label": "W04", "value": "W04"}}, {"componentId": "S01G09", "componentType": {"label": "1_A", "value": "1_A"}, "superstructureLane": {"label": "W04", "value": "W04"}}, {"componentId": "S01G10", "componentType": {"label": "1_B", "value": "1_B"}, "superstructureLane": {"label": "W05", "value": "W05"}}, {"componentId": "S01G11", "componentType": {"label": "1_B", "value": "1_B"}, "superstructureLane": {"label": "W05", "value": "W05"}}, {"componentId": "S01G12", "componentType": {"label": "1_B", "value": "1_B"}, "superstructureLane": {"label": "W05", "value": "W05"}}, {"componentId": "S02G01", "componentType": {"label": "1_B", "value": "1_B"}, "superstructureLane": {"label": "W01", "value": "W01"}}, {"componentId": "S02G02", "componentType": {"label": "1_B", "value": "1_B"}, "superstructureLane": {"label": "W01", "value": "W01"}}, {"componentId": "S02G03", "componentType": {"label": "1_B", "value": "1_B"}, "superstructureLane": {"label": "W01", "value": "W01"}}, {"componentId": "S02G04", "componentType": {"label": "1_A", "value": "1_A"}, "superstructureLane": {"label": "W02", "value": "W02"}}, {"componentId": "S02G05", "componentType": {"label": "1_A", "value": "1_A"}, "superstructureLane": {"label": "W02", "value": "W02"}}, {"componentId": "S02G06", "componentType": {"label": "1_A", "value": "1_A"}, "superstructureLane": {"label": "W02", "value": "W02"}}, {"componentId": "S02G07", "componentType": {"label": "1_A", "value": "1_A"}, "superstructureLane": {"label": "W04", "value": "W04"}}, {"componentId": "S02G08", "componentType": {"label": "1_A", "value": "1_A"}, "superstructureLane": {"label": "W04", "value": "W04"}}, {"componentId": "S02G09", "componentType": {"label": "1_A", "value": "1_A"}, "superstructureLane": {"label": "W04", "value": "W04"}}, {"componentId": "S02G10", "componentType": {"label": "1_B", "value": "1_B"}, "superstructureLane": {"label": "W05", "value": "W05"}}, {"componentId": "S02G11", "componentType": {"label": "1_B", "value": "1_B"}, "superstructureLane": {"label": "W05", "value": "W05"}}, {"componentId": "S02G12", "componentType": {"label": "1_B", "value": "1_B"}, "superstructureLane": {"label": "W05", "value": "W05"}}, {"componentId": "P01CR01", "componentType": {"label": "Crosshead1_3", "value": "Crosshead1_3"}, "superstructureLane": {}}, {"componentId": "P01CR02", "componentType": {"label": "Crosshead2", "value": "Crosshead2"}, "superstructureLane": {}}, {"componentId": "P01CR03", "componentType": {"label": "Crosshead1_3", "value": "Crosshead1_3"}, "superstructureLane": {}}, {"componentId": "P01C01", "componentType": {"label": "Column1_6", "value": "Column1_6"}, "superstructureLane": {}}, {"componentId": "P01C02", "componentType": {"label": "Column2_5", "value": "Column2_5"}, "superstructureLane": {}}, {"componentId": "P01C03", "componentType": {"label": "Column3_4", "value": "Column3_4"}, "superstructureLane": {}}, {"componentId": "P01C04", "componentType": {"label": "Column3_4", "value": "Column3_4"}, "superstructureLane": {}}, {"componentId": "P01C05", "componentType": {"label": "Column2_5", "value": "Column2_5"}, "superstructureLane": {}}, {"componentId": "P01C06", "componentType": {"label": "Column1_6", "value": "Column1_6"}, "superstructureLane": {}}, {"componentId": "A01", "componentType": {"label": "Abutment01", "value": "Abutment01"}, "superstructureLane": {}}, {"componentId": "A02", "componentType": {"label": "Abutment01", "value": "Abutment01"}, "superstructureLane": {}}], "componentTypes": [{"componentType": "1_A", "effective_area": 192080, "effective_area_moment_of_inertia": 4270000000, "effective_shear_modulus": 10300, "effective_youngs_modulus": 24800, "flangeWidth1": "", "flangeWidth2": "", "height": 0.36, "length": 5.35, "structureSubType": "i-a", "structureType": "girder", "weight": 2400, "width": 0.28}, {"componentType": "1_B", "effective_area": 154706, "effective_area_moment_of_inertia": 2300000000, "effective_shear_modulus": 12500, "effective_youngs_modulus": 29900, "flangeWidth1": "", "flangeWidth2": "", "height": 0.406, "length": 5.235, "structureSubType": "i-b", "structureType": "girder", "weight": 2400, "width": 0.61}, {"componentType": "Pier01", "effective_area": "", "effective_area_moment_of_inertia": "", "effective_shear_modulus": "", "effective_youngs_modulus": "", "flangeWidth1": "", "flangeWidth2": "", "height": "", "length": "", "structureSubType": "", "structureType": "pier", "weight": "", "width": ""}, {"componentType": "Column1_6", "effective_area": "", "effective_area_moment_of_inertia": "", "effective_shear_modulus": 10300, "effective_youngs_modulus": 24800, "flangeWidth1": "", "flangeWidth2": "", "height": 2, "length": 0.406, "structureSubType": "", "structureType": "pierColumn", "weight": 2400, "width": 0.305}, {"componentType": "Crosshead1_3", "effective_area": "", "effective_area_moment_of_inertia": "", "effective_shear_modulus": 10300, "effective_youngs_modulus": 24800, "flangeWidth1": "", "flangeWidth2": "", "height": 0.38, "length": 2.34, "structureSubType": "", "structureType": "pierCrosshead", "weight": 2400, "width": 0.41}, {"componentType": "Abutment01", "effective_area": "", "effective_area_moment_of_inertia": "", "effective_shear_modulus": "", "effective_youngs_modulus": "", "flangeWidth1": "", "flangeWidth2": "", "height": 2.43, "length": 10, "structureSubType": "", "structureType": "abutment", "weight": "", "width": 0.308}, {"componentType": "Column3_4", "effective_area": "", "effective_area_moment_of_inertia": "", "effective_shear_modulus": 10300, "effective_youngs_modulus": 24800, "flangeWidth1": "", "flangeWidth2": "", "height": 2, "length": 0.508, "structureSubType": "", "structureType": "pierColumn", "weight": 2400, "width": 0.508}, {"componentType": "Column2_5", "effective_area": "", "effective_area_moment_of_inertia": "", "effective_shear_modulus": 10300, "effective_youngs_modulus": 24800, "flangeWidth1": "", "flangeWidth2": "", "height": 2, "length": 0.61, "structureSubType": "", "structureType": "pierColumn", "weight": 2400, "width": 0.305}, {"componentType": "Crosshead2", "effective_area": "", "effective_area_moment_of_inertia": "", "effective_shear_modulus": 10300, "effective_youngs_modulus": 24800, "flangeWidth1": "", "flangeWidth2": "", "height": 0.61, "length": 6.705, "structureSubType": "", "structureType": "pierCrosshead", "weight": 2300, "width": 0.35}], "F01": [{"angle": "0", "component_id": "S01G03", "fiber": "F01", "fromLeft": "4.718", "fromRight": "0.517", "fromTop": "0.56", "note": "", "sensor": "1", "sensorSpacing": "4.718", "sensor_type": "strain", "side": "web_up", "type": "sensor", "x": "4.718", "y": "0.56"}, {"angle": "90", "component_id": "S01G03", "fiber": "F01", "fromLeft": "4.718", "fromRight": "0.517", "fromTop": "0.56", "note": "", "sensor": "2", "sensorSpacing": "0.0", "sensor_type": "strain", "side": "web_up", "type": "sensor", "x": "4.718", "y": "0.56"}, {"angle": "45", "component_id": "S01G03", "fiber": "F01", "fromLeft": "4.718", "fromRight": "0.517", "fromTop": "0.56", "note": "", "sensor": "3", "sensorSpacing": "0.0", "sensor_type": "strain", "side": "web_up", "type": "sensor", "x": "4.718", "y": "0.56"}, {"angle": "0", "component_id": "S01G03", "fiber": "F01", "fromLeft": "5.235", "fromRight": "0.0", "fromTop": "0.406", "note": "first", "sensor": "4", "sensorSpacing": "0.0", "sensor_type": "strain", "side": "top", "type": "sensor", "x": "5.235", "y": "0"}, {"angle": "0", "component_id": "S01G03", "fiber": "F01", "fromLeft": "4.188", "fromRight": "1.047", "fromTop": "0.406", "note": "", "sensor": "5", "sensorSpacing": "1.047", "sensor_type": "strain", "side": "top", "type": "sensor", "x": "4.188", "y": "0"}, {"angle": "0", "component_id": "S01G03", "fiber": "F01", "fromLeft": "3.141", "fromRight": "2.094", "fromTop": "0.406", "note": "", "sensor": "6", "sensorSpacing": "1.047", "sensor_type": "strain", "side": "top", "type": "sensor", "x": "3.141", "y": "0"}, {"angle": "0", "component_id": "S01G03", "fiber": "F01", "fromLeft": "2.094", "fromRight": "3.141", "fromTop": "0.406", "note": "", "sensor": "7", "sensorSpacing": "1.047", "sensor_type": "strain", "side": "top", "type": "sensor", "x": "2.094", "y": "0"}, {"angle": "0", "component_id": "S01G03", "fiber": "F01", "fromLeft": "1.047", "fromRight": "4.188", "fromTop": "0.406", "note": "", "sensor": "8", "sensorSpacing": "1.047", "sensor_type": "strain", "side": "top", "type": "sensor", "x": "1.047", "y": "0"}, {"angle": "0", "component_id": "S01G03", "fiber": "F01", "fromLeft": "0.0", "fromRight": "5.235", "fromTop": "0.406", "note": "last", "sensor": "9", "sensorSpacing": "1.047", "sensor_type": "strain", "side": "top", "type": "sensor", "x": "0.0", "y": "0"}, {"angle": "0", "component_id": "S01G02", "fiber": "F01", "fromLeft": "5.235", "fromRight": "0.0", "fromTop": "0.406", "note": "first", "sensor": "10", "sensorSpacing": "0.0", "sensor_type": "strain", "side": "top", "type": "sensor", "x": "5.235", "y": "0"}, {"angle": "0", "component_id": "S01G02", "fiber": "F01", "fromLeft": "4.188", "fromRight": "1.047", "fromTop": "0.406", "note": "", "sensor": "11", "sensorSpacing": "1.047", "sensor_type": "strain", "side": "top", "type": "sensor", "x": "4.188", "y": "0"}, {"angle": "0", "component_id": "S01G02", "fiber": "F01", "fromLeft": "3.141", "fromRight": "2.094", "fromTop": "0.406", "note": "", "sensor": "12", "sensorSpacing": "1.047", "sensor_type": "strain", "side": "top", "type": "sensor", "x": "3.141", "y": "0"}, {"angle": "0", "component_id": "S01G02", "fiber": "F01", "fromLeft": "2.094", "fromRight": "3.141", "fromTop": "0.406", "note": "", "sensor": "13", "sensorSpacing": "1.047", "sensor_type": "strain", "side": "top", "type": "sensor", "x": "2.094", "y": "0"}, {"angle": "0", "component_id": "S01G02", "fiber": "F01", "fromLeft": "1.047", "fromRight": "4.188", "fromTop": "0.406", "note": "", "sensor": "14", "sensorSpacing": "1.047", "sensor_type": "strain", "side": "top", "type": "sensor", "x": "1.047", "y": "0"}, {"angle": "0", "component_id": "S01G02", "fiber": "F01", "fromLeft": "0.0", "fromRight": "5.235", "fromTop": "0.406", "note": "last", "sensor": "15", "sensorSpacing": "1.047", "sensor_type": "strain", "side": "top", "type": "sensor", "x": "0.0", "y": "0"}, {"angle": "0", "component_id": "S01G01", "fiber": "F01", "fromLeft": "5.235", "fromRight": "0.0", "fromTop": "0.406", "note": "first", "sensor": "16", "sensorSpacing": "0.0", "sensor_type": "strain", "side": "top", "type": "sensor", "x": "5.235", "y": "0"}, {"angle": "0", "component_id": "S01G01", "fiber": "F01", "fromLeft": "4.362", "fromRight": "0.873", "fromTop": "0.406", "note": "", "sensor": "17", "sensorSpacing": "0.873", "sensor_type": "strain", "side": "top", "type": "sensor", "x": "4.362", "y": "0"}, {"angle": "0", "component_id": "S01G01", "fiber": "F01", "fromLeft": "3.489", "fromRight": "1.746", "fromTop": "0.406", "note": "", "sensor": "18", "sensorSpacing": "0.873", "sensor_type": "strain", "side": "top", "type": "sensor", "x": "3.489", "y": "0"}, {"angle": "0", "component_id": "S01G01", "fiber": "F01", "fromLeft": "2.616", "fromRight": "2.619", "fromTop": "0.406", "note": "", "sensor": "19", "sensorSpacing": "0.873", "sensor_type": "strain", "side": "top", "type": "sensor", "x": "2.616", "y": "0"}, {"angle": "0", "component_id": "S01G01", "fiber": "F01", "fromLeft": "1.743", "fromRight": "3.492", "fromTop": "0.406", "note": "", "sensor": "20", "sensorSpacing": "0.873", "sensor_type": "strain", "side": "top", "type": "sensor", "x": "1.743", "y": "0"}, {"angle": "0", "component_id": "S01G01", "fiber": "F01", "fromLeft": "0.87", "fromRight": "4.365", "fromTop": "0.406", "note": "", "sensor": "21", "sensorSpacing": "0.873", "sensor_type": "strain", "side": "top", "type": "sensor", "x": "0.87", "y": "0"}, {"angle": "0", "component_id": "S01G01", "fiber": "F01", "fromLeft": "-0.003", "fromRight": "5.238", "fromTop": "0.406", "note": "last", "sensor": "22", "sensorSpacing": "0.873", "sensor_type": "strain", "side": "top", "type": "sensor", "x": "-0.003", "y": "0"}, {"angle": "0", "component_id": "S01G01", "fiber": "F01", "fromLeft": "4.718", "fromRight": "0.517", "fromTop": "0.156", "note": "", "sensor": "23", "sensorSpacing": "4.718", "sensor_type": "strain", "side": "web_down", "type": "sensor", "x": "4.718", "y": "0.156"}, {"angle": "90", "component_id": "S01G01", "fiber": "F01", "fromLeft": "4.718", "fromRight": "0.517", "fromTop": "0.156", "note": "", "sensor": "24", "sensorSpacing": "0.0", "sensor_type": "strain", "side": "web_down", "type": "sensor", "x": "4.718", "y": "0.156"}, {"angle": "45", "component_id": "S01G01", "fiber": "F01", "fromLeft": "4.718", "fromRight": "0.517", "fromTop": "0.156", "note": "", "sensor": "25", "sensorSpacing": "0.0", "sensor_type": "strain", "side": "web_down", "type": "sensor", "x": "4.718", "y": "0.156"}], "F02": [{"angle": "0", "component_id": "S01G06", "fiber": "F02", "fromLeft": "4.925", "fromRight": "0.425", "fromTop": "0.1", "note": "", "sensor": "1", "sensorSpacing": "4.925", "sensor_type": "strain", "side": "up", "type": "sensor", "x": "4.925", "y": "0.1"}, {"angle": "90", "component_id": "S01G06", "fiber": "F02", "fromLeft": "4.925", "fromRight": "0.425", "fromTop": "0.1", "note": "", "sensor": "2", "sensorSpacing": "0.0", "sensor_type": "strain", "side": "up", "type": "sensor", "x": "4.925", "y": "0.1"}, {"angle": "45", "component_id": "S01G06", "fiber": "F02", "fromLeft": "4.925", "fromRight": "0.425", "fromTop": "0.1", "note": "", "sensor": "3", "sensorSpacing": "0.0", "sensor_type": "strain", "side": "up", "type": "sensor", "x": "4.925", "y": "0.1"}, {"angle": "0", "component_id": "S01G06", "fiber": "F02", "fromLeft": "5.35", "fromRight": "0.0", "fromTop": "0.36", "note": "first", "sensor": "4", "sensorSpacing": "0.0", "sensor_type": "strain", "side": "up", "type": "sensor", "x": "5.35", "y": "0.36"}, {"angle": "0", "component_id": "S01G06", "fiber": "F02", "fromLeft": "3.567", "fromRight": "1.783", "fromTop": "0.36", "note": "", "sensor": "5", "sensorSpacing": "1.783", "sensor_type": "strain", "side": "up", "type": "sensor", "x": "3.567", "y": "0.36"}, {"angle": "0", "component_id": "S01G06", "fiber": "F02", "fromLeft": "1.784", "fromRight": "3.566", "fromTop": "0.36", "note": "", "sensor": "6", "sensorSpacing": "1.783", "sensor_type": "strain", "side": "up", "type": "sensor", "x": "1.784", "y": "0.36"}, {"angle": "0", "component_id": "S01G06", "fiber": "F02", "fromLeft": "0.001", "fromRight": "5.349", "fromTop": "0.36", "note": "last", "sensor": "7", "sensorSpacing": "1.783", "sensor_type": "strain", "side": "up", "type": "sensor", "x": "0.001", "y": "0.36"}, {"angle": "0", "component_id": "S01G06", "fiber": "F02", "fromLeft": "0", "fromRight": "5.35", "fromTop": "0.36", "note": "first", "sensor": "8", "sensorSpacing": "0", "sensor_type": "strain", "side": "down", "type": "sensor", "x": "0", "y": "0.36"}, {"angle": "0", "component_id": "S01G06", "fiber": "F02", "fromLeft": "1.783", "fromRight": "3.567", "fromTop": "0.36", "note": "", "sensor": "9", "sensorSpacing": "1.783", "sensor_type": "strain", "side": "down", "type": "sensor", "x": "1.783", "y": "0.36"}, {"angle": "0", "component_id": "S01G06", "fiber": "F02", "fromLeft": "3.566", "fromRight": "1.784", "fromTop": "0.36", "note": "", "sensor": "10", "sensorSpacing": "1.783", "sensor_type": "strain", "side": "down", "type": "sensor", "x": "3.566", "y": "0.36"}, {"angle": "0", "component_id": "S01G06", "fiber": "F02", "fromLeft": "5.349", "fromRight": "0.001", "fromTop": "0.36", "note": "last", "sensor": "11", "sensorSpacing": "1.783", "sensor_type": "strain", "side": "down", "type": "sensor", "x": "5.349", "y": "0.36"}, {"angle": "0", "component_id": "P01CR02", "fiber": "F02", "fromLeft": "0", "fromRight": "0.61", "fromTop": "0", "note": "first", "sensor": "12", "sensorSpacing": "0", "sensor_type": "strain", "side": "left", "type": "sensor", "x": "0", "y": "0"}, {"angle": "0", "component_id": "P01CR02", "fiber": "F02", "fromLeft": "0.305", "fromRight": "0.305", "fromTop": "0", "note": "", "sensor": "13", "sensorSpacing": "0.305", "sensor_type": "strain", "side": "left", "type": "sensor", "x": "0", "y": "0.305"}, {"angle": "0", "component_id": "P01CR02", "fiber": "F02", "fromLeft": "0.61", "fromRight": "0.0", "fromTop": "0", "note": "last", "sensor": "14", "sensorSpacing": "0.305", "sensor_type": "strain", "side": "left", "type": "sensor", "x": "0", "y": "0.61"}, {"angle": "0", "component_id": "S01G05", "fiber": "F02", "fromLeft": "5.35", "fromRight": "0.0", "fromTop": "0.36", "note": "first", "sensor": "15", "sensorSpacing": "0.0", "sensor_type": "strain", "side": "down", "type": "sensor", "x": "5.35", "y": "0.36"}, {"angle": "0", "component_id": "S01G05", "fiber": "F02", "fromLeft": "3.567", "fromRight": "1.783", "fromTop": "0.36", "note": "", "sensor": "16", "sensorSpacing": "1.783", "sensor_type": "strain", "side": "down", "type": "sensor", "x": "3.567", "y": "0.36"}, {"angle": "0", "component_id": "S01G05", "fiber": "F02", "fromLeft": "1.784", "fromRight": "3.566", "fromTop": "0.36", "note": "", "sensor": "17", "sensorSpacing": "1.783", "sensor_type": "strain", "side": "down", "type": "sensor", "x": "1.784", "y": "0.36"}, {"angle": "0", "component_id": "S01G05", "fiber": "F02", "fromLeft": "0.001", "fromRight": "5.349", "fromTop": "0.36", "note": "last", "sensor": "18", "sensorSpacing": "1.783", "sensor_type": "strain", "side": "down", "type": "sensor", "x": "0.001", "y": "0.36"}, {"angle": "0", "component_id": "S01G05", "fiber": "F02", "fromLeft": "0", "fromRight": "5.35", "fromTop": "0.36", "note": "first", "sensor": "19", "sensorSpacing": "0", "sensor_type": "strain", "side": "down", "type": "sensor", "x": "0", "y": "0.36"}, {"angle": "0", "component_id": "S01G05", "fiber": "F02", "fromLeft": "1.783", "fromRight": "3.567", "fromTop": "0.36", "note": "", "sensor": "20", "sensorSpacing": "1.783", "sensor_type": "strain", "side": "down", "type": "sensor", "x": "1.783", "y": "0.36"}, {"angle": "0", "component_id": "S01G05", "fiber": "F02", "fromLeft": "3.566", "fromRight": "1.784", "fromTop": "0.36", "note": "", "sensor": "21", "sensorSpacing": "1.783", "sensor_type": "strain", "side": "down", "type": "sensor", "x": "3.566", "y": "0.36"}, {"angle": "0", "component_id": "S01G05", "fiber": "F02", "fromLeft": "5.349", "fromRight": "0.001", "fromTop": "0.36", "note": "last", "sensor": "22", "sensorSpacing": "1.783", "sensor_type": "strain", "side": "down", "type": "sensor", "x": "5.349", "y": "0.36"}, {"angle": "0", "component_id": "S01G05", "fiber": "F02", "fromLeft": "4.925", "fromRight": "0.425", "fromTop": "0.1", "note": "", "sensor": "23", "sensorSpacing": "4.925", "sensor_type": "strain", "side": "down", "type": "sensor", "x": "4.925", "y": "0.1"}, {"angle": "90", "component_id": "S01G05", "fiber": "F02", "fromLeft": "4.925", "fromRight": "0.425", "fromTop": "0.1", "note": "", "sensor": "24", "sensorSpacing": "0.0", "sensor_type": "strain", "side": "down", "type": "sensor", "x": "4.925", "y": "0.1"}, {"angle": "45", "component_id": "S01G05", "fiber": "F02", "fromLeft": "4.925", "fromRight": "0.425", "fromTop": "0.1", "note": "", "sensor": "25", "sensorSpacing": "0.0", "sensor_type": "strain", "side": "down", "type": "sensor", "x": "4.925", "y": "0.1"}], "F03": [{"angle": "0", "component_id": "S01G08", "fiber": "F03", "fromLeft": "4.925", "fromRight": "0.425", "fromTop": "0.1", "note": "", "sensor": "1", "sensorSpacing": "4.925", "sensor_type": "strain", "side": "up", "type": "sensor", "x": "4.925", "y": "0.1"}, {"angle": "90", "component_id": "S01G08", "fiber": "F03", "fromLeft": "4.925", "fromRight": "0.425", "fromTop": "0.1", "note": "", "sensor": "2", "sensorSpacing": "0.0", "sensor_type": "strain", "side": "up", "type": "sensor", "x": "4.925", "y": "0.1"}, {"angle": "45", "component_id": "S01G08", "fiber": "F03", "fromLeft": "4.925", "fromRight": "0.425", "fromTop": "0.1", "note": "", "sensor": "3", "sensorSpacing": "0.0", "sensor_type": "strain", "side": "up", "type": "sensor", "x": "4.925", "y": "0.1"}, {"angle": "0", "component_id": "S01G08", "fiber": "F03", "fromLeft": "5.35", "fromRight": "0.0", "fromTop": "0.36", "note": "first", "sensor": "4", "sensorSpacing": "0.0", "sensor_type": "strain", "side": "up", "type": "sensor", "x": "5.35", "y": "0.36"}, {"angle": "0", "component_id": "S01G08", "fiber": "F03", "fromLeft": "3.567", "fromRight": "1.783", "fromTop": "0.36", "note": "", "sensor": "5", "sensorSpacing": "1.783", "sensor_type": "strain", "side": "up", "type": "sensor", "x": "3.567", "y": "0.36"}, {"angle": "0", "component_id": "S01G08", "fiber": "F03", "fromLeft": "1.784", "fromRight": "3.566", "fromTop": "0.36", "note": "", "sensor": "6", "sensorSpacing": "1.783", "sensor_type": "strain", "side": "up", "type": "sensor", "x": "1.784", "y": "0.36"}, {"angle": "0", "component_id": "S01G08", "fiber": "F03", "fromLeft": "0.001", "fromRight": "5.349", "fromTop": "0.36", "note": "last", "sensor": "7", "sensorSpacing": "1.783", "sensor_type": "strain", "side": "up", "type": "sensor", "x": "0.001", "y": "0.36"}, {"angle": "0", "component_id": "S01G08", "fiber": "F03", "fromLeft": "0", "fromRight": "5.35", "fromTop": "0.36", "note": "first", "sensor": "8", "sensorSpacing": "0", "sensor_type": "strain", "side": "down", "type": "sensor", "x": "0", "y": "0.36"}, {"angle": "0", "component_id": "S01G08", "fiber": "F03", "fromLeft": "1.783", "fromRight": "3.567", "fromTop": "0.36", "note": "", "sensor": "9", "sensorSpacing": "1.783", "sensor_type": "strain", "side": "down", "type": "sensor", "x": "1.783", "y": "0.36"}, {"angle": "0", "component_id": "S01G08", "fiber": "F03", "fromLeft": "3.566", "fromRight": "1.784", "fromTop": "0.36", "note": "", "sensor": "10", "sensorSpacing": "1.783", "sensor_type": "strain", "side": "down", "type": "sensor", "x": "3.566", "y": "0.36"}, {"angle": "0", "component_id": "S01G08", "fiber": "F03", "fromLeft": "5.349", "fromRight": "0.001", "fromTop": "0.36", "note": "last", "sensor": "11", "sensorSpacing": "1.783", "sensor_type": "strain", "side": "down", "type": "sensor", "x": "5.349", "y": "0.36"}, {"angle": "0", "component_id": "P01CR02", "fiber": "F03", "fromLeft": "0", "fromRight": "0.61", "fromTop": "0", "note": "first", "sensor": "12", "sensorSpacing": "0", "sensor_type": "strain", "side": "left", "type": "sensor", "x": "0", "y": "0"}, {"angle": "0", "component_id": "P01CR02", "fiber": "F03", "fromLeft": "0.305", "fromRight": "0.305", "fromTop": "0", "note": "", "sensor": "13", "sensorSpacing": "0.305", "sensor_type": "strain", "side": "left", "type": "sensor", "x": "0", "y": "0.305"}, {"angle": "0", "component_id": "P01CR02", "fiber": "F03", "fromLeft": "0.61", "fromRight": "0.0", "fromTop": "0", "note": "last", "sensor": "14", "sensorSpacing": "0.305", "sensor_type": "strain", "side": "left", "type": "sensor", "x": "0", "y": "0.61"}, {"angle": "0", "component_id": "S01G07", "fiber": "F03", "fromLeft": "5.35", "fromRight": "0.0", "fromTop": "0.36", "note": "first", "sensor": "15", "sensorSpacing": "0.0", "sensor_type": "strain", "side": "down", "type": "sensor", "x": "5.35", "y": "0.36"}, {"angle": "0", "component_id": "S01G07", "fiber": "F03", "fromLeft": "3.567", "fromRight": "1.783", "fromTop": "0.36", "note": "", "sensor": "16", "sensorSpacing": "1.783", "sensor_type": "strain", "side": "down", "type": "sensor", "x": "3.567", "y": "0.36"}, {"angle": "0", "component_id": "S01G07", "fiber": "F03", "fromLeft": "1.784", "fromRight": "3.566", "fromTop": "0.36", "note": "", "sensor": "17", "sensorSpacing": "1.783", "sensor_type": "strain", "side": "down", "type": "sensor", "x": "1.784", "y": "0.36"}, {"angle": "0", "component_id": "S01G07", "fiber": "F03", "fromLeft": "0.001", "fromRight": "5.349", "fromTop": "0.36", "note": "last", "sensor": "18", "sensorSpacing": "1.783", "sensor_type": "strain", "side": "down", "type": "sensor", "x": "0.001", "y": "0.36"}, {"angle": "0", "component_id": "S01G07", "fiber": "F03", "fromLeft": "0", "fromRight": "5.35", "fromTop": "0.36", "note": "first", "sensor": "19", "sensorSpacing": "0", "sensor_type": "strain", "side": "down", "type": "sensor", "x": "0", "y": "0.36"}, {"angle": "0", "component_id": "S01G07", "fiber": "F03", "fromLeft": "1.783", "fromRight": "3.567", "fromTop": "0.36", "note": "", "sensor": "20", "sensorSpacing": "1.783", "sensor_type": "strain", "side": "down", "type": "sensor", "x": "1.783", "y": "0.36"}, {"angle": "0", "component_id": "S01G07", "fiber": "F03", "fromLeft": "3.566", "fromRight": "1.784", "fromTop": "0.36", "note": "", "sensor": "21", "sensorSpacing": "1.783", "sensor_type": "strain", "side": "down", "type": "sensor", "x": "3.566", "y": "0.36"}, {"angle": "0", "component_id": "S01G07", "fiber": "F03", "fromLeft": "5.349", "fromRight": "0.001", "fromTop": "0.36", "note": "last", "sensor": "22", "sensorSpacing": "1.783", "sensor_type": "strain", "side": "down", "type": "sensor", "x": "5.349", "y": "0.36"}, {"angle": "0", "component_id": "S01G07", "fiber": "F03", "fromLeft": "4.925", "fromRight": "0.425", "fromTop": "0.1", "note": "", "sensor": "23", "sensorSpacing": "4.925", "sensor_type": "strain", "side": "down", "type": "sensor", "x": "4.925", "y": "0.1"}, {"angle": "90", "component_id": "S01G07", "fiber": "F03", "fromLeft": "4.925", "fromRight": "0.425", "fromTop": "0.1", "note": "", "sensor": "24", "sensorSpacing": "0.0", "sensor_type": "strain", "side": "down", "type": "sensor", "x": "4.925", "y": "0.1"}, {"angle": "45", "component_id": "S01G07", "fiber": "F03", "fromLeft": "4.925", "fromRight": "0.425", "fromTop": "0.1", "note": "", "sensor": "25", "sensorSpacing": "0.0", "sensor_type": "strain", "side": "down", "type": "sensor", "x": "4.925", "y": "0.1"}], "F04": [{"angle": "0", "component_id": "S01G12", "fiber": "F04", "fromLeft": "4.718", "fromRight": "0.517", "fromTop": "0.56", "note": "", "sensor": "1", "sensorSpacing": "4.718", "sensor_type": "strain", "side": "web_up", "type": "sensor", "x": "4.718", "y": "0.56"}, {"angle": "90", "component_id": "S01G12", "fiber": "F04", "fromLeft": "4.718", "fromRight": "0.517", "fromTop": "0.56", "note": "", "sensor": "2", "sensorSpacing": "0.0", "sensor_type": "strain", "side": "web_up", "type": "sensor", "x": "4.718", "y": "0.56"}, {"angle": "45", "component_id": "S01G12", "fiber": "F04", "fromLeft": "4.718", "fromRight": "0.517", "fromTop": "0.56", "note": "", "sensor": "3", "sensorSpacing": "0.0", "sensor_type": "strain", "side": "web_up", "type": "sensor", "x": "4.718", "y": "0.56"}, {"angle": "0", "component_id": "S01G12", "fiber": "F04", "fromLeft": "5.235", "fromRight": "0.0", "fromTop": "0.406", "note": "first", "sensor": "4", "sensorSpacing": "0.0", "sensor_type": "strain", "side": "top", "type": "sensor", "x": "5.235", "y": "0"}, {"angle": "0", "component_id": "S01G12", "fiber": "F04", "fromLeft": "4.188", "fromRight": "1.047", "fromTop": "0.406", "note": "", "sensor": "5", "sensorSpacing": "1.047", "sensor_type": "strain", "side": "top", "type": "sensor", "x": "4.188", "y": "0"}, {"angle": "0", "component_id": "S01G12", "fiber": "F04", "fromLeft": "3.141", "fromRight": "2.094", "fromTop": "0.406", "note": "", "sensor": "6", "sensorSpacing": "1.047", "sensor_type": "strain", "side": "top", "type": "sensor", "x": "3.141", "y": "0"}, {"angle": "0", "component_id": "S01G12", "fiber": "F04", "fromLeft": "2.094", "fromRight": "3.141", "fromTop": "0.406", "note": "", "sensor": "7", "sensorSpacing": "1.047", "sensor_type": "strain", "side": "top", "type": "sensor", "x": "2.094", "y": "0"}, {"angle": "0", "component_id": "S01G12", "fiber": "F04", "fromLeft": "1.047", "fromRight": "4.188", "fromTop": "0.406", "note": "", "sensor": "8", "sensorSpacing": "1.047", "sensor_type": "strain", "side": "top", "type": "sensor", "x": "1.047", "y": "0"}, {"angle": "0", "component_id": "S01G12", "fiber": "F04", "fromLeft": "0.0", "fromRight": "5.235", "fromTop": "0.406", "note": "last", "sensor": "9", "sensorSpacing": "1.047", "sensor_type": "strain", "side": "top", "type": "sensor", "x": "0.0", "y": "0"}, {"angle": "0", "component_id": "S01G11", "fiber": "F04", "fromLeft": "5.235", "fromRight": "0.0", "fromTop": "0.406", "note": "first", "sensor": "10", "sensorSpacing": "0.0", "sensor_type": "strain", "side": "top", "type": "sensor", "x": "5.235", "y": "0"}, {"angle": "0", "component_id": "S01G11", "fiber": "F04", "fromLeft": "4.188", "fromRight": "1.047", "fromTop": "0.406", "note": "", "sensor": "11", "sensorSpacing": "1.047", "sensor_type": "strain", "side": "top", "type": "sensor", "x": "4.188", "y": "0"}, {"angle": "0", "component_id": "S01G11", "fiber": "F04", "fromLeft": "3.141", "fromRight": "2.094", "fromTop": "0.406", "note": "", "sensor": "12", "sensorSpacing": "1.047", "sensor_type": "strain", "side": "top", "type": "sensor", "x": "3.141", "y": "0"}, {"angle": "0", "component_id": "S01G11", "fiber": "F04", "fromLeft": "2.094", "fromRight": "3.141", "fromTop": "0.406", "note": "", "sensor": "13", "sensorSpacing": "1.047", "sensor_type": "strain", "side": "top", "type": "sensor", "x": "2.094", "y": "0"}, {"angle": "0", "component_id": "S01G11", "fiber": "F04", "fromLeft": "1.047", "fromRight": "4.188", "fromTop": "0.406", "note": "", "sensor": "14", "sensorSpacing": "1.047", "sensor_type": "strain", "side": "top", "type": "sensor", "x": "1.047", "y": "0"}, {"angle": "0", "component_id": "S01G11", "fiber": "F04", "fromLeft": "0.0", "fromRight": "5.235", "fromTop": "0.406", "note": "last", "sensor": "15", "sensorSpacing": "1.047", "sensor_type": "strain", "side": "top", "type": "sensor", "x": "0.0", "y": "0"}, {"angle": "0", "component_id": "S01G10", "fiber": "F04", "fromLeft": "5.235", "fromRight": "0.0", "fromTop": "0.406", "note": "first", "sensor": "16", "sensorSpacing": "0.0", "sensor_type": "strain", "side": "top", "type": "sensor", "x": "5.235", "y": "0"}, {"angle": "0", "component_id": "S01G10", "fiber": "F04", "fromLeft": "4.362", "fromRight": "0.873", "fromTop": "0.406", "note": "", "sensor": "17", "sensorSpacing": "0.873", "sensor_type": "strain", "side": "top", "type": "sensor", "x": "4.362", "y": "0"}, {"angle": "0", "component_id": "S01G10", "fiber": "F04", "fromLeft": "3.489", "fromRight": "1.746", "fromTop": "0.406", "note": "", "sensor": "18", "sensorSpacing": "0.873", "sensor_type": "strain", "side": "top", "type": "sensor", "x": "3.489", "y": "0"}, {"angle": "0", "component_id": "S01G10", "fiber": "F04", "fromLeft": "2.616", "fromRight": "2.619", "fromTop": "0.406", "note": "", "sensor": "19", "sensorSpacing": "0.873", "sensor_type": "strain", "side": "top", "type": "sensor", "x": "2.616", "y": "0"}, {"angle": "0", "component_id": "S01G10", "fiber": "F04", "fromLeft": "1.743", "fromRight": "3.492", "fromTop": "0.406", "note": "", "sensor": "20", "sensorSpacing": "0.873", "sensor_type": "strain", "side": "top", "type": "sensor", "x": "1.743", "y": "0"}, {"angle": "0", "component_id": "S01G10", "fiber": "F04", "fromLeft": "0.87", "fromRight": "4.365", "fromTop": "0.406", "note": "", "sensor": "21", "sensorSpacing": "0.873", "sensor_type": "strain", "side": "top", "type": "sensor", "x": "0.87", "y": "0"}, {"angle": "0", "component_id": "S01G10", "fiber": "F04", "fromLeft": "-0.003", "fromRight": "5.238", "fromTop": "0.406", "note": "last", "sensor": "22", "sensorSpacing": "0.873", "sensor_type": "strain", "side": "top", "type": "sensor", "x": "-0.003", "y": "0"}, {"angle": "0", "component_id": "S01G10", "fiber": "F04", "fromLeft": "4.718", "fromRight": "0.517", "fromTop": "0.156", "note": "", "sensor": "23", "sensorSpacing": "4.718", "sensor_type": "strain", "side": "web_down", "type": "sensor", "x": "4.718", "y": "0.156"}, {"angle": "90", "component_id": "S01G10", "fiber": "F04", "fromLeft": "4.718", "fromRight": "0.517", "fromTop": "0.156", "note": "", "sensor": "24", "sensorSpacing": "0.0", "sensor_type": "strain", "side": "web_down", "type": "sensor", "x": "4.718", "y": "0.156"}, {"angle": "45", "component_id": "S01G10", "fiber": "F04", "fromLeft": "4.718", "fromRight": "0.517", "fromTop": "0.156", "note": "", "sensor": "25", "sensorSpacing": "0.0", "sensor_type": "strain", "side": "web_down", "type": "sensor", "x": "4.718", "y": "0.156"}], "F05": [{"angle": "0", "component_id": "S02G06", "fiber": "F05", "fromLeft": "4.925", "fromRight": "0.425", "fromTop": "0.1", "note": "", "sensor": "1", "sensorSpacing": "4.925", "sensor_type": "strain", "side": "up", "type": "sensor", "x": "4.925", "y": "0.1"}, {"angle": "90", "component_id": "S02G06", "fiber": "F05", "fromLeft": "4.925", "fromRight": "0.425", "fromTop": "0.1", "note": "", "sensor": "2", "sensorSpacing": "0.0", "sensor_type": "strain", "side": "up", "type": "sensor", "x": "4.925", "y": "0.1"}, {"angle": "45", "component_id": "S02G06", "fiber": "F05", "fromLeft": "4.925", "fromRight": "0.425", "fromTop": "0.1", "note": "", "sensor": "3", "sensorSpacing": "0.0", "sensor_type": "strain", "side": "up", "type": "sensor", "x": "4.925", "y": "0.1"}, {"angle": "0", "component_id": "S02G06", "fiber": "F05", "fromLeft": "5.35", "fromRight": "0.0", "fromTop": "0.36", "note": "first", "sensor": "4", "sensorSpacing": "0.0", "sensor_type": "strain", "side": "up", "type": "sensor", "x": "5.35", "y": "0.36"}, {"angle": "0", "component_id": "S02G06", "fiber": "F05", "fromLeft": "3.567", "fromRight": "1.783", "fromTop": "0.36", "note": "", "sensor": "5", "sensorSpacing": "1.783", "sensor_type": "strain", "side": "up", "type": "sensor", "x": "3.567", "y": "0.36"}, {"angle": "0", "component_id": "S02G06", "fiber": "F05", "fromLeft": "1.784", "fromRight": "3.566", "fromTop": "0.36", "note": "", "sensor": "6", "sensorSpacing": "1.783", "sensor_type": "strain", "side": "up", "type": "sensor", "x": "1.784", "y": "0.36"}, {"angle": "0", "component_id": "S02G06", "fiber": "F05", "fromLeft": "0.001", "fromRight": "5.349", "fromTop": "0.36", "note": "last", "sensor": "7", "sensorSpacing": "1.783", "sensor_type": "strain", "side": "up", "type": "sensor", "x": "0.001", "y": "0.36"}, {"angle": "0", "component_id": "S02G06", "fiber": "F05", "fromLeft": "0", "fromRight": "5.35", "fromTop": "0.36", "note": "first", "sensor": "8", "sensorSpacing": "0", "sensor_type": "strain", "side": "down", "type": "sensor", "x": "0", "y": "0.36"}, {"angle": "0", "component_id": "S02G06", "fiber": "F05", "fromLeft": "1.783", "fromRight": "3.567", "fromTop": "0.36", "note": "", "sensor": "9", "sensorSpacing": "1.783", "sensor_type": "strain", "side": "down", "type": "sensor", "x": "1.783", "y": "0.36"}, {"angle": "0", "component_id": "S02G06", "fiber": "F05", "fromLeft": "3.566", "fromRight": "1.784", "fromTop": "0.36", "note": "", "sensor": "10", "sensorSpacing": "1.783", "sensor_type": "strain", "side": "down", "type": "sensor", "x": "3.566", "y": "0.36"}, {"angle": "0", "component_id": "S02G06", "fiber": "F05", "fromLeft": "5.349", "fromRight": "0.001", "fromTop": "0.36", "note": "last", "sensor": "11", "sensorSpacing": "1.783", "sensor_type": "strain", "side": "down", "type": "sensor", "x": "5.349", "y": "0.36"}, {"angle": "0", "component_id": "P01CR02", "fiber": "F05", "fromLeft": "0", "fromRight": "0.61", "fromTop": "0", "note": "first", "sensor": "12", "sensorSpacing": "0", "sensor_type": "strain", "side": "left", "type": "sensor", "x": "0", "y": "0"}, {"angle": "0", "component_id": "P01CR02", "fiber": "F05", "fromLeft": "0.305", "fromRight": "0.305", "fromTop": "0", "note": "", "sensor": "13", "sensorSpacing": "0.305", "sensor_type": "strain", "side": "left", "type": "sensor", "x": "0", "y": "0.305"}, {"angle": "0", "component_id": "P01CR02", "fiber": "F05", "fromLeft": "0.61", "fromRight": "0.0", "fromTop": "0", "note": "last", "sensor": "14", "sensorSpacing": "0.305", "sensor_type": "strain", "side": "left", "type": "sensor", "x": "0", "y": "0.61"}, {"angle": "0", "component_id": "S02G05", "fiber": "F05", "fromLeft": "5.35", "fromRight": "0.0", "fromTop": "0.36", "note": "first", "sensor": "15", "sensorSpacing": "0.0", "sensor_type": "strain", "side": "down", "type": "sensor", "x": "5.35", "y": "0.36"}, {"angle": "0", "component_id": "S02G05", "fiber": "F05", "fromLeft": "3.567", "fromRight": "1.783", "fromTop": "0.36", "note": "", "sensor": "16", "sensorSpacing": "1.783", "sensor_type": "strain", "side": "down", "type": "sensor", "x": "3.567", "y": "0.36"}, {"angle": "0", "component_id": "S02G05", "fiber": "F05", "fromLeft": "1.784", "fromRight": "3.566", "fromTop": "0.36", "note": "", "sensor": "17", "sensorSpacing": "1.783", "sensor_type": "strain", "side": "down", "type": "sensor", "x": "1.784", "y": "0.36"}, {"angle": "0", "component_id": "S02G05", "fiber": "F05", "fromLeft": "0.001", "fromRight": "5.349", "fromTop": "0.36", "note": "last", "sensor": "18", "sensorSpacing": "1.783", "sensor_type": "strain", "side": "down", "type": "sensor", "x": "0.001", "y": "0.36"}, {"angle": "0", "component_id": "S02G05", "fiber": "F05", "fromLeft": "0", "fromRight": "5.35", "fromTop": "0.36", "note": "first", "sensor": "19", "sensorSpacing": "0", "sensor_type": "strain", "side": "down", "type": "sensor", "x": "0", "y": "0.36"}, {"angle": "0", "component_id": "S02G05", "fiber": "F05", "fromLeft": "1.783", "fromRight": "3.567", "fromTop": "0.36", "note": "", "sensor": "20", "sensorSpacing": "1.783", "sensor_type": "strain", "side": "down", "type": "sensor", "x": "1.783", "y": "0.36"}, {"angle": "0", "component_id": "S02G05", "fiber": "F05", "fromLeft": "3.566", "fromRight": "1.784", "fromTop": "0.36", "note": "", "sensor": "21", "sensorSpacing": "1.783", "sensor_type": "strain", "side": "down", "type": "sensor", "x": "3.566", "y": "0.36"}, {"angle": "0", "component_id": "S02G05", "fiber": "F05", "fromLeft": "5.349", "fromRight": "0.001", "fromTop": "0.36", "note": "last", "sensor": "22", "sensorSpacing": "1.783", "sensor_type": "strain", "side": "down", "type": "sensor", "x": "5.349", "y": "0.36"}, {"angle": "0", "component_id": "S02G05", "fiber": "F05", "fromLeft": "4.925", "fromRight": "0.425", "fromTop": "0.1", "note": "", "sensor": "23", "sensorSpacing": "4.925", "sensor_type": "strain", "side": "down", "type": "sensor", "x": "4.925", "y": "0.1"}, {"angle": "90", "component_id": "S02G05", "fiber": "F05", "fromLeft": "4.925", "fromRight": "0.425", "fromTop": "0.1", "note": "", "sensor": "24", "sensorSpacing": "0.0", "sensor_type": "strain", "side": "down", "type": "sensor", "x": "4.925", "y": "0.1"}, {"angle": "45", "component_id": "S02G05", "fiber": "F05", "fromLeft": "4.925", "fromRight": "0.425", "fromTop": "0.1", "note": "", "sensor": "25", "sensorSpacing": "0.0", "sensor_type": "strain", "side": "down", "type": "sensor", "x": "4.925", "y": "0.1"}], "F06": [{"angle": "0", "component_id": "S02G08", "fiber": "F06", "fromLeft": "4.925", "fromRight": "0.425", "fromTop": "0.1", "note": "", "sensor": "1", "sensorSpacing": "4.925", "sensor_type": "strain", "side": "up", "type": "sensor", "x": "4.925", "y": "0.1"}, {"angle": "90", "component_id": "S02G08", "fiber": "F06", "fromLeft": "4.925", "fromRight": "0.425", "fromTop": "0.1", "note": "", "sensor": "2", "sensorSpacing": "0.0", "sensor_type": "strain", "side": "up", "type": "sensor", "x": "4.925", "y": "0.1"}, {"angle": "45", "component_id": "S02G08", "fiber": "F06", "fromLeft": "4.925", "fromRight": "0.425", "fromTop": "0.1", "note": "", "sensor": "3", "sensorSpacing": "0.0", "sensor_type": "strain", "side": "up", "type": "sensor", "x": "4.925", "y": "0.1"}, {"angle": "0", "component_id": "S02G08", "fiber": "F06", "fromLeft": "5.35", "fromRight": "0.0", "fromTop": "0.36", "note": "first", "sensor": "4", "sensorSpacing": "0.0", "sensor_type": "strain", "side": "up", "type": "sensor", "x": "5.35", "y": "0.36"}, {"angle": "0", "component_id": "S02G08", "fiber": "F06", "fromLeft": "3.567", "fromRight": "1.783", "fromTop": "0.36", "note": "", "sensor": "5", "sensorSpacing": "1.783", "sensor_type": "strain", "side": "up", "type": "sensor", "x": "3.567", "y": "0.36"}, {"angle": "0", "component_id": "S02G08", "fiber": "F06", "fromLeft": "1.784", "fromRight": "3.566", "fromTop": "0.36", "note": "", "sensor": "6", "sensorSpacing": "1.783", "sensor_type": "strain", "side": "up", "type": "sensor", "x": "1.784", "y": "0.36"}, {"angle": "0", "component_id": "S02G08", "fiber": "F06", "fromLeft": "0.001", "fromRight": "5.349", "fromTop": "0.36", "note": "last", "sensor": "7", "sensorSpacing": "1.783", "sensor_type": "strain", "side": "up", "type": "sensor", "x": "0.001", "y": "0.36"}, {"angle": "0", "component_id": "S02G08", "fiber": "F06", "fromLeft": "0", "fromRight": "5.35", "fromTop": "0.36", "note": "first", "sensor": "8", "sensorSpacing": "0", "sensor_type": "strain", "side": "down", "type": "sensor", "x": "0", "y": "0.36"}, {"angle": "0", "component_id": "S02G08", "fiber": "F06", "fromLeft": "1.783", "fromRight": "3.567", "fromTop": "0.36", "note": "", "sensor": "9", "sensorSpacing": "1.783", "sensor_type": "strain", "side": "down", "type": "sensor", "x": "1.783", "y": "0.36"}, {"angle": "0", "component_id": "S02G08", "fiber": "F06", "fromLeft": "3.566", "fromRight": "1.784", "fromTop": "0.36", "note": "", "sensor": "10", "sensorSpacing": "1.783", "sensor_type": "strain", "side": "down", "type": "sensor", "x": "3.566", "y": "0.36"}, {"angle": "0", "component_id": "S02G08", "fiber": "F06", "fromLeft": "5.349", "fromRight": "0.001", "fromTop": "0.36", "note": "last", "sensor": "11", "sensorSpacing": "1.783", "sensor_type": "strain", "side": "down", "type": "sensor", "x": "5.349", "y": "0.36"}, {"angle": "0", "component_id": "P01CR02", "fiber": "F06", "fromLeft": "0", "fromRight": "0.61", "fromTop": "0", "note": "first", "sensor": "12", "sensorSpacing": "0", "sensor_type": "strain", "side": "left", "type": "sensor", "x": "0", "y": "0"}, {"angle": "0", "component_id": "P01CR02", "fiber": "F06", "fromLeft": "0.305", "fromRight": "0.305", "fromTop": "0", "note": "", "sensor": "13", "sensorSpacing": "0.305", "sensor_type": "strain", "side": "left", "type": "sensor", "x": "0", "y": "0.305"}, {"angle": "0", "component_id": "P01CR02", "fiber": "F06", "fromLeft": "0.61", "fromRight": "0.0", "fromTop": "0", "note": "last", "sensor": "14", "sensorSpacing": "0.305", "sensor_type": "strain", "side": "left", "type": "sensor", "x": "0", "y": "0.61"}, {"angle": "0", "component_id": "S02G07", "fiber": "F06", "fromLeft": "5.35", "fromRight": "0.0", "fromTop": "0.36", "note": "first", "sensor": "15", "sensorSpacing": "0.0", "sensor_type": "strain", "side": "down", "type": "sensor", "x": "5.35", "y": "0.36"}, {"angle": "0", "component_id": "S02G07", "fiber": "F06", "fromLeft": "3.567", "fromRight": "1.783", "fromTop": "0.36", "note": "", "sensor": "16", "sensorSpacing": "1.783", "sensor_type": "strain", "side": "down", "type": "sensor", "x": "3.567", "y": "0.36"}, {"angle": "0", "component_id": "S02G07", "fiber": "F06", "fromLeft": "1.784", "fromRight": "3.566", "fromTop": "0.36", "note": "", "sensor": "17", "sensorSpacing": "1.783", "sensor_type": "strain", "side": "down", "type": "sensor", "x": "1.784", "y": "0.36"}, {"angle": "0", "component_id": "S02G07", "fiber": "F06", "fromLeft": "0.001", "fromRight": "5.349", "fromTop": "0.36", "note": "last", "sensor": "18", "sensorSpacing": "1.783", "sensor_type": "strain", "side": "down", "type": "sensor", "x": "0.001", "y": "0.36"}, {"angle": "0", "component_id": "S02G07", "fiber": "F06", "fromLeft": "0", "fromRight": "5.35", "fromTop": "0.36", "note": "first", "sensor": "19", "sensorSpacing": "0", "sensor_type": "strain", "side": "down", "type": "sensor", "x": "0", "y": "0.36"}, {"angle": "0", "component_id": "S02G07", "fiber": "F06", "fromLeft": "1.783", "fromRight": "3.567", "fromTop": "0.36", "note": "", "sensor": "20", "sensorSpacing": "1.783", "sensor_type": "strain", "side": "down", "type": "sensor", "x": "1.783", "y": "0.36"}, {"angle": "0", "component_id": "S02G07", "fiber": "F06", "fromLeft": "3.566", "fromRight": "1.784", "fromTop": "0.36", "note": "", "sensor": "21", "sensorSpacing": "1.783", "sensor_type": "strain", "side": "down", "type": "sensor", "x": "3.566", "y": "0.36"}, {"angle": "0", "component_id": "S02G07", "fiber": "F06", "fromLeft": "5.349", "fromRight": "0.001", "fromTop": "0.36", "note": "last", "sensor": "22", "sensorSpacing": "1.783", "sensor_type": "strain", "side": "down", "type": "sensor", "x": "5.349", "y": "0.36"}, {"angle": "0", "component_id": "S02G07", "fiber": "F06", "fromLeft": "4.925", "fromRight": "0.425", "fromTop": "0.1", "note": "", "sensor": "23", "sensorSpacing": "4.925", "sensor_type": "strain", "side": "down", "type": "sensor", "x": "4.925", "y": "0.1"}, {"angle": "90", "component_id": "S02G07", "fiber": "F06", "fromLeft": "4.925", "fromRight": "0.425", "fromTop": "0.1", "note": "", "sensor": "24", "sensorSpacing": "0.0", "sensor_type": "strain", "side": "down", "type": "sensor", "x": "4.925", "y": "0.1"}, {"angle": "45", "component_id": "S02G07", "fiber": "F06", "fromLeft": "4.925", "fromRight": "0.425", "fromTop": "0.1", "note": "", "sensor": "25", "sensorSpacing": "0.0", "sensor_type": "strain", "side": "down", "type": "sensor", "x": "4.925", "y": "0.1"}], "F07": [{"angle": "0", "component_id": "S02G12", "fiber": "F07", "fromLeft": "4.718", "fromRight": "0.517", "fromTop": "0.56", "note": "", "sensor": "1", "sensorSpacing": "4.718", "sensor_type": "strain", "side": "web_up", "type": "sensor", "x": "4.718", "y": "0.56"}, {"angle": "90", "component_id": "S02G12", "fiber": "F07", "fromLeft": "4.718", "fromRight": "0.517", "fromTop": "0.56", "note": "", "sensor": "2", "sensorSpacing": "0.0", "sensor_type": "strain", "side": "web_up", "type": "sensor", "x": "4.718", "y": "0.56"}, {"angle": "45", "component_id": "S02G12", "fiber": "F07", "fromLeft": "4.718", "fromRight": "0.517", "fromTop": "0.56", "note": "", "sensor": "3", "sensorSpacing": "0.0", "sensor_type": "strain", "side": "web_up", "type": "sensor", "x": "4.718", "y": "0.56"}, {"angle": "0", "component_id": "S02G12", "fiber": "F07", "fromLeft": "5.235", "fromRight": "0.0", "fromTop": "0.406", "note": "first", "sensor": "4", "sensorSpacing": "0.0", "sensor_type": "strain", "side": "top", "type": "sensor", "x": "5.235", "y": "0"}, {"angle": "0", "component_id": "S02G12", "fiber": "F07", "fromLeft": "4.188", "fromRight": "1.047", "fromTop": "0.406", "note": "", "sensor": "5", "sensorSpacing": "1.047", "sensor_type": "strain", "side": "top", "type": "sensor", "x": "4.188", "y": "0"}, {"angle": "0", "component_id": "S02G12", "fiber": "F07", "fromLeft": "3.141", "fromRight": "2.094", "fromTop": "0.406", "note": "", "sensor": "6", "sensorSpacing": "1.047", "sensor_type": "strain", "side": "top", "type": "sensor", "x": "3.141", "y": "0"}, {"angle": "0", "component_id": "S02G12", "fiber": "F07", "fromLeft": "2.094", "fromRight": "3.141", "fromTop": "0.406", "note": "", "sensor": "7", "sensorSpacing": "1.047", "sensor_type": "strain", "side": "top", "type": "sensor", "x": "2.094", "y": "0"}, {"angle": "0", "component_id": "S02G12", "fiber": "F07", "fromLeft": "1.047", "fromRight": "4.188", "fromTop": "0.406", "note": "", "sensor": "8", "sensorSpacing": "1.047", "sensor_type": "strain", "side": "top", "type": "sensor", "x": "1.047", "y": "0"}, {"angle": "0", "component_id": "S02G12", "fiber": "F07", "fromLeft": "0.0", "fromRight": "5.235", "fromTop": "0.406", "note": "last", "sensor": "9", "sensorSpacing": "1.047", "sensor_type": "strain", "side": "top", "type": "sensor", "x": "0.0", "y": "0"}, {"angle": "0", "component_id": "S02G11", "fiber": "F07", "fromLeft": "0", "fromRight": "5.235", "fromTop": "0.406", "note": "first", "sensor": "10", "sensorSpacing": "0", "sensor_type": "strain", "side": "top", "type": "sensor", "x": "0", "y": "0"}, {"angle": "0", "component_id": "S02G11", "fiber": "F07", "fromLeft": "1.047", "fromRight": "4.188", "fromTop": "0.406", "note": "", "sensor": "11", "sensorSpacing": "1.047", "sensor_type": "strain", "side": "top", "type": "sensor", "x": "1.047", "y": "0"}, {"angle": "0", "component_id": "S02G11", "fiber": "F07", "fromLeft": "2.094", "fromRight": "3.141", "fromTop": "0.406", "note": "", "sensor": "12", "sensorSpacing": "1.047", "sensor_type": "strain", "side": "top", "type": "sensor", "x": "2.094", "y": "0"}, {"angle": "0", "component_id": "S02G11", "fiber": "F07", "fromLeft": "3.141", "fromRight": "2.094", "fromTop": "0.406", "note": "", "sensor": "13", "sensorSpacing": "1.047", "sensor_type": "strain", "side": "top", "type": "sensor", "x": "3.141", "y": "0"}, {"angle": "0", "component_id": "S02G11", "fiber": "F07", "fromLeft": "4.188", "fromRight": "1.047", "fromTop": "0.406", "note": "", "sensor": "14", "sensorSpacing": "1.047", "sensor_type": "strain", "side": "top", "type": "sensor", "x": "4.188", "y": "0"}, {"angle": "0", "component_id": "S02G11", "fiber": "F07", "fromLeft": "5.235", "fromRight": "0.0", "fromTop": "0.406", "note": "last", "sensor": "15", "sensorSpacing": "1.047", "sensor_type": "strain", "side": "top", "type": "sensor", "x": "5.235", "y": "0"}, {"angle": "0", "component_id": "S02G10", "fiber": "F07", "fromLeft": "5.235", "fromRight": "0.0", "fromTop": "0.406", "note": "first", "sensor": "16", "sensorSpacing": "0.0", "sensor_type": "strain", "side": "top", "type": "sensor", "x": "5.235", "y": "0"}, {"angle": "0", "component_id": "S02G10", "fiber": "F07", "fromLeft": "4.362", "fromRight": "0.873", "fromTop": "0.406", "note": "", "sensor": "17", "sensorSpacing": "0.873", "sensor_type": "strain", "side": "top", "type": "sensor", "x": "4.362", "y": "0"}, {"angle": "0", "component_id": "S02G10", "fiber": "F07", "fromLeft": "3.489", "fromRight": "1.746", "fromTop": "0.406", "note": "", "sensor": "18", "sensorSpacing": "0.873", "sensor_type": "strain", "side": "top", "type": "sensor", "x": "3.489", "y": "0"}, {"angle": "0", "component_id": "S02G10", "fiber": "F07", "fromLeft": "2.616", "fromRight": "2.619", "fromTop": "0.406", "note": "", "sensor": "19", "sensorSpacing": "0.873", "sensor_type": "strain", "side": "top", "type": "sensor", "x": "2.616", "y": "0"}, {"angle": "0", "component_id": "S02G10", "fiber": "F07", "fromLeft": "1.743", "fromRight": "3.492", "fromTop": "0.406", "note": "", "sensor": "20", "sensorSpacing": "0.873", "sensor_type": "strain", "side": "top", "type": "sensor", "x": "1.743", "y": "0"}, {"angle": "0", "component_id": "S02G10", "fiber": "F07", "fromLeft": "0.87", "fromRight": "4.365", "fromTop": "0.406", "note": "", "sensor": "21", "sensorSpacing": "0.873", "sensor_type": "strain", "side": "top", "type": "sensor", "x": "0.87", "y": "0"}, {"angle": "0", "component_id": "S02G10", "fiber": "F07", "fromLeft": "-0.003", "fromRight": "5.238", "fromTop": "0.406", "note": "last", "sensor": "22", "sensorSpacing": "0.873", "sensor_type": "strain", "side": "top", "type": "sensor", "x": "-0.003", "y": "0"}, {"angle": "0", "component_id": "S02G10", "fiber": "F07", "fromLeft": "4.718", "fromRight": "0.517", "fromTop": "0.156", "note": "", "sensor": "23", "sensorSpacing": "4.718", "sensor_type": "strain", "side": "web_down", "type": "sensor", "x": "4.718", "y": "0.156"}, {"angle": "90", "component_id": "S02G10", "fiber": "F07", "fromLeft": "4.718", "fromRight": "0.517", "fromTop": "0.156", "note": "", "sensor": "24", "sensorSpacing": "0.0", "sensor_type": "strain", "side": "web_down", "type": "sensor", "x": "4.718", "y": "0.156"}, {"angle": "45", "component_id": "S02G10", "fiber": "F07", "fromLeft": "4.718", "fromRight": "0.517", "fromTop": "0.156", "note": "", "sensor": "25", "sensorSpacing": "0.0", "sensor_type": "strain", "side": "web_down", "type": "sensor", "x": "4.718", "y": "0.156"}], "F08": [{"angle": "0", "component_id": "P01CR02", "fiber": "F08", "fromLeft": "2.453", "fromRight": "4.252", "fromTop": "0.24", "note": "", "sensor": "1", "sensorSpacing": "2.453", "sensor_type": "strain", "side": "left", "type": "sensor", "x": "2.453", "y": "0.24"}, {"angle": "90", "component_id": "P01CR02", "fiber": "F08", "fromLeft": "2.453", "fromRight": "4.252", "fromTop": "0.24", "note": "", "sensor": "2", "sensorSpacing": "0.0", "sensor_type": "strain", "side": "left", "type": "sensor", "x": "2.453", "y": "0.24"}, {"angle": "45", "component_id": "P01CR02", "fiber": "F08", "fromLeft": "2.453", "fromRight": "4.252", "fromTop": "0.24", "note": "", "sensor": "3", "sensorSpacing": "0.0", "sensor_type": "strain", "side": "left", "type": "sensor", "x": "2.453", "y": "0.24"}, {"angle": "0", "component_id": "P01CR01", "fiber": "F08", "fromLeft": "1.935", "fromRight": "0.405", "fromTop": "0.05", "note": "", "sensor": "4", "sensorSpacing": "1.935", "sensor_type": "strain", "side": "left", "type": "sensor", "x": "1.935", "y": "0.05"}, {"angle": "0", "component_id": "P01CR01", "fiber": "F08", "fromLeft": "1.935", "fromRight": "0.405", "fromTop": "0.22", "note": "", "sensor": "5", "sensorSpacing": "1.935", "sensor_type": "strain", "side": "left", "type": "sensor", "x": "1.935", "y": "0.22"}, {"angle": "90", "component_id": "P01CR01", "fiber": "F08", "fromLeft": "1.935", "fromRight": "0.405", "fromTop": "0.22", "note": "", "sensor": "6", "sensorSpacing": "0.0", "sensor_type": "strain", "side": "left", "type": "sensor", "x": "1.935", "y": "0.22"}, {"angle": "45", "component_id": "P01CR01", "fiber": "F08", "fromLeft": "1.935", "fromRight": "0.405", "fromTop": "0.22", "note": "", "sensor": "7", "sensorSpacing": "0.0", "sensor_type": "strain", "side": "left", "type": "sensor", "x": "1.935", "y": "0.22"}, {"angle": "0", "component_id": "P01C01", "fiber": "F08", "fromLeft": "0", "fromRight": "0.406", "fromTop": "2", "note": "first", "sensor": "8", "sensorSpacing": "0", "sensor_type": "strain", "side": "left", "type": "sensor", "x": "0", "y": "2"}, {"angle": "0", "component_id": "P01C01", "fiber": "F08", "fromLeft": "0.406", "fromRight": "0.0", "fromTop": "2", "note": "last", "sensor": "9", "sensorSpacing": "0.406", "sensor_type": "strain", "side": "left", "type": "sensor", "x": "0.406", "y": "2"}, {"angle": "0", "component_id": "P01CR01", "fiber": "F08", "fromLeft": "2.34", "fromRight": "0.0", "fromTop": "0.38", "note": "last", "sensor": "10", "sensorSpacing": "0.0", "sensor_type": "strain", "side": "bottom", "type": "sensor", "x": "2.34", "y": "0.38"}, {"angle": "0", "component_id": "P01C03", "fiber": "F08", "fromLeft": "0", "fromRight": "0.508", "fromTop": "2", "note": "first", "sensor": "11", "sensorSpacing": "0", "sensor_type": "strain", "side": "left", "type": "sensor", "x": "0", "y": "2"}, {"angle": "0", "component_id": "P01C03", "fiber": "F08", "fromLeft": "0.508", "fromRight": "0.0", "fromTop": "2", "note": "last", "sensor": "12", "sensorSpacing": "0.508", "sensor_type": "strain", "side": "left", "type": "sensor", "x": "0.508", "y": "2"}, {"angle": "0", "component_id": "P01CR02", "fiber": "F08", "fromLeft": "0", "fromRight": "6.705", "fromTop": "0", "note": "", "sensor": "13", "sensorSpacing": "0", "sensor_type": "strain", "side": "bottom", "type": "sensor", "x": "0", "y": "0"}, {"angle": "0", "component_id": "P01C04", "fiber": "F08", "fromLeft": "0", "fromRight": "0.508", "fromTop": "2", "note": "first", "sensor": "14", "sensorSpacing": "0", "sensor_type": "strain", "side": "right", "type": "sensor", "x": "0", "y": "2"}, {"angle": "0", "component_id": "P01C04", "fiber": "F08", "fromLeft": "0.508", "fromRight": "0.0", "fromTop": "2", "note": "last", "sensor": "15", "sensorSpacing": "0.508", "sensor_type": "strain", "side": "right", "type": "sensor", "x": "0.508", "y": "2"}, {"angle": "0", "component_id": "P01CR03", "fiber": "F08", "fromLeft": "0", "fromRight": "2.34", "fromTop": "0", "note": "", "sensor": "16", "sensorSpacing": "0", "sensor_type": "strain", "side": "bottom", "type": "sensor", "x": "0", "y": "0"}, {"angle": "0", "component_id": "P01C06", "fiber": "F08", "fromLeft": "0", "fromRight": "0.406", "fromTop": "2", "note": "first", "sensor": "17", "sensorSpacing": "0", "sensor_type": "strain", "side": "right", "type": "sensor", "x": "0", "y": "2"}, {"angle": "0", "component_id": "P01C06", "fiber": "F08", "fromLeft": "0.406", "fromRight": "0.0", "fromTop": "2", "note": "last", "sensor": "18", "sensorSpacing": "0.406", "sensor_type": "strain", "side": "right", "type": "sensor", "x": "0.406", "y": "2"}, {"angle": "0", "component_id": "P01CR03", "fiber": "F08", "fromLeft": "1.12", "fromRight": "1.22", "fromTop": "0.22", "note": "", "sensor": "19", "sensorSpacing": "1.12", "sensor_type": "strain", "side": "left", "type": "sensor", "x": "1.12", "y": "0.22"}, {"angle": "90", "component_id": "P01CR03", "fiber": "F08", "fromLeft": "1.12", "fromRight": "1.22", "fromTop": "0.22", "note": "", "sensor": "20", "sensorSpacing": "0.0", "sensor_type": "strain", "side": "left", "type": "sensor", "x": "1.12", "y": "0.22"}, {"angle": "45", "component_id": "P01CR03", "fiber": "F08", "fromLeft": "1.12", "fromRight": "1.22", "fromTop": "0.22", "note": "", "sensor": "21", "sensorSpacing": "0.0", "sensor_type": "strain", "side": "left", "type": "sensor", "x": "1.12", "y": "0.22"}, {"angle": "0", "component_id": "P01CR03", "fiber": "F08", "fromLeft": "0.405", "fromRight": "1.935", "fromTop": "0.05", "note": "", "sensor": "22", "sensorSpacing": "0.405", "sensor_type": "strain", "side": "left", "type": "sensor", "x": "0.405", "y": "0.05"}, {"angle": "0", "component_id": "P01CR02", "fiber": "F08", "fromLeft": "4.253", "fromRight": "2.452", "fromTop": "0.24", "note": "", "sensor": "23", "sensorSpacing": "4.253", "sensor_type": "strain", "side": "left", "type": "sensor", "x": "4.253", "y": "0.24"}, {"angle": "90", "component_id": "P01CR02", "fiber": "F08", "fromLeft": "4.253", "fromRight": "2.452", "fromTop": "0.24", "note": "", "sensor": "24", "sensorSpacing": "0.0", "sensor_type": "strain", "side": "left", "type": "sensor", "x": "4.253", "y": "0.24"}, {"angle": "45", "component_id": "P01CR02", "fiber": "F08", "fromLeft": "4.253", "fromRight": "2.452", "fromTop": "0.24", "note": "", "sensor": "25", "sensorSpacing": "0.0", "sensor_type": "strain", "side": "left", "type": "sensor", "x": "4.253", "y": "0.24"}], "display-algorithm": "", "deflection": [{"algorithm_type": "girder_deflection", "component_id": "P01CR01", "fiber_id": "F02", "id": "D01", "sensor_type": "sensor_pair_array", "sensors_bottom": [14, 14, 14, 14], "sensors_top": [12, 12, 12, 12], "type": "algorithm"}, {"algorithm_type": "girder_deflection", "component_id": "P01CR01", "fiber_id": "F08", "id": "D02", "sensor_type": "sensor_pair_array", "sensors_bottom": [6], "sensors_top": [4], "type": "algorithm"}], "shear": [{"algorithm_type": "girder_shear", "component_id": "S01G03", "fiber_id": "F01", "id": "SH01", "rosette_0": 1, "rosette_45": 3, "rosette_90": 2, "sensor_type": "3d_rosette", "type": "algorithm"}, {"algorithm_type": "girder_shear", "component_id": "S01G01", "fiber_id": "F01", "id": "SH02", "rosette_0": 23, "rosette_45": 25, "rosette_90": 24, "sensor_type": "3d_rosette", "type": "algorithm"}, {"algorithm_type": "girder_shear", "component_id": "S01G06", "fiber_id": "F02", "id": "SH03", "rosette_0": 1, "rosette_45": 3, "rosette_90": 2, "sensor_type": "3d_rosette", "type": "algorithm"}, {"algorithm_type": "girder_shear", "component_id": "S01G05", "fiber_id": "F02", "id": "SH04", "rosette_0": 23, "rosette_45": 25, "rosette_90": 24, "sensor_type": "3d_rosette", "type": "algorithm"}, {"algorithm_type": "girder_shear", "component_id": "S01G08", "fiber_id": "F03", "id": "SH05", "rosette_0": 1, "rosette_45": 3, "rosette_90": 2, "sensor_type": "3d_rosette", "type": "algorithm"}, {"algorithm_type": "girder_shear", "component_id": "S01G07", "fiber_id": "F03", "id": "SH06", "rosette_0": 23, "rosette_45": 25, "rosette_90": 24, "sensor_type": "3d_rosette", "type": "algorithm"}, {"algorithm_type": "girder_shear", "component_id": "S01G12", "fiber_id": "F04", "id": "SH07", "rosette_0": 1, "rosette_45": 3, "rosette_90": 2, "sensor_type": "3d_rosette", "type": "algorithm"}, {"algorithm_type": "girder_shear", "component_id": "S01G10", "fiber_id": "F04", "id": "SH08", "rosette_0": 23, "rosette_45": 25, "rosette_90": 24, "sensor_type": "3d_rosette", "type": "algorithm"}, {"algorithm_type": "girder_shear", "component_id": "S02G06", "fiber_id": "F05", "id": "SH09", "rosette_0": 1, "rosette_45": 3, "rosette_90": 2, "sensor_type": "3d_rosette", "type": "algorithm"}, {"algorithm_type": "girder_shear", "component_id": "S02G05", "fiber_id": "F05", "id": "SH10", "rosette_0": 23, "rosette_45": 25, "rosette_90": 24, "sensor_type": "3d_rosette", "type": "algorithm"}, {"algorithm_type": "girder_shear", "component_id": "S02G08", "fiber_id": "F06", "id": "SH11", "rosette_0": 1, "rosette_45": 3, "rosette_90": 2, "sensor_type": "3d_rosette", "type": "algorithm"}, {"algorithm_type": "girder_shear", "component_id": "S02G07", "fiber_id": "F06", "id": "SH12", "rosette_0": 23, "rosette_45": 25, "rosette_90": 24, "sensor_type": "3d_rosette", "type": "algorithm"}, {"algorithm_type": "girder_shear", "component_id": "S02G12", "fiber_id": "F07", "id": "SH13", "rosette_0": 1, "rosette_45": 3, "rosette_90": 2, "sensor_type": "3d_rosette", "type": "algorithm"}, {"algorithm_type": "girder_shear", "component_id": "S02G10", "fiber_id": "F07", "id": "SH14", "rosette_0": 23, "rosette_45": 25, "rosette_90": 24, "sensor_type": "3d_rosette", "type": "algorithm"}, {"algorithm_type": "girder_shear", "component_id": "P01CR02", "fiber_id": "F08", "id": "SH15", "rosette_0": 1, "rosette_45": 3, "rosette_90": 2, "sensor_type": "3d_rosette", "type": "algorithm"}, {"algorithm_type": "girder_shear", "component_id": "P01CR01", "fiber_id": "F08", "id": "SH16", "rosette_0": 5, "rosette_45": 7, "rosette_90": 6, "sensor_type": "3d_rosette", "type": "algorithm"}, {"algorithm_type": "girder_shear", "component_id": "P01CR03", "fiber_id": "F08", "id": "SH17", "rosette_0": 19, "rosette_45": 21, "rosette_90": 20, "sensor_type": "3d_rosette", "type": "algorithm"}, {"algorithm_type": "girder_shear", "component_id": "P01CR02", "fiber_id": "F08", "id": "SH18", "rosette_0": 23, "rosette_45": 25, "rosette_90": 24, "sensor_type": "3d_rosette", "type": "algorithm"}], "bending_moment": [{"algorithm_type": "girder_bending_moment", "component_id": "P01CR02", "fiber_id": "F02", "id": "BM01", "sensor_bottom": 14, "sensor_top": 12, "sensor_type": "sensor_pair", "type": "algorithm"}, {"algorithm_type": "girder_bending_moment", "component_id": "P01CR02", "fiber_id": "F03", "id": "BM02", "sensor_bottom": 14, "sensor_top": 12, "sensor_type": "sensor_pair", "type": "algorithm"}, {"algorithm_type": "girder_bending_moment", "component_id": "P01CR02", "fiber_id": "F05", "id": "BM03", "sensor_bottom": 14, "sensor_top": 12, "sensor_type": "sensor_pair", "type": "algorithm"}, {"algorithm_type": "girder_bending_moment", "component_id": "P01CR02", "fiber_id": "F06", "id": "BM04", "sensor_bottom": 14, "sensor_top": 12, "sensor_type": "sensor_pair", "type": "algorithm"}, {"algorithm_type": "girder_bending_moment", "component_id": "P01CR01", "fiber_id": "F08", "id": "BM05", "sensor_bottom": 6, "sensor_top": 4, "sensor_type": "sensor_pair", "type": "algorithm"}], "path": "dis-as-built"}, "access": [], "metadata": {"browserName": "Netscape", "offset": 600, "onLine": true, "origin": "http://192.168.1.6:8000", "pathName": "/designer/edit/dis-as-design/3COL_3501", "referrer": "http://192.168.1.6:8000/designer/edit/bridge-overview/3COL_3501", "selectData": {"classification": {"label": "I-B"}, "fiber_mapping": [{"fiber_type": {"data": {"id": "41200256"}}}, {"fiber_type": {"data": {"id": "41200256"}}}, {"fiber_type": {"data": {"id": "41200256"}}}, {"fiber_type": {"data": {"id": "41200256"}}}, {"fiber_type": {"data": {"id": "41200256"}}}, {"fiber_type": {"data": {"id": "41200256"}}}, {"fiber_type": {"data": {"id": "41200256"}}}, {"fiber_type": {"data": {"id": "41200256"}}}], "jinja_template": {"label": "V2.1"}}, "timezone": "Australia/Melbourne", "userAgent": "Mozilla/5.0 (Macintosh; Intel Mac OS X 10_15_7) AppleWebKit/537.36 (KHTML, like Gecko) Chrome/102.0.5005.61 Safari/537.36"}, "form": "62f5cc8f54d20a6914e4bfee", "externalIds": [], "created": "2022-08-12T03:44:19.410Z", "modified": "2022-08-12T06:08:31.752Z"}