{"_id": "62f5cc9954d20a1387e4bff8", "owner": "627ddf364022c591c1b05f1b", "roles": [], "data": {"eloque_id": "AU-03BEV-BR1058", "bridge_name": "Beveridge", "asset_id": "SN1058_BEVERIDGE", "sharepoint_name": "3BEV-58", "structure_id": "SN1058", "classification": ["I-A"], "save-excel": false, "update-metadata": false, "update-json": false, "jinja_template": "", "coordinates_latitude": -37.52816, "coordinates_longitude": 144.94768, "path": "dis-as-built"}, "access": [], "form": "62f5cc8f54d20a6914e4bfee", "externalIds": [], "created": "2022-08-12T03:44:25.310Z", "modified": "2022-08-12T06:08:26.622Z"}