{"_id": "62f5cc9954d20a23dfe4bff7", "owner": "627ddf364022c591c1b05f1b", "roles": [], "data": {"eloque_id": "AU-03FOR-BR3963", "bridge_name": "Forest", "asset_id": "3FOR_3963", "sharepoint_name": "3FOR-3963", "structure_id": "SN3963", "classification": ["I-A"], "_version": 15, "_form_version": "0", "save-excel": true, "update-metadata": false, "update-json": false, "jinja_template": "v2.1", "display-page": "", "feature_crossed": "", "road_name": "", "coordinates_latitude": "-38.50906", "coordinates_longitude": "143.71857", "deck_width": "0", "skew_angle": "0", "down": "", "up": "", "left": "", "right": "", "left2right": "", "right2left": "", "lanes": [{"laneType": "", "lane_direction": "", "lane_id": {}, "lane_width": "", "transverse_coordinates": 0, "transverse_id": ""}], "structure": [{"componentId": "", "componentType": {}, "superstructureLane": {}}], "componentTypes": [{"componentType": "", "effective_area": "", "effective_area_moment_of_inertia": "", "effective_shear_modulus": "", "effective_youngs_modulus": "", "flangeWidth1": "", "flangeWidth2": "", "height": "", "length": "", "structureSubType": "", "structureType": "", "weight": "", "width": ""}], "F01": [{"angle": "", "component_id": "", "sensor": "", "sensor_type": "", "side": "", "x": "", "y": ""}], "F02": [{"angle": "", "component_id": "", "sensor": "", "sensor_type": "", "side": "", "x": "", "y": ""}], "F03": [{"angle": "", "component_id": "", "sensor": "", "sensor_type": "", "side": "", "x": "", "y": ""}], "F04": [{"angle": "", "component_id": "", "sensor": "", "sensor_type": "", "side": "", "x": "", "y": ""}], "F05": [{"angle": "", "component_id": "", "sensor": "", "sensor_type": "", "side": "", "x": "", "y": ""}], "F06": [{"angle": "", "component_id": "", "sensor": "", "sensor_type": "", "side": "", "x": "", "y": ""}], "F07": [{"angle": "", "component_id": "", "sensor": "", "sensor_type": "", "side": "", "x": "", "y": ""}], "F08": [{"angle": "", "component_id": "", "sensor": "", "sensor_type": "", "side": "", "x": "", "y": ""}], "display-algorithm": "", "deflection": [{"component_id": "", "fiber_id": "", "id": "", "sensors_bottom": "", "sensors_top": ""}], "shear": [{"component_id": "", "fiber_id": "", "id": "", "rosette_0": "", "rosette_45": "", "rosette_90": ""}], "bending_moment": [{"component_id": "", "fiber_id": "", "id": "", "sensor_bottom": "", "sensor_top": ""}], "fiber_updates": [{"fiber": {}, "fiber_command": "", "sensor": {}, "wavelength": ""}], "critical_sensors": [{"description": "", "fiber": {}, "sensor": {}}], "path": "dis-as-built"}, "access": [], "metadata": {"browserName": "Netscape", "offset": 600, "onLine": true, "origin": "http://192.168.1.5:8000", "pathName": "/designer/edit/dis-as-design/AU-03FOR-BR3963", "referrer": "http://192.168.1.5:8000/designer/edit/bridge-overview/AU-03FOR-BR3963", "selectData": {"classification": {"label": "I-A"}, "jinja_template": {"label": "V2.1"}, "lanes": [{"lane_direction": {"label": "Middle"}, "laneType": {"label": "Transit"}}]}, "timezone": "Australia/Melbourne", "userAgent": "Mozilla/5.0 (Macintosh; Intel Mac OS X 10_15_7) AppleWebKit/537.36 (KHTML, like Gecko) Chrome/102.0.0.0 Safari/537.36"}, "form": "62f5cc8f54d20a6914e4bfee", "externalIds": [], "created": "2022-08-12T03:44:25.045Z", "modified": "2022-08-12T06:08:26.354Z"}