{"_id": "62f5ccae54d20a42a6e4c036", "owner": "627ddf364022c591c1b05f1b", "roles": [], "data": {"eloque_id": "AU-03BEV-BR1058", "bridge_name": "Beveridge", "asset_id": "SN1058_BEVERIDGE", "sharepoint_name": "3BEV-58", "structure_id": "SN1058", "classification": ["I-A"], "save-excel": false, "jinja_template": "", "lock-configuration": false, "coordinates_latitude": -37.52816, "coordinates_longitude": 144.94768, "totalSpans": "", "totalGirders": "", "totalPiers": "", "totalPierCrossheads": "", "totalPierColumns": "", "totalTransverseLanes": "", "totalLanes": "", "fiberType": "", "totalFibers": "", "path": "mapping-sensors"}, "access": [], "form": "62f5ccad54d20a5d9ae4c033", "externalIds": [], "created": "2022-08-12T03:44:46.164Z", "modified": "2022-08-12T06:08:57.550Z"}