{"_id": "62f5ccb954d20a5e93e4c05c", "owner": "627ddf364022c591c1b05f1b", "roles": [], "data": {"id": "dis-as-design", "description": "DIS As-Design replacement for Excel", "keyfield": "eloque_id", "app_useage": "application", "panelColumns2AddWorkflow": false, "_version": 5, "_form_version": "", "path": "app-forms"}, "access": [], "metadata": {"browserName": "Netscape", "offset": 600, "onLine": true, "origin": "http://localhost:8000", "pathName": "/panel/edit/reference/app-forms/**%20New%20**", "referrer": "http://localhost:8000/panel/tool/reference/app-forms", "selectData": {"actions": [{"method": {"label": "Update Metadata"}, "trigger_field_id": {"label": "Update Metadata"}}, {"method": {"label": "Update JSON"}, "trigger_field_id": {"label": "Update JSON"}}, {"method": {"label": "Save Mapped Data"}, "trigger_field_id": {"label": "Update As-Built"}}, {"method": {"label": "Save Excel"}, "trigger_field_id": {"label": "Save Excel"}}, {"method": {"label": "Save Excel"}, "trigger_field_id": {"label": "Save Excel"}}], "app_useage": {"label": "Application"}, "appl_function": {"label": "DIS As-Design"}}, "timezone": "Australia/Melbourne", "userAgent": "Mozilla/5.0 (Macintosh; Intel Mac OS X 10_15_7) AppleWebKit/537.36 (KHTML, like Gecko) Chrome/100.0.4896.75 Safari/537.36"}, "form": "62f5ccb854d20ae433e4c051", "externalIds": [], "created": "2022-08-12T03:44:57.516Z", "modified": "2022-08-12T06:09:13.128Z"}