{"_id": "62f5ccba54d20a9be0e4c067", "owner": "627ddf364022c591c1b05f1b", "roles": [], "data": {"id": "view", "description": "Views of Submissions by Form", "keyfield": "id", "app_useage": "submissions", "panelColumns2AddWorkflow": false, "_version": 5, "_form_version": "", "path": "app-forms"}, "access": [], "metadata": {"browserName": "Netscape", "offset": 600, "onLine": true, "origin": "http://192.168.1.5:8000", "pathName": "/designer/edit/reference/app-forms/**%20New%20**", "referrer": "http://192.168.1.5:8000/designer/tool/reference/app-forms", "selectData": {"actions": [{"method": {"label": "Save Layout"}, "trigger_field_id": {"label": "Save Excel"}}], "app_useage": {"label": "Submissions"}}, "timezone": "Australia/Melbourne", "userAgent": "Mozilla/5.0 (Macintosh; Intel Mac OS X 10_15_7) AppleWebKit/537.36 (KHTML, like Gecko) Chrome/102.0.0.0 Safari/537.36"}, "form": "62f5ccb854d20ae433e4c051", "externalIds": [], "created": "2022-08-12T03:44:58.324Z", "modified": "2022-08-12T06:09:12.571Z"}