{"_id": "62f5ccb954d20a7c12e4c05b", "owner": "627ddf364022c591c1b05f1b", "roles": [], "data": {"id": "change-password", "description": "Input form to allow User to Change Password", "keyfield": "id", "app_useage": "dataTenancy", "panelColumns2AddWorkflow": true, "_version": 4, "_form_version": "", "workflows": [{"panel2ColumnsFieldId": "", "title": "Change the Password", "trigger_field_id": "always", "workflowActions": [{"argument": "", "method": "change_password"}]}], "path": "app-forms"}, "access": [], "metadata": {"browserName": "Netscape", "offset": 600, "onLine": true, "origin": "http://192.168.1.6:8000", "pathName": "/designer/edit/reference/app-forms/**%20New%20**", "referrer": "http://192.168.1.6:8000/designer/tool/reference/app-forms", "selectData": {"actions": [{"method": {"label": "Change Password"}, "trigger_field_id": {"label": "Save Excel"}}], "app_useage": {"label": "Data Tenancy"}, "workflows": [{"trigger_field_id": {"label": "Always"}, "workflowActions": [{"method": {"label": "Change Password"}}]}]}, "timezone": "Australia/Melbourne", "userAgent": "Mozilla/5.0 (Macintosh; Intel Mac OS X 10_15_7) AppleWebKit/537.36 (KHTML, like Gecko) Chrome/102.0.5005.61 Safari/537.36"}, "form": "62f5ccb854d20ae433e4c051", "externalIds": [], "created": "2022-08-12T03:44:57.443Z", "modified": "2022-08-12T06:09:12.384Z"}