{"_id": "62fc58b3aab2d3d466f32965", "owner": "62f5cc7454d20ad88be4bfc3", "roles": [], "data": {"id": "user-profile", "description": "Linked to user contains user modifiable data", "keyfield": "id", "app_useage": "dataTenancy", "addWorkflow": false, "_version": 11, "_form_version": "", "workflows": [{"panel2ColumnsFieldId": "", "title": "", "trigger_field_id": "", "workflowActions": [{"method": ""}]}], "path": "app-forms"}, "access": [], "metadata": {"browserName": "Netscape", "offset": 600, "onLine": true, "origin": "http://192.168.1.3:8000", "pathName": "/app/edit/reference/app-forms/**%20New%20**", "referrer": "http://192.168.1.3:8000/app/tool/reference/app-forms", "selectData": {"app_useage": {"label": "Data Tenancy"}, "workflows": [{"trigger_field_id": {"label": "Always"}, "workflowActions": [{"method": {"label": "Save Layout"}}]}]}, "timezone": "Australia/Melbourne", "userAgent": "Mozilla/5.0 (Macintosh; Intel Mac OS X 10_15_7) AppleWebKit/537.36 (KHTML, like Gecko) Chrome/102.0.0.0 Safari/537.36"}, "form": "62f5ccb854d20ae433e4c051", "externalIds": [], "created": "2022-08-17T02:55:47.183Z", "modified": "2022-08-17T04:06:12.303Z"}