{"_id": "62f5cc8d54d20a84d5e4bfdc", "owner": "627ddf364022c591c1b05f1b", "roles": [], "data": {"eloque_id": "AU-03CRE-BR8856", "eloque_id2": "AU-03CRE-BR8856", "bridge_name": "Cressy", "asset_id": "3CRE_SN8856", "sharepoint_name": "3CRE-8856", "_version": 1, "_form_version": "0", "structure_id": "SN8856", "asset_owner": "", "classification": ["I-A"], "design_status": "as-designed", "sensor_type": "eloque-fiber", "ops_dashboard_link": "", "app_dashboard_link": "", "coordinates_latitude": -38.02379, "coordinates_longitude": 143.6293, "path": "bridge-overview"}, "access": [], "metadata": {"selectData": {"country": {"label": "Australia"}, "state": {"label": "Victoria"}, "asset_type": {"label": "Bridge"}, "classification": {"label": "I-A"}, "design_status": {"label": "As Designed"}}, "timezone": "Australia/Melbourne", "offset": 600, "origin": "http://192.168.1.5:8000", "referrer": "http://192.168.1.5:8000/designer/login", "browserName": "Netscape", "userAgent": "Mozilla/5.0 (Macintosh; Intel Mac OS X 10_15_7) AppleWebKit/537.36 (KHTML, like Gecko) Chrome/102.0.0.0 Safari/537.36", "pathName": "/designer/edit/bridge-overview/**%20New%20**", "onLine": true}, "form": "62f5cc8954d20ae550e4bfcb", "externalIds": [], "created": "2022-08-12T03:44:13.343Z", "modified": "2022-08-12T06:08:24.720Z"}