{"_id": "62f5cc8d54d20a65e0e4bfdd", "owner": "627ddf364022c591c1b05f1b", "roles": [], "data": {"eloque_id": "AU-03COR-BR8826", "eloque_id2": "AU-03COR-BR8826", "bridge_name": "Corangamite", "asset_id": "3COR_8826", "sharepoint_name": "3COR-8826", "_version": 4, "_form_version": "0.2.4", "structure_id": "SN8826", "asset_owner": "", "classification": ["I-A"], "design_status": "as-built", "sensor_type": "eloque-fiber", "ops_dashboard_link": "", "app_dashboard_link": "https://app.eloque.com/?pid=0&dashid=b6955f80-f61c-463e-b6e6-6722ad8641f7", "coordinates_latitude": -38.34322, "coordinates_longitude": 143.14185, "path": "bridge-overview"}, "access": [], "metadata": {"browserName": "Netscape", "offset": 600, "onLine": true, "origin": "http://192.168.1.6:8000", "pathName": "/designer/edit/bridge-overview/**%20New%20**", "referrer": "http://192.168.1.6:8000/designer/tool/bridges", "selectData": {"classification": {"label": "I-A"}, "design_status": {"label": "As Built"}, "country": {"label": "New Zealand"}, "state": {"label": "California"}, "asset_type": {"label": "Rail"}}, "timezone": "Australia/Melbourne", "userAgent": "Mozilla/5.0 (Macintosh; Intel Mac OS X 10_15_7) AppleWebKit/537.36 (KHTML, like Gecko) Chrome/101.0.0.0 Safari/537.36"}, "form": "62f5cc8954d20ae550e4bfcb", "externalIds": [], "created": "2022-08-12T03:44:13.534Z", "modified": "2022-08-12T06:08:18.276Z"}