{"_id": "62f5cc8e54d20a1ea4e4bfe1", "owner": "627ddf364022c591c1b05f1b", "roles": [], "data": {"eloque_id": "AU-03LIS-BR3615", "eloque_id2": "AU-03LIS-BR3615", "bridge_name": "Lismore", "asset_id": "SN3615_LISMORE", "sharepoint_name": "3LIS-15", "_version": 1, "_form_version": "0", "structure_id": "SN3615", "asset_owner": "", "classification": ["I-A"], "design_status": "enabled", "sensor_type": "eloque-fiber", "ops_dashboard_link": "https://ops.eloque.com/?pid=0&dashid=4305c2ec-07cc-4a2e-bcfa-341408145505", "app_dashboard_link": "https://app.eloque.com/?pid=0&dashid=13a5120d-6751-485d-8944-c3b7771e4174", "coordinates_latitude": -37.95233, "coordinates_longitude": 143.34807, "path": "bridge-overview"}, "access": [], "metadata": {"selectData": {"country": {"label": "Australia"}, "state": {"label": "Victoria"}, "asset_type": {"label": "Bridge"}, "classification": {"label": "I-A"}, "design_status": {"label": "Enabled"}}, "timezone": "Australia/Melbourne", "offset": 600, "origin": "http://192.168.1.5:8000", "referrer": "http://192.168.1.5:8000/designer/login", "browserName": "Netscape", "userAgent": "Mozilla/5.0 (Macintosh; Intel Mac OS X 10_15_7) AppleWebKit/537.36 (KHTML, like Gecko) Chrome/102.0.0.0 Safari/537.36", "pathName": "/designer/edit/bridge-overview/**%20New%20**", "onLine": true}, "form": "62f5cc8954d20ae550e4bfcb", "externalIds": [], "created": "2022-08-12T03:44:14.373Z", "modified": "2022-08-12T06:08:21.896Z"}