{"_id": "62f5cc8e54d20abb0be4bfe4", "owner": "627ddf364022c591c1b05f1b", "roles": [], "data": {"eloque_id": "AU-03HES-BR3604", "eloque_id2": "AU-03HES-BR3604", "bridge_name": "Hesse", "asset_id": "3HES_SN3604", "sharepoint_name": "3HES-3604", "_version": 2, "_form_version": "0", "structure_id": "SN3604", "asset_owner": "", "classification": ["I-A"], "design_status": "as-designed", "sensor_type": "eloque-fiber", "ops_dashboard_link": "", "app_dashboard_link": "https://app.eloque.com/?gid=b58125ec-e1c3-4f05-92af-96107152c6da&pid=0&dashid=c515c9ef-14df-4726-a006-2d1290c44cea", "coordinates_latitude": -38.08211, "coordinates_longitude": 143.86957, "path": "bridge-overview"}, "access": [], "metadata": {"browserName": "Netscape", "offset": 600, "onLine": true, "origin": "http://192.168.1.5:8000", "pathName": "/designer/edit/bridge-overview/**%20New%20**", "referrer": "http://192.168.1.5:8000/designer/login", "selectData": {"asset_type": {"label": "Rail"}, "classification": {"label": "I-A"}, "country": {"label": "New Zealand"}, "design_status": {"label": "As Designed"}, "state": {"label": "California"}}, "timezone": "Australia/Melbourne", "userAgent": "Mozilla/5.0 (Macintosh; Intel Mac OS X 10_15_7) AppleWebKit/537.36 (KHTML, like Gecko) Chrome/102.0.0.0 Safari/537.36"}, "form": "62f5cc8954d20ae550e4bfcb", "externalIds": [], "created": "2022-08-12T03:44:14.969Z", "modified": "2022-08-12T06:08:22.981Z"}