{"_id": "62f5cc8d54d20a2827e4bfde", "owner": "627ddf364022c591c1b05f1b", "roles": [], "data": {"eloque_id": "AU-03COL-BR3501", "eloque_id2": "AU-03COL-BR3501", "bridge_name": "Coldstream", "asset_id": "3COL_3501", "sharepoint_name": "3COL-3501", "_version": 12, "_form_version": "0", "structure_id": "SN3501", "asset_owner": "", "classification": ["I-A"], "design_status": "as-built", "sensor_type": "eloque-fiber", "ops_dashboard_link": "", "app_dashboard_link": "https://app.eloque.com/?pid=0&dashid=416f0520-c1cb-4b78-903f-a31995a73a63", "coordinates_latitude": -37.68341, "coordinates_longitude": 145.44292, "path": "bridge-overview"}, "access": [], "metadata": {"browserName": "Netscape", "offset": 600, "onLine": true, "origin": "http://192.168.1.6:8000", "pathName": "/designer/edit/bridge-overview/**%20New%20**", "referrer": "http://192.168.1.6:8000/designer/tool/bridges", "selectData": {"classification": {"label": "I-A"}, "design_status": {"label": "As Built"}, "country": {"label": "New Zealand"}, "state": {"label": "California"}, "asset_type": {"label": "Rail"}}, "timezone": "Australia/Melbourne", "userAgent": "Mozilla/5.0 (Macintosh; Intel Mac OS X 10_15_7) AppleWebKit/537.36 (KHTML, like Gecko) Chrome/102.0.5005.61 Safari/537.36"}, "form": "62f5cc8954d20ae550e4bfcb", "externalIds": [], "created": "2022-08-12T03:44:13.729Z", "modified": "2022-08-12T06:08:20.601Z"}