{"_id": "62f5cc8f54d20a8485e4bfe5", "owner": "627ddf364022c591c1b05f1b", "roles": [], "data": {"eloque_id": "AU-03LOR-BR3881", "eloque_id2": "AU-03LOR-BR3881", "bridge_name": "Lorne - Great Ocean Road", "asset_id": "3LOR_SN3881", "sharepoint_name": "3LOR-3881", "_version": 9, "_form_version": "0", "structure_id": "SN3881", "asset_owner": "", "classification": ["I-A"], "design_status": "designUpdate", "sensor_type": "eloque-fiber", "ops_dashboard_link": "", "app_dashboard_link": "", "coordinates_latitude": -38.55453, "coordinates_longitude": 143.97604, "path": "bridge-overview"}, "access": [], "metadata": {"selectData": {"classification": {"label": "I-A"}, "design_status": {"label": "Design Update"}}, "timezone": "Australia/Melbourne", "offset": 600, "origin": "http://localhost:8000", "referrer": "http://localhost:8000/panel/login", "browserName": "Netscape", "userAgent": "Mozilla/5.0 (Macintosh; Intel Mac OS X 10_15_7) AppleWebKit/537.36 (KHTML, like Gecko) Chrome/100.0.4896.75 Safari/537.36", "pathName": "/panel/edit/bridge-overview/**%20New%20**", "onLine": true}, "form": "62f5cc8954d20ae550e4bfcb", "externalIds": [], "created": "2022-08-12T03:44:15.141Z", "modified": "2022-08-12T06:08:25.010Z"}