{"_id": "62f5ccbb54d20ab2bfe4c07b", "owner": "627ddf364022c591c1b05f1b", "roles": [], "data": {"id": "localhost - office", "description": "Use this host when in office -- Update URL to match allocation", "url": "172.16.100.185", "port": 8000, "admin_user": "admin@example.com", "admin_password": "CHANGEME", "_version": 1, "_form_version": "0", "path": "formio-hosts"}, "access": [], "metadata": {"timezone": "Australia/Melbourne", "offset": 600, "origin": "http://172.16.100.185:8000", "referrer": "http://172.16.100.185:8000/designer/tool/reference/formio-hosts", "browserName": "Netscape", "userAgent": "Mozilla/5.0 (Macintosh; Intel Mac OS X 10_15_7) AppleWebKit/537.36 (KHTML, like Gecko) Chrome/102.0.0.0 Safari/537.36", "pathName": "/designer/edit/reference/formio-hosts/**%20New%20**", "onLine": true}, "form": "62f5ccbb54d20abc4ce4c078", "externalIds": [], "created": "2022-08-12T03:44:59.384Z", "modified": "2022-08-12T06:09:15.010Z"}