{"_id": "62f5ccbb54d20a2d38e4c07a", "owner": "627ddf364022c591c1b05f1b", "roles": [], "data": {"id": "localhost", "description": "This should work for all local hosts", "url": "192.168.1.3", "port": 8000, "admin_user": "admin@example.com", "admin_password": "CHANGEME", "_version": 1, "_form_version": "0", "path": "formio-hosts"}, "access": [], "metadata": {"jwtIssuedAfter": 1652677071, "timezone": "Australia/Melbourne", "offset": 600, "origin": "http://localhost:8000", "referrer": "http://localhost:8000/panel/tool/reference/formio-hosts", "browserName": "Netscape", "userAgent": "Mozilla/5.0 (Macintosh; Intel Mac OS X 10_15_7) AppleWebKit/537.36 (KHTML, like Gecko) Chrome/100.0.4896.75 Safari/537.36", "pathName": "/panel/edit/reference/formio-hosts/localhost", "onLine": true}, "form": "62f5ccbb54d20abc4ce4c078", "externalIds": [], "created": "2022-08-12T03:44:59.319Z", "modified": "2022-08-12T06:09:15.093Z"}