{"_id": "62f5ccb754d20ad357e4c04f", "owner": "627ddf364022c591c1b05f1b", "roles": [], "data": {"eloque_id": "AU-03AGN-BR3159", "bridge_name": "Agnes", "asset_id": "3AGN_3159", "sharepoint_name": "3AGN-3159", "structure_id": "SN3159", "classification": ["I-A", "I-B"], "_version": 2, "_form_version": "0", "save-excel": false, "update-as-built": false, "update-metadata": false, "update-json": false, "jinja_template": "v2.1", "display-page": "bridge", "feature_crossed": "Agnes River", "road_name": "South Gipsland Highway", "coordinates_latitude": "-38.6709", "coordinates_longitude": "146.38812", "deck_width": "0", "skew_angle": "0", "down": "G04", "up": "G01", "left": "A01", "right": "A02", "left2right": "", "right2left": "", "lanes": [{"laneType": "traffic", "lane_direction": "left2right", "lane_id": {"label": "L01", "value": "L01"}, "lane_width": 4.45, "transverse_coordinates": 0, "transverse_id": "W01"}, {"laneType": "traffic", "lane_direction": "right2left", "lane_id": {"label": "L02", "value": "L02"}, "lane_width": 4.45, "transverse_coordinates": 4.45, "transverse_id": "W02"}], "structure": [{"componentId": "S01G01", "componentType": {"label": "S01-Girder", "value": "S01-Girder"}, "superstructureLane": {"label": "W01", "value": "W01"}}, {"componentId": "S01G02", "componentType": {"label": "S01-Girder", "value": "S01-Girder"}, "superstructureLane": {"label": "W01", "value": "W01"}}, {"componentId": "S01G03", "componentType": {"label": "S01-Girder", "value": "S01-Girder"}, "superstructureLane": {"label": "W02", "value": "W02"}}, {"componentId": "S01G04", "componentType": {"label": "S01-Girder", "value": "S01-Girder"}, "superstructureLane": {"label": "W02", "value": "W02"}}, {"componentId": "S02G01", "componentType": {"label": "S02-Girder", "value": "S02-Girder"}, "superstructureLane": {"label": "W01", "value": "W01"}}, {"componentId": "S02G02", "componentType": {"label": "S02-Girder", "value": "S02-Girder"}, "superstructureLane": {"label": "W01", "value": "W01"}}, {"componentId": "S02G03", "componentType": {"label": "S02-Girder", "value": "S02-Girder"}, "superstructureLane": {"label": "W02", "value": "W02"}}, {"componentId": "S02G04", "componentType": {"label": "S02-Girder", "value": "S02-Girder"}, "superstructureLane": {"label": "W02", "value": "W02"}}, {"componentId": "S03G01", "componentType": {"label": "S03-Girder", "value": "S03-Girder"}, "superstructureLane": {"label": "W01", "value": "W01"}}, {"componentId": "S03G02", "componentType": {"label": "S03-Girder", "value": "S03-Girder"}, "superstructureLane": {"label": "W01", "value": "W01"}}, {"componentId": "S03G03", "componentType": {"label": "S03-Girder", "value": "S03-Girder"}, "superstructureLane": {"label": "W02", "value": "W02"}}, {"componentId": "S03G04", "componentType": {"label": "S03-Girder", "value": "S03-Girder"}, "superstructureLane": {"label": "W02", "value": "W02"}}, {"componentId": "P01CR01", "componentType": {"label": "PierCrosshesd01", "value": "PierCrosshesd01"}, "superstructureLane": {}}, {"componentId": "P01C01", "componentType": {"label": "PierColumn01", "value": "PierColumn01"}, "superstructureLane": {}}, {"componentId": "P01C02", "componentType": {"label": "PierColumn01", "value": "PierColumn01"}, "superstructureLane": {}}, {"componentId": "P01C03", "componentType": {"label": "PierColumn01", "value": "PierColumn01"}, "superstructureLane": {}}, {"componentId": "P01C04", "componentType": {"label": "PierColumn01", "value": "PierColumn01"}, "superstructureLane": {}}, {"componentId": "P02CR01", "componentType": {"label": "PierCrosshesd01", "value": "PierCrosshesd01"}, "superstructureLane": {}}, {"componentId": "P02C01", "componentType": {"label": "PierColumn01", "value": "PierColumn01"}, "superstructureLane": {}}, {"componentId": "P02C02", "componentType": {"label": "PierColumn01", "value": "PierColumn01"}, "superstructureLane": {}}, {"componentId": "P02C03", "componentType": {"label": "PierColumn01", "value": "PierColumn01"}, "superstructureLane": {}}, {"componentId": "P02C04", "componentType": {"label": "PierColumn01", "value": "PierColumn01"}, "superstructureLane": {}}, {"componentId": "A01", "componentType": {"label": "Abutment01", "value": "Abutment01"}, "superstructureLane": {}}, {"componentId": "A02", "componentType": {"label": "Abutment01", "value": "Abutment01"}, "superstructureLane": {}}], "componentTypes": [{"componentType": "S01-Girder", "effective_area": 67200, "effective_area_moment_of_inertia": 46700000000, "effective_shear_modulus": "", "effective_youngs_modulus": "", "flangeWidth1": "", "flangeWidth2": "", "height": 0.46, "length": 9.38, "structureSubType": "", "structureType": "girder", "weight": "", "width": 0.46}, {"componentType": "S02-Girder", "effective_area": 67200, "effective_area_moment_of_inertia": 46700000000, "effective_shear_modulus": "", "effective_youngs_modulus": "", "flangeWidth1": "", "flangeWidth2": "", "height": 0.46, "length": 9.25, "structureSubType": "", "structureType": "girder", "weight": "", "width": 0.46}, {"componentType": "S03-Girder", "effective_area": 67200, "effective_area_moment_of_inertia": 46700000000, "effective_shear_modulus": "", "effective_youngs_modulus": "", "flangeWidth1": "", "flangeWidth2": "", "height": 0.46, "length": 9.38, "structureSubType": "", "structureType": "girder", "weight": "", "width": 0.46}, {"componentType": "Pier01", "effective_area": "", "effective_area_moment_of_inertia": "", "effective_shear_modulus": "", "effective_youngs_modulus": "", "flangeWidth1": "", "flangeWidth2": "", "height": "", "length": "", "structureSubType": "", "structureType": "pier", "weight": "", "width": ""}, {"componentType": "PierColumn01", "effective_area": "", "effective_area_moment_of_inertia": "", "effective_shear_modulus": "", "effective_youngs_modulus": "", "flangeWidth1": "", "flangeWidth2": "", "height": "", "length": "", "structureSubType": "", "structureType": "pierColumn", "weight": "", "width": ""}, {"componentType": "PierCrosshead01", "effective_area": "", "effective_area_moment_of_inertia": "", "effective_shear_modulus": "", "effective_youngs_modulus": "", "flangeWidth1": "", "flangeWidth2": "", "height": "", "length": "", "structureSubType": "", "structureType": "pierCrosshead", "weight": "", "width": ""}, {"componentType": "Abutment01", "effective_area": "", "effective_area_moment_of_inertia": "", "effective_shear_modulus": "", "effective_youngs_modulus": "", "flangeWidth1": "", "flangeWidth2": "", "height": "", "length": "", "structureSubType": "", "structureType": "abutment", "weight": "", "width": ""}], "fiber_mapping": [{"asset_id": "3AGN_3159", "fiber_id": "F01", "fiber_type": "", "physical_fiber": 1}, {"asset_id": "3AGN_3159", "fiber_id": "F02", "fiber_type": "", "physical_fiber": 2}, {"asset_id": "3AGN_3159", "fiber_id": "F03", "fiber_type": "", "physical_fiber": 3}, {"asset_id": "3AGN_3159", "fiber_id": "F04", "fiber_type": "", "physical_fiber": 4}, {"asset_id": "3AGN_3159", "fiber_id": "F05", "fiber_type": "", "physical_fiber": 5}, {"asset_id": "3AGN_3159", "fiber_id": "F06", "fiber_type": "", "physical_fiber": 6}], "F01": [{"angle": "0", "component_id": "S01G01", "fiber": "F01", "fromLeft": "0.6", "fromRight": "8.78", "fromTop": "0", "note": "", "sensor": "1", "sensorSpacing": "0.6", "sensor_type": "strain", "side": "up", "type": "sensor", "x": "0.6", "y": "0"}, {"angle": "90", "component_id": "S01G01", "fiber": "F01", "fromLeft": "0.6", "fromRight": "8.78", "fromTop": "0", "note": "", "sensor": "2", "sensorSpacing": "0.0", "sensor_type": "strain", "side": "up", "type": "sensor", "x": "0.6", "y": "0"}, {"angle": "45", "component_id": "S01G01", "fiber": "F01", "fromLeft": "0.6", "fromRight": "8.78", "fromTop": "0", "note": "", "sensor": "3", "sensorSpacing": "0.0", "sensor_type": "strain", "side": "up", "type": "sensor", "x": "0.6", "y": "0"}, {"angle": "0", "component_id": "S01G01", "fiber": "F01", "fromLeft": "1.69", "fromRight": "7.69", "fromTop": "0.46", "note": "first", "sensor": "4", "sensorSpacing": "0.0", "sensor_type": "strain", "side": "up", "type": "sensor", "x": "1.69", "y": "0.46"}, {"angle": "0", "component_id": "S01G01", "fiber": "F01", "fromLeft": "4.69", "fromRight": "4.69", "fromTop": "0.46", "note": "midspan", "sensor": "5", "sensorSpacing": "3.0", "sensor_type": "strain", "side": "up", "type": "sensor", "x": "4.69", "y": "0.46"}, {"angle": "0", "component_id": "S01G01", "fiber": "F01", "fromLeft": "7.69", "fromRight": "1.69", "fromTop": "0.46", "note": "last", "sensor": "6", "sensorSpacing": "3.0", "sensor_type": "strain", "side": "up", "type": "sensor", "x": "7.69", "y": "0.46"}, {"angle": "0", "component_id": "S01G01", "fiber": "F01", "fromLeft": "8.72", "fromRight": "0.66", "fromTop": "0.46", "note": "", "sensor": "7", "sensorSpacing": "8.72", "sensor_type": "temperature", "side": "up", "type": "sensor", "x": "8.72", "y": "0.46"}, {"angle": "0", "component_id": "S02G01", "fiber": "F01", "fromLeft": "1.85", "fromRight": "7.4", "fromTop": "0.46", "note": "first", "sensor": "8", "sensorSpacing": "0.0", "sensor_type": "strain", "side": "up", "type": "sensor", "x": "1.85", "y": "0.46"}, {"angle": "0", "component_id": "S02G01", "fiber": "F01", "fromLeft": "3.238", "fromRight": "6.012", "fromTop": "0.46", "note": "", "sensor": "9", "sensorSpacing": "1.388", "sensor_type": "strain", "side": "up", "type": "sensor", "x": "3.238", "y": "0.46"}, {"angle": "0", "component_id": "S02G01", "fiber": "F01", "fromLeft": "4.626", "fromRight": "4.624", "fromTop": "0.46", "note": "", "sensor": "10", "sensorSpacing": "1.388", "sensor_type": "strain", "side": "up", "type": "sensor", "x": "4.626", "y": "0.46"}, {"angle": "0", "component_id": "S02G01", "fiber": "F01", "fromLeft": "6.014", "fromRight": "3.236", "fromTop": "0.46", "note": "", "sensor": "11", "sensorSpacing": "1.388", "sensor_type": "strain", "side": "up", "type": "sensor", "x": "6.014", "y": "0.46"}, {"angle": "0", "component_id": "S02G01", "fiber": "F01", "fromLeft": "7.402", "fromRight": "1.848", "fromTop": "0.46", "note": "last", "sensor": "12", "sensorSpacing": "1.388", "sensor_type": "strain", "side": "up", "type": "sensor", "x": "7.402", "y": "0.46"}, {"angle": "0", "component_id": "S03G01", "fiber": "F01", "fromLeft": "0", "fromRight": "9.38", "fromTop": "0.46", "note": "", "sensor": "13", "sensorSpacing": "0", "sensor_type": "temperature", "side": "up", "type": "sensor", "x": "0", "y": "0.46"}, {"angle": "0", "component_id": "S03G01", "fiber": "F01", "fromLeft": "2.3", "fromRight": "7.08", "fromTop": "0.46", "note": "first", "sensor": "14", "sensorSpacing": "0.0", "sensor_type": "strain", "side": "up", "type": "sensor", "x": "2.3", "y": "0.46"}, {"angle": "0", "component_id": "S03G01", "fiber": "F01", "fromLeft": "4.69", "fromRight": "4.69", "fromTop": "0.46", "note": "midspan", "sensor": "15", "sensorSpacing": "2.39", "sensor_type": "strain", "side": "up", "type": "sensor", "x": "4.69", "y": "0.46"}, {"angle": "0", "component_id": "S03G01", "fiber": "F01", "fromLeft": "7.08", "fromRight": "2.3", "fromTop": "0.46", "note": "last", "sensor": "16", "sensorSpacing": "2.39", "sensor_type": "strain", "side": "up", "type": "sensor", "x": "7.08", "y": "0.46"}, {"angle": "0", "component_id": "S03G01", "fiber": "F01", "fromLeft": "7.08", "fromRight": "2.3", "fromTop": "0.46", "note": "first", "sensor": "17", "sensorSpacing": "0.0", "sensor_type": "strain", "side": "top", "type": "sensor", "x": "7.08", "y": "0"}, {"angle": "0", "component_id": "S03G01", "fiber": "F01", "fromLeft": "4.69", "fromRight": "4.69", "fromTop": "0.46", "note": "midspan", "sensor": "18", "sensorSpacing": "2.39", "sensor_type": "strain", "side": "top", "type": "sensor", "x": "4.69", "y": "0"}, {"angle": "0", "component_id": "S03G01", "fiber": "F01", "fromLeft": "2.3", "fromRight": "7.08", "fromTop": "0.46", "note": "last", "sensor": "19", "sensorSpacing": "2.39", "sensor_type": "strain", "side": "top", "type": "sensor", "x": "2.3", "y": "0"}, {"angle": "0", "component_id": "S03G01", "fiber": "F01", "fromLeft": "0.66", "fromRight": "8.72", "fromTop": "0", "note": "", "sensor": "20", "sensorSpacing": "0.66", "sensor_type": "temperature", "side": "up", "type": "sensor", "x": "0.66", "y": "0"}, {"angle": "0", "component_id": "S02G01", "fiber": "F01", "fromLeft": "7.4", "fromRight": "1.85", "fromTop": "0.46", "note": "first", "sensor": "21", "sensorSpacing": "0.0", "sensor_type": "strain", "side": "top", "type": "sensor", "x": "7.4", "y": "0"}, {"angle": "0", "component_id": "S02G01", "fiber": "F01", "fromLeft": "6.012", "fromRight": "3.238", "fromTop": "0.46", "note": "", "sensor": "22", "sensorSpacing": "1.388", "sensor_type": "strain", "side": "top", "type": "sensor", "x": "6.012", "y": "0"}, {"angle": "0", "component_id": "S02G01", "fiber": "F01", "fromLeft": "4.624", "fromRight": "4.626", "fromTop": "0.46", "note": "last", "sensor": "23", "sensorSpacing": "1.388", "sensor_type": "strain", "side": "top", "type": "sensor", "x": "4.624", "y": "0"}, {"angle": "0", "component_id": "S02G01", "fiber": "F01", "fromLeft": "4.5", "fromRight": "4.75", "fromTop": "0", "note": "", "sensor": "24", "sensorSpacing": "4.5", "sensor_type": "strain", "side": "up", "type": "sensor", "x": "4.5", "y": "0"}, {"angle": "0", "component_id": "S02G01", "fiber": "F01", "fromLeft": "4", "fromRight": "5.25", "fromTop": "0", "note": "", "sensor": "25", "sensorSpacing": "4", "sensor_type": "temperature", "side": "up", "type": "sensor", "x": "4", "y": "0"}], "F02": [{"angle": "0", "component_id": "S01G02", "fiber": "F02", "fromLeft": "0.6", "fromRight": "8.78", "fromTop": "0", "note": "", "sensor": "1", "sensorSpacing": "0.6", "sensor_type": "strain", "side": "up", "type": "sensor", "x": "0.6", "y": "0"}, {"angle": "90", "component_id": "S01G02", "fiber": "F02", "fromLeft": "0.6", "fromRight": "8.78", "fromTop": "0", "note": "", "sensor": "2", "sensorSpacing": "0.0", "sensor_type": "strain", "side": "up", "type": "sensor", "x": "0.6", "y": "0"}, {"angle": "45", "component_id": "S01G02", "fiber": "F02", "fromLeft": "0.6", "fromRight": "8.78", "fromTop": "0", "note": "", "sensor": "3", "sensorSpacing": "0.0", "sensor_type": "strain", "side": "up", "type": "sensor", "x": "0.6", "y": "0"}, {"angle": "0", "component_id": "S01G02", "fiber": "F02", "fromLeft": "1.69", "fromRight": "7.69", "fromTop": "0.46", "note": "first", "sensor": "4", "sensorSpacing": "0.0", "sensor_type": "strain", "side": "up", "type": "sensor", "x": "1.69", "y": "0.46"}, {"angle": "0", "component_id": "S01G02", "fiber": "F02", "fromLeft": "4.69", "fromRight": "4.69", "fromTop": "0.46", "note": "midspan", "sensor": "5", "sensorSpacing": "3.0", "sensor_type": "strain", "side": "up", "type": "sensor", "x": "4.69", "y": "0.46"}, {"angle": "0", "component_id": "S01G02", "fiber": "F02", "fromLeft": "7.69", "fromRight": "1.69", "fromTop": "0.46", "note": "last", "sensor": "6", "sensorSpacing": "3.0", "sensor_type": "strain", "side": "up", "type": "sensor", "x": "7.69", "y": "0.46"}, {"angle": "0", "component_id": "S01G02", "fiber": "F02", "fromLeft": "8.72", "fromRight": "0.66", "fromTop": "0.46", "note": "", "sensor": "7", "sensorSpacing": "8.72", "sensor_type": "temperature", "side": "up", "type": "sensor", "x": "8.72", "y": "0.46"}, {"angle": "0", "component_id": "S02G02", "fiber": "F02", "fromLeft": "1.85", "fromRight": "7.4", "fromTop": "0.46", "note": "first", "sensor": "8", "sensorSpacing": "0.0", "sensor_type": "strain", "side": "up", "type": "sensor", "x": "1.85", "y": "0.46"}, {"angle": "0", "component_id": "S02G02", "fiber": "F02", "fromLeft": "3.238", "fromRight": "6.012", "fromTop": "0.46", "note": "", "sensor": "9", "sensorSpacing": "1.388", "sensor_type": "strain", "side": "up", "type": "sensor", "x": "3.238", "y": "0.46"}, {"angle": "0", "component_id": "S02G02", "fiber": "F02", "fromLeft": "4.626", "fromRight": "4.624", "fromTop": "0.46", "note": "", "sensor": "10", "sensorSpacing": "1.388", "sensor_type": "strain", "side": "up", "type": "sensor", "x": "4.626", "y": "0.46"}, {"angle": "0", "component_id": "S02G02", "fiber": "F02", "fromLeft": "6.014", "fromRight": "3.236", "fromTop": "0.46", "note": "", "sensor": "11", "sensorSpacing": "1.388", "sensor_type": "strain", "side": "up", "type": "sensor", "x": "6.014", "y": "0.46"}, {"angle": "0", "component_id": "S02G02", "fiber": "F02", "fromLeft": "7.402", "fromRight": "1.848", "fromTop": "0.46", "note": "last", "sensor": "12", "sensorSpacing": "1.388", "sensor_type": "strain", "side": "up", "type": "sensor", "x": "7.402", "y": "0.46"}, {"angle": "0", "component_id": "S03G02", "fiber": "F02", "fromLeft": "0", "fromRight": "9.38", "fromTop": "0.46", "note": "", "sensor": "13", "sensorSpacing": "0", "sensor_type": "temperature", "side": "up", "type": "sensor", "x": "0", "y": "0.46"}, {"angle": "0", "component_id": "S03G02", "fiber": "F02", "fromLeft": "2.3", "fromRight": "7.08", "fromTop": "0.46", "note": "first", "sensor": "14", "sensorSpacing": "0.0", "sensor_type": "strain", "side": "up", "type": "sensor", "x": "2.3", "y": "0.46"}, {"angle": "0", "component_id": "S03G02", "fiber": "F02", "fromLeft": "4.69", "fromRight": "4.69", "fromTop": "0.46", "note": "midspan", "sensor": "15", "sensorSpacing": "2.39", "sensor_type": "strain", "side": "up", "type": "sensor", "x": "4.69", "y": "0.46"}, {"angle": "0", "component_id": "S03G02", "fiber": "F02", "fromLeft": "7.08", "fromRight": "2.3", "fromTop": "0.46", "note": "last", "sensor": "16", "sensorSpacing": "2.39", "sensor_type": "strain", "side": "up", "type": "sensor", "x": "7.08", "y": "0.46"}, {"angle": "0", "component_id": "S03G02", "fiber": "F02", "fromLeft": "7.08", "fromRight": "2.3", "fromTop": "0.46", "note": "first", "sensor": "17", "sensorSpacing": "0.0", "sensor_type": "strain", "side": "top", "type": "sensor", "x": "7.08", "y": "0"}, {"angle": "0", "component_id": "S03G02", "fiber": "F02", "fromLeft": "4.69", "fromRight": "4.69", "fromTop": "0.46", "note": "midspan", "sensor": "18", "sensorSpacing": "2.39", "sensor_type": "strain", "side": "top", "type": "sensor", "x": "4.69", "y": "0"}, {"angle": "0", "component_id": "S03G02", "fiber": "F02", "fromLeft": "2.3", "fromRight": "7.08", "fromTop": "0.46", "note": "last", "sensor": "19", "sensorSpacing": "2.39", "sensor_type": "strain", "side": "top", "type": "sensor", "x": "2.3", "y": "0"}, {"angle": "0", "component_id": "S03G02", "fiber": "F02", "fromLeft": "0.66", "fromRight": "8.72", "fromTop": "0", "note": "", "sensor": "20", "sensorSpacing": "0.66", "sensor_type": "temperature", "side": "up", "type": "sensor", "x": "0.66", "y": "0"}, {"angle": "0", "component_id": "S02G02", "fiber": "F02", "fromLeft": "7.4", "fromRight": "1.85", "fromTop": "0.46", "note": "first", "sensor": "21", "sensorSpacing": "0.0", "sensor_type": "strain", "side": "top", "type": "sensor", "x": "7.4", "y": "0"}, {"angle": "0", "component_id": "S02G02", "fiber": "F02", "fromLeft": "6.012", "fromRight": "3.238", "fromTop": "0.46", "note": "", "sensor": "22", "sensorSpacing": "1.388", "sensor_type": "strain", "side": "top", "type": "sensor", "x": "6.012", "y": "0"}, {"angle": "0", "component_id": "S02G02", "fiber": "F02", "fromLeft": "4.624", "fromRight": "4.626", "fromTop": "0.46", "note": "last", "sensor": "23", "sensorSpacing": "1.388", "sensor_type": "strain", "side": "top", "type": "sensor", "x": "4.624", "y": "0"}, {"angle": "0", "component_id": "S02G02", "fiber": "F02", "fromLeft": "4.5", "fromRight": "4.75", "fromTop": "0", "note": "", "sensor": "24", "sensorSpacing": "4.5", "sensor_type": "strain", "side": "up", "type": "sensor", "x": "4.5", "y": "0"}, {"angle": "0", "component_id": "S02G02", "fiber": "F02", "fromLeft": "4", "fromRight": "5.25", "fromTop": "0", "note": "", "sensor": "25", "sensorSpacing": "4", "sensor_type": "temperature", "side": "up", "type": "sensor", "x": "4", "y": "0"}], "F03": [{"angle": "", "component_id": "", "sensor": "", "sensor_type": "", "side": "", "x": "", "y": ""}], "F04": [{"angle": "", "component_id": "", "sensor": "", "sensor_type": "", "side": "", "x": "", "y": ""}], "F05": [{"angle": "", "component_id": "", "sensor": "", "sensor_type": "", "side": "", "x": "", "y": ""}], "F06": [{"angle": "", "component_id": "", "sensor": "", "sensor_type": "", "side": "", "x": "", "y": ""}], "F07": [{"angle": "", "component_id": "", "sensor": "", "sensor_type": "", "side": "", "x": "", "y": ""}], "F08": [{"angle": "", "component_id": "", "sensor": "", "sensor_type": "", "side": "", "x": "", "y": ""}], "display-algorithm": "", "deflection": [{"algorithm_type": "girder_deflection", "component_id": "S03G02", "fiber_id": "F01", "id": "D01", "sensor_type": "sensor_pair_array", "sensors_bottom": [19, 18], "sensors_top": [14, 15], "type": "algorithm"}, {"algorithm_type": "girder_deflection", "component_id": "S03G02", "fiber_id": "F02", "id": "D02", "sensor_type": "sensor_pair_array", "sensors_bottom": [19, 18], "sensors_top": [14, 15], "type": "algorithm"}], "shear": [{"algorithm_type": "girder_shear", "component_id": "S01G01", "fiber_id": "F01", "id": "SH01", "rosette_0": 1, "rosette_45": 3, "rosette_90": 2, "sensor_type": "3d_rosette", "type": "algorithm"}, {"algorithm_type": "girder_shear", "component_id": "S01G02", "fiber_id": "F02", "id": "SH02", "rosette_0": 1, "rosette_45": 3, "rosette_90": 2, "sensor_type": "3d_rosette", "type": "algorithm"}], "bending_moment": [{"algorithm_type": "girder_bending_moment", "component_id": "S03G01", "fiber_id": "F01", "id": "BM01", "sensor_bottom": 19, "sensor_top": 14, "sensor_type": "sensor_pair", "type": "algorithm"}, {"algorithm_type": "girder_bending_moment", "component_id": "S03G01", "fiber_id": "F01", "id": "BM02", "sensor_bottom": 18, "sensor_top": 15, "sensor_type": "sensor_pair", "type": "algorithm"}, {"algorithm_type": "girder_bending_moment", "component_id": "S03G02", "fiber_id": "F02", "id": "BM03", "sensor_bottom": 19, "sensor_top": 14, "sensor_type": "sensor_pair", "type": "algorithm"}, {"algorithm_type": "girder_bending_moment", "component_id": "S03G02", "fiber_id": "F02", "id": "BM04", "sensor_bottom": 18, "sensor_top": 15, "sensor_type": "sensor_pair", "type": "algorithm"}], "path": "dis-as-design"}, "access": [], "metadata": {"browserName": "Netscape", "offset": 600, "onLine": true, "origin": "http://192.168.1.6:8000", "pathName": "/designer/edit/dis-as-design/3AGN-3159", "referrer": "http://192.168.1.6:8000/designer/edit/bridge-overview/3AGN-3159", "selectData": {"classification": {"label": "I-B"}, "componentTypes": [{"structureSubType": {"label": "I-C"}, "structureType": {"label": "Girder"}}, {"structureSubType": {"label": "I-C"}, "structureType": {"label": "Girder"}}, {"structureSubType": {"label": "I-C"}, "structureType": {"label": "Girder"}}, {"structureSubType": {"label": "I-C"}, "structureType": {"label": "Pier"}}, {"structureSubType": {"label": "I-C"}, "structureType": {"label": "Pier Column"}}, {"structureSubType": {"label": "I-C"}, "structureType": {"label": "Pier Crosshead"}}, {"structureSubType": {"label": "I-C"}, "structureType": {"label": "Abutment"}}], "jinja_template": {"label": "V2.1"}, "lanes": [{"laneType": {"label": "Traffic"}, "lane_direction": {"label": "Left to Right"}}, {"laneType": {"label": "Traffic"}, "lane_direction": {"label": "Right to Left"}}]}, "timezone": "Australia/Melbourne", "userAgent": "Mozilla/5.0 (Macintosh; Intel Mac OS X 10_15_7) AppleWebKit/537.36 (KHTML, like Gecko) Chrome/101.0.0.0 Safari/537.36"}, "form": "62f5ccaf54d20a0129e4c043", "externalIds": [], "created": "2022-08-12T03:44:55.352Z", "modified": "2022-08-12T06:09:07.869Z"}