{"_id": "62f5ccb554d20a0a41e4c04d", "owner": "627ddf364022c591c1b05f1b", "roles": [], "data": {"eloque_id": "AU-03BEV-BR1058", "bridge_name": "Beveridge", "asset_id": "SN1058_BEVERIDGE", "sharepoint_name": "3BEV-58", "structure_id": "SN1058", "classification": ["I-A"], "save-excel": false, "update-as-built": false, "update-metadata": false, "update-json": false, "jinja_template": "", "coordinates_latitude": -37.52816, "coordinates_longitude": 144.94768, "path": "dis-as-design"}, "access": [], "form": "62f5ccaf54d20a0129e4c043", "externalIds": [], "created": "2022-08-12T03:44:53.899Z", "modified": "2022-08-12T06:09:09.420Z"}