{"_id": "62f5ccb554d20a6657e4c04c", "owner": "627ddf364022c591c1b05f1b", "roles": [], "data": {"eloque_id": "AU-03COB-BR4016", "bridge_name": "Cobden", "asset_id": "3COB_4016", "sharepoint_name": "3COB-4016", "structure_id": "SN4016", "classification": ["I-B", "I-B"], "save-excel": false, "update-as-built": false, "update-metadata": false, "update-json": false, "jinja_template": "v2.1", "feature_crossed": "Curdies River", "road_name": "Lavers Hill-Cobden Road", "coordinates_latitude": "-38.36927", "coordinates_longitude": "143.11572", "skew_angle": "0", "down": "G16", "up": "G01", "left": "A01", "right": "A02", "left2right": "To Cobden", "right2left": "To Simpsons", "lanes": [{"laneType": "shoulder", "lane_direction": "", "lane_id": {}, "lane_width": "", "transverse_coordinates": 0, "transverse_id": "W01"}, {"laneType": "traffic", "lane_direction": "left2right", "lane_id": {"label": "L01", "value": "L01"}, "lane_width": "", "transverse_coordinates": 0, "transverse_id": "W02"}, {"laneType": "traffic", "lane_direction": "right2left", "lane_id": {"label": "L02", "value": "L02"}, "lane_width": "", "transverse_coordinates": 0, "transverse_id": "W03"}, {"laneType": "shoulder", "lane_direction": "", "lane_id": {}, "lane_width": "", "transverse_coordinates": 0, "transverse_id": "W04"}], "structure": [{"componentId": "S01G01", "componentType": {"label": "S01-Girder", "value": "S01-Girder"}, "superstructureLane": {}}, {"componentId": "S01G02", "componentType": {"label": "S01-Girder", "value": "S01-Girder"}, "superstructureLane": {}}, {"componentId": "S01G03", "componentType": {"label": "S01-Girder", "value": "S01-Girder"}, "superstructureLane": {}}, {"componentId": "S01G04", "componentType": {"label": "S01-Girder", "value": "S01-Girder"}, "superstructureLane": {}}, {"componentId": "S01G05", "componentType": {"label": "S01-Girder", "value": "S01-Girder"}, "superstructureLane": {}}, {"componentId": "S01G06", "componentType": {"label": "S01-Girder", "value": "S01-Girder"}, "superstructureLane": {}}, {"componentId": "S01G07", "componentType": {"label": "S01-Girder", "value": "S01-Girder"}, "superstructureLane": {}}, {"componentId": "S01G08", "componentType": {"label": "S01-Girder", "value": "S01-Girder"}, "superstructureLane": {}}, {"componentId": "S01G09", "componentType": {"label": "S01-Girder", "value": "S01-Girder"}, "superstructureLane": {}}, {"componentId": "S01G10", "componentType": {"label": "S01-Girder", "value": "S01-Girder"}, "superstructureLane": {}}, {"componentId": "S01G11", "componentType": {"label": "S01-Girder", "value": "S01-Girder"}, "superstructureLane": {}}, {"componentId": "S01G12", "componentType": {"label": "S01-Girder", "value": "S01-Girder"}, "superstructureLane": {}}, {"componentId": "S01G13", "componentType": {"label": "S01-Girder", "value": "S01-Girder"}, "superstructureLane": {}}, {"componentId": "S01G14", "componentType": {"label": "S01-Girder", "value": "S01-Girder"}, "superstructureLane": {}}, {"componentId": "S01G15", "componentType": {"label": "S01-Girder", "value": "S01-Girder"}, "superstructureLane": {}}, {"componentId": "S01G16", "componentType": {"label": "S01-Girder", "value": "S01-Girder"}, "superstructureLane": {}}, {"componentId": "S02G01", "componentType": {"label": "S02-Girder", "value": "S02-Girder"}, "superstructureLane": {}}, {"componentId": "S02G02", "componentType": {"label": "S02-Girder", "value": "S02-Girder"}, "superstructureLane": {}}, {"componentId": "S02G03", "componentType": {"label": "S02-Girder", "value": "S02-Girder"}, "superstructureLane": {}}, {"componentId": "S02G04", "componentType": {"label": "S02-Girder", "value": "S02-Girder"}, "superstructureLane": {}}, {"componentId": "S02G05", "componentType": {"label": "S02-Girder", "value": "S02-Girder"}, "superstructureLane": {}}, {"componentId": "S02G06", "componentType": {"label": "S02-Girder", "value": "S02-Girder"}, "superstructureLane": {}}, {"componentId": "S02G07", "componentType": {"label": "S02-Girder", "value": "S02-Girder"}, "superstructureLane": {}}, {"componentId": "S02G08", "componentType": {"label": "S02-Girder", "value": "S02-Girder"}, "superstructureLane": {}}, {"componentId": "S02G09", "componentType": {"label": "S02-Girder", "value": "S02-Girder"}, "superstructureLane": {}}, {"componentId": "S02G10", "componentType": {"label": "S02-Girder", "value": "S02-Girder"}, "superstructureLane": {}}, {"componentId": "S02G11", "componentType": {"label": "S02-Girder", "value": "S02-Girder"}, "superstructureLane": {}}, {"componentId": "S02G12", "componentType": {"label": "S02-Girder", "value": "S02-Girder"}, "superstructureLane": {}}, {"componentId": "S02G13", "componentType": {"label": "S02-Girder", "value": "S02-Girder"}, "superstructureLane": {}}, {"componentId": "S02G14", "componentType": {"label": "S02-Girder", "value": "S02-Girder"}, "superstructureLane": {}}, {"componentId": "S02G15", "componentType": {"label": "S02-Girder", "value": "S02-Girder"}, "superstructureLane": {}}, {"componentId": "S02G16", "componentType": {"label": "S02-Girder", "value": "S02-Girder"}, "superstructureLane": {}}, {"componentId": "S03G01", "componentType": {"label": "S03-Girder", "value": "S03-Girder"}, "superstructureLane": {}}, {"componentId": "S03G02", "componentType": {"label": "S03-Girder", "value": "S03-Girder"}, "superstructureLane": {}}, {"componentId": "S03G03", "componentType": {"label": "S03-Girder", "value": "S03-Girder"}, "superstructureLane": {}}, {"componentId": "S03G04", "componentType": {"label": "S03-Girder", "value": "S03-Girder"}, "superstructureLane": {}}, {"componentId": "S03G05", "componentType": {"label": "S03-Girder", "value": "S03-Girder"}, "superstructureLane": {}}, {"componentId": "S03G06", "componentType": {"label": "S03-Girder", "value": "S03-Girder"}, "superstructureLane": {}}, {"componentId": "S03G07", "componentType": {"label": "S03-Girder", "value": "S03-Girder"}, "superstructureLane": {}}, {"componentId": "S03G08", "componentType": {"label": "S03-Girder", "value": "S03-Girder"}, "superstructureLane": {}}, {"componentId": "S03G09", "componentType": {"label": "S03-Girder", "value": "S03-Girder"}, "superstructureLane": {}}, {"componentId": "S03G10", "componentType": {"label": "S03-Girder", "value": "S03-Girder"}, "superstructureLane": {}}, {"componentId": "S03G11", "componentType": {"label": "S03-Girder", "value": "S03-Girder"}, "superstructureLane": {}}, {"componentId": "S03G12", "componentType": {"label": "S03-Girder", "value": "S03-Girder"}, "superstructureLane": {}}, {"componentId": "S03G13", "componentType": {"label": "S03-Girder", "value": "S03-Girder"}, "superstructureLane": {}}, {"componentId": "S03G14", "componentType": {"label": "S03-Girder", "value": "S03-Girder"}, "superstructureLane": {}}, {"componentId": "S03G15", "componentType": {"label": "S03-Girder", "value": "S03-Girder"}, "superstructureLane": {}}, {"componentId": "S03G16", "componentType": {"label": "S03-Girder", "value": "S03-Girder"}, "superstructureLane": {}}, {"componentId": "P01CR01", "componentType": {"label": "PierCrosshead01", "value": "PierCrosshead01"}, "superstructureLane": {}}, {"componentId": "P01C01", "componentType": {"label": "PierColumn01", "value": "PierColumn01"}, "superstructureLane": {}}, {"componentId": "P01C02", "componentType": {"label": "PierColumn01", "value": "PierColumn01"}, "superstructureLane": {}}, {"componentId": "P01C03", "componentType": {"label": "PierColumn01", "value": "PierColumn01"}, "superstructureLane": {}}, {"componentId": "P01C04", "componentType": {"label": "PierColumn01", "value": "PierColumn01"}, "superstructureLane": {}}, {"componentId": "P01C05", "componentType": {"label": "PierColumn01", "value": "PierColumn01"}, "superstructureLane": {}}, {"componentId": "P01C06", "componentType": {"label": "PierColumn01", "value": "PierColumn01"}, "superstructureLane": {}}, {"componentId": "P01C07", "componentType": {"label": "PierColumn01", "value": "PierColumn01"}, "superstructureLane": {}}, {"componentId": "P01C08", "componentType": {"label": "PierColumn01", "value": "PierColumn01"}, "superstructureLane": {}}, {"componentId": "P01C09", "componentType": {"label": "PierColumn01", "value": "PierColumn01"}, "superstructureLane": {}}, {"componentId": "P01C10", "componentType": {"label": "PierColumn01", "value": "PierColumn01"}, "superstructureLane": {}}, {"componentId": "P01C11", "componentType": {"label": "PierColumn01", "value": "PierColumn01"}, "superstructureLane": {}}, {"componentId": "P01C12", "componentType": {"label": "PierColumn01", "value": "PierColumn01"}, "superstructureLane": {}}, {"componentId": "P01C13", "componentType": {"label": "PierColumn01", "value": "PierColumn01"}, "superstructureLane": {}}, {"componentId": "P01C14", "componentType": {"label": "PierColumn01", "value": "PierColumn01"}, "superstructureLane": {}}, {"componentId": "P01C15", "componentType": {"label": "PierColumn01", "value": "PierColumn01"}, "superstructureLane": {}}, {"componentId": "P01C16", "componentType": {"label": "PierColumn01", "value": "PierColumn01"}, "superstructureLane": {}}, {"componentId": "P01C17", "componentType": {"label": "PierColumn01", "value": "PierColumn01"}, "superstructureLane": {}}, {"componentId": "P01C18", "componentType": {"label": "PierColumn01", "value": "PierColumn01"}, "superstructureLane": {}}, {"componentId": "P01C19", "componentType": {"label": "PierColumn01", "value": "PierColumn01"}, "superstructureLane": {}}, {"componentId": "P01C20", "componentType": {"label": "PierColumn01", "value": "PierColumn01"}, "superstructureLane": {}}, {"componentId": "P01C21", "componentType": {"label": "PierColumn01", "value": "PierColumn01"}, "superstructureLane": {}}, {"componentId": "P01C22", "componentType": {"label": "PierColumn01", "value": "PierColumn01"}, "superstructureLane": {}}, {"componentId": "P01C23", "componentType": {"label": "PierColumn01", "value": "PierColumn01"}, "superstructureLane": {}}, {"componentId": "P01C24", "componentType": {"label": "PierColumn01", "value": "PierColumn01"}, "superstructureLane": {}}, {"componentId": "P02CR01", "componentType": {"label": "PierCrosshead01", "value": "PierCrosshead01"}, "superstructureLane": {}}, {"componentId": "P02C01", "componentType": {"label": "PierColumn01", "value": "PierColumn01"}, "superstructureLane": {}}, {"componentId": "P02C02", "componentType": {"label": "PierColumn01", "value": "PierColumn01"}, "superstructureLane": {}}, {"componentId": "P02C03", "componentType": {"label": "PierColumn01", "value": "PierColumn01"}, "superstructureLane": {}}, {"componentId": "P02C04", "componentType": {"label": "PierColumn01", "value": "PierColumn01"}, "superstructureLane": {}}, {"componentId": "P02C05", "componentType": {"label": "PierColumn01", "value": "PierColumn01"}, "superstructureLane": {}}, {"componentId": "P02C06", "componentType": {"label": "PierColumn01", "value": "PierColumn01"}, "superstructureLane": {}}, {"componentId": "P02C07", "componentType": {"label": "PierColumn01", "value": "PierColumn01"}, "superstructureLane": {}}, {"componentId": "P02C08", "componentType": {"label": "PierColumn01", "value": "PierColumn01"}, "superstructureLane": {}}, {"componentId": "P02C09", "componentType": {"label": "PierColumn01", "value": "PierColumn01"}, "superstructureLane": {}}, {"componentId": "P02C10", "componentType": {"label": "PierColumn01", "value": "PierColumn01"}, "superstructureLane": {}}, {"componentId": "P02C11", "componentType": {"label": "PierColumn01", "value": "PierColumn01"}, "superstructureLane": {}}, {"componentId": "P02C12", "componentType": {"label": "PierColumn01", "value": "PierColumn01"}, "superstructureLane": {}}, {"componentId": "P02C13", "componentType": {"label": "PierColumn01", "value": "PierColumn01"}, "superstructureLane": {}}, {"componentId": "P02C14", "componentType": {"label": "PierColumn01", "value": "PierColumn01"}, "superstructureLane": {}}, {"componentId": "P02C15", "componentType": {"label": "PierColumn01", "value": "PierColumn01"}, "superstructureLane": {}}, {"componentId": "P02C16", "componentType": {"label": "PierColumn01", "value": "PierColumn01"}, "superstructureLane": {}}, {"componentId": "P02C17", "componentType": {"label": "PierColumn01", "value": "PierColumn01"}, "superstructureLane": {}}, {"componentId": "P02C18", "componentType": {"label": "PierColumn01", "value": "PierColumn01"}, "superstructureLane": {}}, {"componentId": "P02C19", "componentType": {"label": "PierColumn01", "value": "PierColumn01"}, "superstructureLane": {}}, {"componentId": "P02C20", "componentType": {"label": "PierColumn01", "value": "PierColumn01"}, "superstructureLane": {}}, {"componentId": "P02C21", "componentType": {"label": "PierColumn01", "value": "PierColumn01"}, "superstructureLane": {}}, {"componentId": "P02C22", "componentType": {"label": "PierColumn01", "value": "PierColumn01"}, "superstructureLane": {}}, {"componentId": "P02C23", "componentType": {"label": "PierColumn01", "value": "PierColumn01"}, "superstructureLane": {}}, {"componentId": "P02C24", "componentType": {"label": "PierColumn01", "value": "PierColumn01"}, "superstructureLane": {}}, {"componentId": "A01", "componentType": {"label": "Abutment01", "value": "Abutment01"}, "superstructureLane": {}}, {"componentId": "A02", "componentType": {"label": "Abutment01", "value": "Abutment01"}, "superstructureLane": {}}], "componentTypes": [{"componentType": "S01-Girder", "effective_area": "", "effective_area_moment_of_inertia": "", "effective_shear_modulus": "", "effective_youngs_modulus": "", "height": 0.58, "length": 8.46, "structureSubType": "i-b", "structureType": "girder", "weight": "", "width": 0.61}, {"componentType": "S02-Girder", "effective_area": "", "effective_area_moment_of_inertia": "", "effective_shear_modulus": "", "effective_youngs_modulus": "", "flangeWidth1": "", "flangeWidth2": "", "height": 0.58, "length": 8.46, "structureSubType": "i-b", "structureType": "girder", "weight": "", "width": 0.61}, {"componentType": "S03-Girder", "effective_area": "", "effective_area_moment_of_inertia": "", "effective_shear_modulus": "", "effective_youngs_modulus": "", "flangeWidth1": "", "flangeWidth2": "", "height": 0.58, "length": 8.46, "structureSubType": "i-b", "structureType": "girder", "weight": "", "width": 0.61}, {"componentType": "Pier01", "effective_area": "", "effective_area_moment_of_inertia": "", "effective_shear_modulus": "", "effective_youngs_modulus": "", "flangeWidth1": "", "flangeWidth2": "", "height": 2.46, "length": 0.61, "structureSubType": "", "structureType": "pier", "weight": "", "width": 0.61}, {"componentType": "PierColumn01", "effective_area": "", "effective_area_moment_of_inertia": "", "effective_shear_modulus": "", "effective_youngs_modulus": "", "flangeWidth1": "", "flangeWidth2": "", "height": 2.46, "length": 0.61, "structureSubType": "", "structureType": "pierColumn", "weight": "", "width": 0.61}, {"componentType": "PierCrosshead01", "effective_area": "", "effective_area_moment_of_inertia": "", "effective_shear_modulus": "", "effective_youngs_modulus": "", "flangeWidth1": "", "flangeWidth2": "", "height": 0.83, "length": 10.2, "structureSubType": "", "structureType": "pierCrosshead", "weight": "", "width": 0.69}, {"componentType": "Abutment01", "effective_area": "", "effective_area_moment_of_inertia": "", "effective_shear_modulus": "", "effective_youngs_modulus": "", "flangeWidth1": "", "flangeWidth2": "", "height": 0.73, "length": 10.3, "structureSubType": "", "structureType": "abutment", "weight": "", "width": 0.61}], "fiber_mapping": [{"fiber_id": "F01", "asset_id": "3COB_4016", "physical_fiber": 1, "fiber_type": 41200256}, {"fiber_id": "F02", "asset_id": "3COB_4016", "physical_fiber": 2, "fiber_type": 41200256}, {"fiber_id": "F03", "asset_id": "3COB_4016", "physical_fiber": 3, "fiber_type": 41200256}, {"fiber_id": "F04", "asset_id": "3COB_4016", "physical_fiber": 4, "fiber_type": 41200256}, {"fiber_id": "F05", "asset_id": "3COB_4016", "physical_fiber": 5, "fiber_type": 41200256}, {"fiber_id": "F06", "asset_id": "3COB_4016", "physical_fiber": 6, "fiber_type": 41200256}, {"fiber_id": "F07", "asset_id": "3COB_4016", "physical_fiber": 7, "fiber_type": 41200256}, {"fiber_id": "F08", "asset_id": "3COB_4016", "physical_fiber": 8, "fiber_type": 41200256}], "F01": [{"type": "sensor", "fiber": "F01", "sensor": "1", "component_id": "S01G05", "sensor_type": "strain", "x": "8.46", "y": "0", "side": "top", "angle": "0", "fromTop": "0.58", "fromLeft": "8.46", "sensorSpacing": "0.0", "fromRight": "0.0", "note": "first"}, {"type": "sensor", "fiber": "F01", "sensor": "2", "component_id": "S01G05", "sensor_type": "strain", "x": "7.402", "y": "0", "side": "top", "angle": "0", "fromTop": "0.58", "fromLeft": "7.402", "sensorSpacing": "1.058", "fromRight": "1.058", "note": ""}, {"type": "sensor", "fiber": "F01", "sensor": "3", "component_id": "S01G05", "sensor_type": "strain", "x": "6.344", "y": "0", "side": "top", "angle": "0", "fromTop": "0.58", "fromLeft": "6.344", "sensorSpacing": "1.058", "fromRight": "2.116", "note": ""}, {"type": "sensor", "fiber": "F01", "sensor": "4", "component_id": "S01G05", "sensor_type": "strain", "x": "5.286", "y": "0", "side": "top", "angle": "0", "fromTop": "0.58", "fromLeft": "5.286", "sensorSpacing": "1.058", "fromRight": "3.174", "note": ""}, {"type": "sensor", "fiber": "F01", "sensor": "5", "component_id": "S01G05", "sensor_type": "strain", "x": "4.228", "y": "0", "side": "top", "angle": "0", "fromTop": "0.58", "fromLeft": "4.228", "sensorSpacing": "1.058", "fromRight": "4.232", "note": ""}, {"type": "sensor", "fiber": "F01", "sensor": "6", "component_id": "S01G05", "sensor_type": "strain", "x": "3.17", "y": "0", "side": "top", "angle": "0", "fromTop": "0.58", "fromLeft": "3.17", "sensorSpacing": "1.058", "fromRight": "5.29", "note": ""}, {"type": "sensor", "fiber": "F01", "sensor": "7", "component_id": "S01G05", "sensor_type": "strain", "x": "2.112", "y": "0", "side": "top", "angle": "0", "fromTop": "0.58", "fromLeft": "2.112", "sensorSpacing": "1.058", "fromRight": "6.348", "note": ""}, {"type": "sensor", "fiber": "F01", "sensor": "8", "component_id": "S01G05", "sensor_type": "strain", "x": "1.054", "y": "0", "side": "top", "angle": "0", "fromTop": "0.58", "fromLeft": "1.054", "sensorSpacing": "1.058", "fromRight": "7.406", "note": ""}, {"type": "sensor", "fiber": "F01", "sensor": "9", "component_id": "S01G05", "sensor_type": "strain", "x": "-0.004", "y": "0", "side": "top", "angle": "0", "fromTop": "0.58", "fromLeft": "-0.004", "sensorSpacing": "1.058", "fromRight": "8.464", "note": "last"}, {"type": "sensor", "fiber": "F01", "sensor": "10", "component_id": "S01G04", "sensor_type": "strain", "x": "8.46", "y": "0", "side": "top", "angle": "0", "fromTop": "0.58", "fromLeft": "8.46", "sensorSpacing": "0.0", "fromRight": "0.0", "note": "first"}, {"type": "sensor", "fiber": "F01", "sensor": "11", "component_id": "S01G04", "sensor_type": "strain", "x": "7.05", "y": "0", "side": "top", "angle": "0", "fromTop": "0.58", "fromLeft": "7.05", "sensorSpacing": "1.41", "fromRight": "1.41", "note": ""}, {"type": "sensor", "fiber": "F01", "sensor": "12", "component_id": "S01G04", "sensor_type": "strain", "x": "5.64", "y": "0", "side": "top", "angle": "0", "fromTop": "0.58", "fromLeft": "5.64", "sensorSpacing": "1.41", "fromRight": "2.82", "note": ""}, {"type": "sensor", "fiber": "F01", "sensor": "13", "component_id": "S01G04", "sensor_type": "strain", "x": "4.23", "y": "0", "side": "top", "angle": "0", "fromTop": "0.58", "fromLeft": "4.23", "sensorSpacing": "1.41", "fromRight": "4.23", "note": "midspan"}, {"type": "sensor", "fiber": "F01", "sensor": "14", "component_id": "S01G04", "sensor_type": "strain", "x": "2.82", "y": "0", "side": "top", "angle": "0", "fromTop": "0.58", "fromLeft": "2.82", "sensorSpacing": "1.41", "fromRight": "5.64", "note": ""}, {"type": "sensor", "fiber": "F01", "sensor": "15", "component_id": "S01G04", "sensor_type": "strain", "x": "1.41", "y": "0", "side": "top", "angle": "0", "fromTop": "0.58", "fromLeft": "1.41", "sensorSpacing": "1.41", "fromRight": "7.05", "note": ""}, {"type": "sensor", "fiber": "F01", "sensor": "16", "component_id": "S01G04", "sensor_type": "strain", "x": "0.0", "y": "0", "side": "top", "angle": "0", "fromTop": "0.58", "fromLeft": "0.0", "sensorSpacing": "1.41", "fromRight": "8.46", "note": "last"}, {"type": "sensor", "fiber": "F01", "sensor": "17", "component_id": "S01G03", "sensor_type": "strain", "x": "8.46", "y": "0", "side": "top", "angle": "0", "fromTop": "0.58", "fromLeft": "8.46", "sensorSpacing": "0.0", "fromRight": "0.0", "note": "first"}, {"type": "sensor", "fiber": "F01", "sensor": "18", "component_id": "S01G03", "sensor_type": "strain", "x": "7.402", "y": "0", "side": "top", "angle": "0", "fromTop": "0.58", "fromLeft": "7.402", "sensorSpacing": "1.058", "fromRight": "1.058", "note": ""}, {"type": "sensor", "fiber": "F01", "sensor": "19", "component_id": "S01G03", "sensor_type": "strain", "x": "6.344", "y": "0", "side": "top", "angle": "0", "fromTop": "0.58", "fromLeft": "6.344", "sensorSpacing": "1.058", "fromRight": "2.116", "note": ""}, {"type": "sensor", "fiber": "F01", "sensor": "20", "component_id": "S01G03", "sensor_type": "strain", "x": "5.286", "y": "0", "side": "top", "angle": "0", "fromTop": "0.58", "fromLeft": "5.286", "sensorSpacing": "1.058", "fromRight": "3.174", "note": ""}, {"type": "sensor", "fiber": "F01", "sensor": "21", "component_id": "S01G03", "sensor_type": "strain", "x": "4.228", "y": "0", "side": "top", "angle": "0", "fromTop": "0.58", "fromLeft": "4.228", "sensorSpacing": "1.058", "fromRight": "4.232", "note": ""}, {"type": "sensor", "fiber": "F01", "sensor": "22", "component_id": "S01G03", "sensor_type": "strain", "x": "3.17", "y": "0", "side": "top", "angle": "0", "fromTop": "0.58", "fromLeft": "3.17", "sensorSpacing": "1.058", "fromRight": "5.29", "note": ""}, {"type": "sensor", "fiber": "F01", "sensor": "23", "component_id": "S01G03", "sensor_type": "strain", "x": "2.112", "y": "0", "side": "top", "angle": "0", "fromTop": "0.58", "fromLeft": "2.112", "sensorSpacing": "1.058", "fromRight": "6.348", "note": ""}, {"type": "sensor", "fiber": "F01", "sensor": "24", "component_id": "S01G03", "sensor_type": "strain", "x": "1.054", "y": "0", "side": "top", "angle": "0", "fromTop": "0.58", "fromLeft": "1.054", "sensorSpacing": "1.058", "fromRight": "7.406", "note": ""}, {"type": "sensor", "fiber": "F01", "sensor": "25", "component_id": "S01G03", "sensor_type": "strain", "x": "-0.004", "y": "0", "side": "top", "angle": "0", "fromTop": "0.58", "fromLeft": "-0.004", "sensorSpacing": "1.058", "fromRight": "8.464", "note": "last"}], "F02": [{"type": "sensor", "fiber": "F02", "sensor": "1", "component_id": "S01G12", "sensor_type": "strain", "x": "8.46", "y": "0", "side": "top", "angle": "0", "fromTop": "0.58", "fromLeft": "8.46", "sensorSpacing": "0.0", "fromRight": "0.0", "note": "first"}, {"type": "sensor", "fiber": "F02", "sensor": "2", "component_id": "S01G12", "sensor_type": "strain", "x": "7.402", "y": "0", "side": "top", "angle": "0", "fromTop": "0.58", "fromLeft": "7.402", "sensorSpacing": "1.058", "fromRight": "1.058", "note": ""}, {"type": "sensor", "fiber": "F02", "sensor": "3", "component_id": "S01G12", "sensor_type": "strain", "x": "6.344", "y": "0", "side": "top", "angle": "0", "fromTop": "0.58", "fromLeft": "6.344", "sensorSpacing": "1.058", "fromRight": "2.116", "note": ""}, {"type": "sensor", "fiber": "F02", "sensor": "4", "component_id": "S01G12", "sensor_type": "strain", "x": "5.286", "y": "0", "side": "top", "angle": "0", "fromTop": "0.58", "fromLeft": "5.286", "sensorSpacing": "1.058", "fromRight": "3.174", "note": ""}, {"type": "sensor", "fiber": "F02", "sensor": "5", "component_id": "S01G12", "sensor_type": "strain", "x": "4.228", "y": "0", "side": "top", "angle": "0", "fromTop": "0.58", "fromLeft": "4.228", "sensorSpacing": "1.058", "fromRight": "4.232", "note": ""}, {"type": "sensor", "fiber": "F02", "sensor": "6", "component_id": "S01G12", "sensor_type": "strain", "x": "3.17", "y": "0", "side": "top", "angle": "0", "fromTop": "0.58", "fromLeft": "3.17", "sensorSpacing": "1.058", "fromRight": "5.29", "note": ""}, {"type": "sensor", "fiber": "F02", "sensor": "7", "component_id": "S01G12", "sensor_type": "strain", "x": "2.112", "y": "0", "side": "top", "angle": "0", "fromTop": "0.58", "fromLeft": "2.112", "sensorSpacing": "1.058", "fromRight": "6.348", "note": ""}, {"type": "sensor", "fiber": "F02", "sensor": "8", "component_id": "S01G12", "sensor_type": "strain", "x": "1.054", "y": "0", "side": "top", "angle": "0", "fromTop": "0.58", "fromLeft": "1.054", "sensorSpacing": "1.058", "fromRight": "7.406", "note": ""}, {"type": "sensor", "fiber": "F02", "sensor": "9", "component_id": "S01G12", "sensor_type": "strain", "x": "-0.004", "y": "0", "side": "top", "angle": "0", "fromTop": "0.58", "fromLeft": "-0.004", "sensorSpacing": "1.058", "fromRight": "8.464", "note": "last"}, {"type": "sensor", "fiber": "F02", "sensor": "10", "component_id": "S01G13", "sensor_type": "strain", "x": "8.46", "y": "0", "side": "top", "angle": "0", "fromTop": "0.58", "fromLeft": "8.46", "sensorSpacing": "0.0", "fromRight": "0.0", "note": "first"}, {"type": "sensor", "fiber": "F02", "sensor": "11", "component_id": "S01G13", "sensor_type": "strain", "x": "7.05", "y": "0", "side": "top", "angle": "0", "fromTop": "0.58", "fromLeft": "7.05", "sensorSpacing": "1.41", "fromRight": "1.41", "note": ""}, {"type": "sensor", "fiber": "F02", "sensor": "12", "component_id": "S01G13", "sensor_type": "strain", "x": "5.64", "y": "0", "side": "top", "angle": "0", "fromTop": "0.58", "fromLeft": "5.64", "sensorSpacing": "1.41", "fromRight": "2.82", "note": ""}, {"type": "sensor", "fiber": "F02", "sensor": "13", "component_id": "S01G13", "sensor_type": "strain", "x": "4.23", "y": "0", "side": "top", "angle": "0", "fromTop": "0.58", "fromLeft": "4.23", "sensorSpacing": "1.41", "fromRight": "4.23", "note": "midspan"}, {"type": "sensor", "fiber": "F02", "sensor": "14", "component_id": "S01G13", "sensor_type": "strain", "x": "2.82", "y": "0", "side": "top", "angle": "0", "fromTop": "0.58", "fromLeft": "2.82", "sensorSpacing": "1.41", "fromRight": "5.64", "note": ""}, {"type": "sensor", "fiber": "F02", "sensor": "15", "component_id": "S01G13", "sensor_type": "strain", "x": "1.41", "y": "0", "side": "top", "angle": "0", "fromTop": "0.58", "fromLeft": "1.41", "sensorSpacing": "1.41", "fromRight": "7.05", "note": ""}, {"type": "sensor", "fiber": "F02", "sensor": "16", "component_id": "S01G13", "sensor_type": "strain", "x": "0.0", "y": "0", "side": "top", "angle": "0", "fromTop": "0.58", "fromLeft": "0.0", "sensorSpacing": "1.41", "fromRight": "8.46", "note": "last"}, {"type": "sensor", "fiber": "F02", "sensor": "17", "component_id": "S01G14", "sensor_type": "strain", "x": "8.46", "y": "0", "side": "top", "angle": "0", "fromTop": "0.58", "fromLeft": "8.46", "sensorSpacing": "0.0", "fromRight": "0.0", "note": "first"}, {"type": "sensor", "fiber": "F02", "sensor": "18", "component_id": "S01G14", "sensor_type": "strain", "x": "7.402", "y": "0", "side": "top", "angle": "0", "fromTop": "0.58", "fromLeft": "7.402", "sensorSpacing": "1.058", "fromRight": "1.058", "note": ""}, {"type": "sensor", "fiber": "F02", "sensor": "19", "component_id": "S01G14", "sensor_type": "strain", "x": "6.344", "y": "0", "side": "top", "angle": "0", "fromTop": "0.58", "fromLeft": "6.344", "sensorSpacing": "1.058", "fromRight": "2.116", "note": ""}, {"type": "sensor", "fiber": "F02", "sensor": "20", "component_id": "S01G14", "sensor_type": "strain", "x": "5.286", "y": "0", "side": "top", "angle": "0", "fromTop": "0.58", "fromLeft": "5.286", "sensorSpacing": "1.058", "fromRight": "3.174", "note": ""}, {"type": "sensor", "fiber": "F02", "sensor": "21", "component_id": "S01G14", "sensor_type": "strain", "x": "4.228", "y": "0", "side": "top", "angle": "0", "fromTop": "0.58", "fromLeft": "4.228", "sensorSpacing": "1.058", "fromRight": "4.232", "note": ""}, {"type": "sensor", "fiber": "F02", "sensor": "22", "component_id": "S01G14", "sensor_type": "strain", "x": "3.17", "y": "0", "side": "top", "angle": "0", "fromTop": "0.58", "fromLeft": "3.17", "sensorSpacing": "1.058", "fromRight": "5.29", "note": ""}, {"type": "sensor", "fiber": "F02", "sensor": "23", "component_id": "S01G14", "sensor_type": "strain", "x": "2.112", "y": "0", "side": "top", "angle": "0", "fromTop": "0.58", "fromLeft": "2.112", "sensorSpacing": "1.058", "fromRight": "6.348", "note": ""}, {"type": "sensor", "fiber": "F02", "sensor": "24", "component_id": "S01G14", "sensor_type": "strain", "x": "1.054", "y": "0", "side": "top", "angle": "0", "fromTop": "0.58", "fromLeft": "1.054", "sensorSpacing": "1.058", "fromRight": "7.406", "note": ""}, {"type": "sensor", "fiber": "F02", "sensor": "25", "component_id": "S01G14", "sensor_type": "strain", "x": "-0.004", "y": "0", "side": "top", "angle": "0", "fromTop": "0.58", "fromLeft": "-0.004", "sensorSpacing": "1.058", "fromRight": "8.464", "note": "last"}], "F03": [{"type": "sensor", "fiber": "F03", "sensor": "1", "component_id": "S02G08", "sensor_type": "strain", "x": "8.46", "y": "0", "side": "top", "angle": "0", "fromTop": "0.58", "fromLeft": "8.46", "sensorSpacing": "0.0", "fromRight": "0.0", "note": "first"}, {"type": "sensor", "fiber": "F03", "sensor": "2", "component_id": "S02G08", "sensor_type": "strain", "x": "7.402", "y": "0", "side": "top", "angle": "0", "fromTop": "0.58", "fromLeft": "7.402", "sensorSpacing": "1.058", "fromRight": "1.058", "note": ""}, {"type": "sensor", "fiber": "F03", "sensor": "3", "component_id": "S02G08", "sensor_type": "strain", "x": "6.344", "y": "0", "side": "top", "angle": "0", "fromTop": "0.58", "fromLeft": "6.344", "sensorSpacing": "1.058", "fromRight": "2.116", "note": ""}, {"type": "sensor", "fiber": "F03", "sensor": "4", "component_id": "S02G08", "sensor_type": "strain", "x": "5.286", "y": "0", "side": "top", "angle": "0", "fromTop": "0.58", "fromLeft": "5.286", "sensorSpacing": "1.058", "fromRight": "3.174", "note": ""}, {"type": "sensor", "fiber": "F03", "sensor": "5", "component_id": "S02G08", "sensor_type": "strain", "x": "4.228", "y": "0", "side": "top", "angle": "0", "fromTop": "0.58", "fromLeft": "4.228", "sensorSpacing": "1.058", "fromRight": "4.232", "note": ""}, {"type": "sensor", "fiber": "F03", "sensor": "6", "component_id": "S02G08", "sensor_type": "strain", "x": "3.17", "y": "0", "side": "top", "angle": "0", "fromTop": "0.58", "fromLeft": "3.17", "sensorSpacing": "1.058", "fromRight": "5.29", "note": ""}, {"type": "sensor", "fiber": "F03", "sensor": "7", "component_id": "S02G08", "sensor_type": "strain", "x": "2.112", "y": "0", "side": "top", "angle": "0", "fromTop": "0.58", "fromLeft": "2.112", "sensorSpacing": "1.058", "fromRight": "6.348", "note": ""}, {"type": "sensor", "fiber": "F03", "sensor": "8", "component_id": "S02G08", "sensor_type": "strain", "x": "1.054", "y": "0", "side": "top", "angle": "0", "fromTop": "0.58", "fromLeft": "1.054", "sensorSpacing": "1.058", "fromRight": "7.406", "note": ""}, {"type": "sensor", "fiber": "F03", "sensor": "9", "component_id": "S02G08", "sensor_type": "strain", "x": "-0.004", "y": "0", "side": "top", "angle": "0", "fromTop": "0.58", "fromLeft": "-0.004", "sensorSpacing": "1.058", "fromRight": "8.464", "note": "last"}, {"type": "sensor", "fiber": "F03", "sensor": "10", "component_id": "S02G07", "sensor_type": "strain", "x": "8.46", "y": "0", "side": "top", "angle": "0", "fromTop": "0.58", "fromLeft": "8.46", "sensorSpacing": "0.0", "fromRight": "0.0", "note": "first"}, {"type": "sensor", "fiber": "F03", "sensor": "11", "component_id": "S02G07", "sensor_type": "strain", "x": "7.05", "y": "0", "side": "top", "angle": "0", "fromTop": "0.58", "fromLeft": "7.05", "sensorSpacing": "1.41", "fromRight": "1.41", "note": ""}, {"type": "sensor", "fiber": "F03", "sensor": "12", "component_id": "S02G07", "sensor_type": "strain", "x": "5.64", "y": "0", "side": "top", "angle": "0", "fromTop": "0.58", "fromLeft": "5.64", "sensorSpacing": "1.41", "fromRight": "2.82", "note": ""}, {"type": "sensor", "fiber": "F03", "sensor": "13", "component_id": "S02G07", "sensor_type": "strain", "x": "4.23", "y": "0", "side": "top", "angle": "0", "fromTop": "0.58", "fromLeft": "4.23", "sensorSpacing": "1.41", "fromRight": "4.23", "note": "midspan"}, {"type": "sensor", "fiber": "F03", "sensor": "14", "component_id": "S02G07", "sensor_type": "strain", "x": "2.82", "y": "0", "side": "top", "angle": "0", "fromTop": "0.58", "fromLeft": "2.82", "sensorSpacing": "1.41", "fromRight": "5.64", "note": ""}, {"type": "sensor", "fiber": "F03", "sensor": "15", "component_id": "S02G07", "sensor_type": "strain", "x": "1.41", "y": "0", "side": "top", "angle": "0", "fromTop": "0.58", "fromLeft": "1.41", "sensorSpacing": "1.41", "fromRight": "7.05", "note": ""}, {"type": "sensor", "fiber": "F03", "sensor": "16", "component_id": "S02G07", "sensor_type": "strain", "x": "0.0", "y": "0", "side": "top", "angle": "0", "fromTop": "0.58", "fromLeft": "0.0", "sensorSpacing": "1.41", "fromRight": "8.46", "note": "last"}, {"type": "sensor", "fiber": "F03", "sensor": "17", "component_id": "S01G06", "sensor_type": "strain", "x": "8.46", "y": "0", "side": "top", "angle": "0", "fromTop": "0.58", "fromLeft": "8.46", "sensorSpacing": "0.0", "fromRight": "0.0", "note": "first"}, {"type": "sensor", "fiber": "F03", "sensor": "18", "component_id": "S01G06", "sensor_type": "strain", "x": "7.402", "y": "0", "side": "top", "angle": "0", "fromTop": "0.58", "fromLeft": "7.402", "sensorSpacing": "1.058", "fromRight": "1.058", "note": ""}, {"type": "sensor", "fiber": "F03", "sensor": "19", "component_id": "S01G06", "sensor_type": "strain", "x": "6.344", "y": "0", "side": "top", "angle": "0", "fromTop": "0.58", "fromLeft": "6.344", "sensorSpacing": "1.058", "fromRight": "2.116", "note": ""}, {"type": "sensor", "fiber": "F03", "sensor": "20", "component_id": "S01G06", "sensor_type": "strain", "x": "5.286", "y": "0", "side": "top", "angle": "0", "fromTop": "0.58", "fromLeft": "5.286", "sensorSpacing": "1.058", "fromRight": "3.174", "note": ""}, {"type": "sensor", "fiber": "F03", "sensor": "21", "component_id": "S01G06", "sensor_type": "strain", "x": "4.228", "y": "0", "side": "top", "angle": "0", "fromTop": "0.58", "fromLeft": "4.228", "sensorSpacing": "1.058", "fromRight": "4.232", "note": ""}, {"type": "sensor", "fiber": "F03", "sensor": "22", "component_id": "S01G06", "sensor_type": "strain", "x": "3.17", "y": "0", "side": "top", "angle": "0", "fromTop": "0.58", "fromLeft": "3.17", "sensorSpacing": "1.058", "fromRight": "5.29", "note": ""}, {"type": "sensor", "fiber": "F03", "sensor": "23", "component_id": "S01G06", "sensor_type": "strain", "x": "2.112", "y": "0", "side": "top", "angle": "0", "fromTop": "0.58", "fromLeft": "2.112", "sensorSpacing": "1.058", "fromRight": "6.348", "note": ""}, {"type": "sensor", "fiber": "F03", "sensor": "24", "component_id": "S01G06", "sensor_type": "strain", "x": "1.054", "y": "0", "side": "top", "angle": "0", "fromTop": "0.58", "fromLeft": "1.054", "sensorSpacing": "1.058", "fromRight": "7.406", "note": ""}, {"type": "sensor", "fiber": "F03", "sensor": "25", "component_id": "S01G06", "sensor_type": "strain", "x": "-0.004", "y": "0", "side": "top", "angle": "0", "fromTop": "0.58", "fromLeft": "-0.004", "sensorSpacing": "1.058", "fromRight": "8.464", "note": "last"}], "F04": [{"type": "sensor", "fiber": "F04", "sensor": "1", "component_id": "S02G09", "sensor_type": "strain", "x": "8.46", "y": "0", "side": "top", "angle": "0", "fromTop": "0.58", "fromLeft": "8.46", "sensorSpacing": "0.0", "fromRight": "0.0", "note": "first"}, {"type": "sensor", "fiber": "F04", "sensor": "2", "component_id": "S02G09", "sensor_type": "strain", "x": "7.402", "y": "0", "side": "top", "angle": "0", "fromTop": "0.58", "fromLeft": "7.402", "sensorSpacing": "1.058", "fromRight": "1.058", "note": ""}, {"type": "sensor", "fiber": "F04", "sensor": "3", "component_id": "S02G09", "sensor_type": "strain", "x": "6.344", "y": "0", "side": "top", "angle": "0", "fromTop": "0.58", "fromLeft": "6.344", "sensorSpacing": "1.058", "fromRight": "2.116", "note": ""}, {"type": "sensor", "fiber": "F04", "sensor": "4", "component_id": "S02G09", "sensor_type": "strain", "x": "5.286", "y": "0", "side": "top", "angle": "0", "fromTop": "0.58", "fromLeft": "5.286", "sensorSpacing": "1.058", "fromRight": "3.174", "note": ""}, {"type": "sensor", "fiber": "F04", "sensor": "5", "component_id": "S02G09", "sensor_type": "strain", "x": "4.228", "y": "0", "side": "top", "angle": "0", "fromTop": "0.58", "fromLeft": "4.228", "sensorSpacing": "1.058", "fromRight": "4.232", "note": ""}, {"type": "sensor", "fiber": "F04", "sensor": "6", "component_id": "S02G09", "sensor_type": "strain", "x": "3.17", "y": "0", "side": "top", "angle": "0", "fromTop": "0.58", "fromLeft": "3.17", "sensorSpacing": "1.058", "fromRight": "5.29", "note": ""}, {"type": "sensor", "fiber": "F04", "sensor": "7", "component_id": "S02G09", "sensor_type": "strain", "x": "2.112", "y": "0", "side": "top", "angle": "0", "fromTop": "0.58", "fromLeft": "2.112", "sensorSpacing": "1.058", "fromRight": "6.348", "note": ""}, {"type": "sensor", "fiber": "F04", "sensor": "8", "component_id": "S02G09", "sensor_type": "strain", "x": "1.054", "y": "0", "side": "top", "angle": "0", "fromTop": "0.58", "fromLeft": "1.054", "sensorSpacing": "1.058", "fromRight": "7.406", "note": ""}, {"type": "sensor", "fiber": "F04", "sensor": "9", "component_id": "S02G09", "sensor_type": "strain", "x": "-0.004", "y": "0", "side": "top", "angle": "0", "fromTop": "0.58", "fromLeft": "-0.004", "sensorSpacing": "1.058", "fromRight": "8.464", "note": "last"}, {"type": "sensor", "fiber": "F04", "sensor": "10", "component_id": "S02G10", "sensor_type": "strain", "x": "8.46", "y": "0", "side": "top", "angle": "0", "fromTop": "0.58", "fromLeft": "8.46", "sensorSpacing": "0.0", "fromRight": "0.0", "note": "first"}, {"type": "sensor", "fiber": "F04", "sensor": "11", "component_id": "S02G10", "sensor_type": "strain", "x": "7.05", "y": "0", "side": "top", "angle": "0", "fromTop": "0.58", "fromLeft": "7.05", "sensorSpacing": "1.41", "fromRight": "1.41", "note": ""}, {"type": "sensor", "fiber": "F04", "sensor": "12", "component_id": "S02G10", "sensor_type": "strain", "x": "5.64", "y": "0", "side": "top", "angle": "0", "fromTop": "0.58", "fromLeft": "5.64", "sensorSpacing": "1.41", "fromRight": "2.82", "note": ""}, {"type": "sensor", "fiber": "F04", "sensor": "13", "component_id": "S02G10", "sensor_type": "strain", "x": "4.23", "y": "0", "side": "top", "angle": "0", "fromTop": "0.58", "fromLeft": "4.23", "sensorSpacing": "1.41", "fromRight": "4.23", "note": "midspan"}, {"type": "sensor", "fiber": "F04", "sensor": "14", "component_id": "S02G10", "sensor_type": "strain", "x": "2.82", "y": "0", "side": "top", "angle": "0", "fromTop": "0.58", "fromLeft": "2.82", "sensorSpacing": "1.41", "fromRight": "5.64", "note": ""}, {"type": "sensor", "fiber": "F04", "sensor": "15", "component_id": "S02G10", "sensor_type": "strain", "x": "1.41", "y": "0", "side": "top", "angle": "0", "fromTop": "0.58", "fromLeft": "1.41", "sensorSpacing": "1.41", "fromRight": "7.05", "note": ""}, {"type": "sensor", "fiber": "F04", "sensor": "16", "component_id": "S02G10", "sensor_type": "strain", "x": "0.0", "y": "0", "side": "top", "angle": "0", "fromTop": "0.58", "fromLeft": "0.0", "sensorSpacing": "1.41", "fromRight": "8.46", "note": "last"}, {"type": "sensor", "fiber": "F04", "sensor": "17", "component_id": "S02G11", "sensor_type": "strain", "x": "8.46", "y": "0", "side": "top", "angle": "0", "fromTop": "0.58", "fromLeft": "8.46", "sensorSpacing": "0.0", "fromRight": "0.0", "note": "first"}, {"type": "sensor", "fiber": "F04", "sensor": "18", "component_id": "S02G11", "sensor_type": "strain", "x": "7.402", "y": "0", "side": "top", "angle": "0", "fromTop": "0.58", "fromLeft": "7.402", "sensorSpacing": "1.058", "fromRight": "1.058", "note": ""}, {"type": "sensor", "fiber": "F04", "sensor": "19", "component_id": "S02G11", "sensor_type": "strain", "x": "6.344", "y": "0", "side": "top", "angle": "0", "fromTop": "0.58", "fromLeft": "6.344", "sensorSpacing": "1.058", "fromRight": "2.116", "note": ""}, {"type": "sensor", "fiber": "F04", "sensor": "20", "component_id": "S02G11", "sensor_type": "strain", "x": "5.286", "y": "0", "side": "top", "angle": "0", "fromTop": "0.58", "fromLeft": "5.286", "sensorSpacing": "1.058", "fromRight": "3.174", "note": ""}, {"type": "sensor", "fiber": "F04", "sensor": "21", "component_id": "S02G11", "sensor_type": "strain", "x": "4.228", "y": "0", "side": "top", "angle": "0", "fromTop": "0.58", "fromLeft": "4.228", "sensorSpacing": "1.058", "fromRight": "4.232", "note": ""}, {"type": "sensor", "fiber": "F04", "sensor": "22", "component_id": "S02G11", "sensor_type": "strain", "x": "3.17", "y": "0", "side": "top", "angle": "0", "fromTop": "0.58", "fromLeft": "3.17", "sensorSpacing": "1.058", "fromRight": "5.29", "note": ""}, {"type": "sensor", "fiber": "F04", "sensor": "23", "component_id": "S02G11", "sensor_type": "strain", "x": "2.112", "y": "0", "side": "top", "angle": "0", "fromTop": "0.58", "fromLeft": "2.112", "sensorSpacing": "1.058", "fromRight": "6.348", "note": ""}, {"type": "sensor", "fiber": "F04", "sensor": "24", "component_id": "S02G11", "sensor_type": "strain", "x": "1.054", "y": "0", "side": "top", "angle": "0", "fromTop": "0.58", "fromLeft": "1.054", "sensorSpacing": "1.058", "fromRight": "7.406", "note": ""}, {"type": "sensor", "fiber": "F04", "sensor": "25", "component_id": "S02G11", "sensor_type": "strain", "x": "-0.004", "y": "0", "side": "top", "angle": "0", "fromTop": "0.58", "fromLeft": "-0.004", "sensorSpacing": "1.058", "fromRight": "8.464", "note": "last"}], "F05": [{"type": "sensor", "fiber": "F05", "sensor": "1", "component_id": "S03G05", "sensor_type": "strain", "x": "8.46", "y": "0", "side": "top", "angle": "0", "fromTop": "0.58", "fromLeft": "8.46", "sensorSpacing": "0.0", "fromRight": "0.0", "note": "first"}, {"type": "sensor", "fiber": "F05", "sensor": "2", "component_id": "S03G05", "sensor_type": "strain", "x": "7.402", "y": "0", "side": "top", "angle": "0", "fromTop": "0.58", "fromLeft": "7.402", "sensorSpacing": "1.058", "fromRight": "1.058", "note": ""}, {"type": "sensor", "fiber": "F05", "sensor": "3", "component_id": "S03G05", "sensor_type": "strain", "x": "6.344", "y": "0", "side": "top", "angle": "0", "fromTop": "0.58", "fromLeft": "6.344", "sensorSpacing": "1.058", "fromRight": "2.116", "note": ""}, {"type": "sensor", "fiber": "F05", "sensor": "4", "component_id": "S03G05", "sensor_type": "strain", "x": "5.286", "y": "0", "side": "top", "angle": "0", "fromTop": "0.58", "fromLeft": "5.286", "sensorSpacing": "1.058", "fromRight": "3.174", "note": ""}, {"type": "sensor", "fiber": "F05", "sensor": "5", "component_id": "S03G05", "sensor_type": "strain", "x": "4.228", "y": "0", "side": "top", "angle": "0", "fromTop": "0.58", "fromLeft": "4.228", "sensorSpacing": "1.058", "fromRight": "4.232", "note": ""}, {"type": "sensor", "fiber": "F05", "sensor": "6", "component_id": "S03G05", "sensor_type": "strain", "x": "3.17", "y": "0", "side": "top", "angle": "0", "fromTop": "0.58", "fromLeft": "3.17", "sensorSpacing": "1.058", "fromRight": "5.29", "note": ""}, {"type": "sensor", "fiber": "F05", "sensor": "7", "component_id": "S03G05", "sensor_type": "strain", "x": "2.112", "y": "0", "side": "top", "angle": "0", "fromTop": "0.58", "fromLeft": "2.112", "sensorSpacing": "1.058", "fromRight": "6.348", "note": ""}, {"type": "sensor", "fiber": "F05", "sensor": "8", "component_id": "S03G05", "sensor_type": "strain", "x": "1.054", "y": "0", "side": "top", "angle": "0", "fromTop": "0.58", "fromLeft": "1.054", "sensorSpacing": "1.058", "fromRight": "7.406", "note": ""}, {"type": "sensor", "fiber": "F05", "sensor": "9", "component_id": "S03G05", "sensor_type": "strain", "x": "-0.004", "y": "0", "side": "top", "angle": "0", "fromTop": "0.58", "fromLeft": "-0.004", "sensorSpacing": "1.058", "fromRight": "8.464", "note": "last"}, {"type": "sensor", "fiber": "F05", "sensor": "10", "component_id": "S03G04", "sensor_type": "strain", "x": "8.46", "y": "0", "side": "top", "angle": "0", "fromTop": "0.58", "fromLeft": "8.46", "sensorSpacing": "0.0", "fromRight": "0.0", "note": "first"}, {"type": "sensor", "fiber": "F05", "sensor": "11", "component_id": "S03G04", "sensor_type": "strain", "x": "7.05", "y": "0", "side": "top", "angle": "0", "fromTop": "0.58", "fromLeft": "7.05", "sensorSpacing": "1.41", "fromRight": "1.41", "note": ""}, {"type": "sensor", "fiber": "F05", "sensor": "12", "component_id": "S03G04", "sensor_type": "strain", "x": "5.64", "y": "0", "side": "top", "angle": "0", "fromTop": "0.58", "fromLeft": "5.64", "sensorSpacing": "1.41", "fromRight": "2.82", "note": ""}, {"type": "sensor", "fiber": "F05", "sensor": "13", "component_id": "S03G04", "sensor_type": "strain", "x": "4.23", "y": "0", "side": "top", "angle": "0", "fromTop": "0.58", "fromLeft": "4.23", "sensorSpacing": "1.41", "fromRight": "4.23", "note": "midspan"}, {"type": "sensor", "fiber": "F05", "sensor": "14", "component_id": "S03G04", "sensor_type": "strain", "x": "2.82", "y": "0", "side": "top", "angle": "0", "fromTop": "0.58", "fromLeft": "2.82", "sensorSpacing": "1.41", "fromRight": "5.64", "note": ""}, {"type": "sensor", "fiber": "F05", "sensor": "15", "component_id": "S03G04", "sensor_type": "strain", "x": "1.41", "y": "0", "side": "top", "angle": "0", "fromTop": "0.58", "fromLeft": "1.41", "sensorSpacing": "1.41", "fromRight": "7.05", "note": ""}, {"type": "sensor", "fiber": "F05", "sensor": "16", "component_id": "S03G04", "sensor_type": "strain", "x": "0.0", "y": "0", "side": "top", "angle": "0", "fromTop": "0.58", "fromLeft": "0.0", "sensorSpacing": "1.41", "fromRight": "8.46", "note": "last"}, {"type": "sensor", "fiber": "F05", "sensor": "17", "component_id": "S03G03", "sensor_type": "strain", "x": "8.46", "y": "0", "side": "top", "angle": "0", "fromTop": "0.58", "fromLeft": "8.46", "sensorSpacing": "0.0", "fromRight": "0.0", "note": "first"}, {"type": "sensor", "fiber": "F05", "sensor": "18", "component_id": "S03G03", "sensor_type": "strain", "x": "7.402", "y": "0", "side": "top", "angle": "0", "fromTop": "0.58", "fromLeft": "7.402", "sensorSpacing": "1.058", "fromRight": "1.058", "note": ""}, {"type": "sensor", "fiber": "F05", "sensor": "19", "component_id": "S03G03", "sensor_type": "strain", "x": "6.344", "y": "0", "side": "top", "angle": "0", "fromTop": "0.58", "fromLeft": "6.344", "sensorSpacing": "1.058", "fromRight": "2.116", "note": ""}, {"type": "sensor", "fiber": "F05", "sensor": "20", "component_id": "S03G03", "sensor_type": "strain", "x": "5.286", "y": "0", "side": "top", "angle": "0", "fromTop": "0.58", "fromLeft": "5.286", "sensorSpacing": "1.058", "fromRight": "3.174", "note": ""}, {"type": "sensor", "fiber": "F05", "sensor": "21", "component_id": "S03G03", "sensor_type": "strain", "x": "4.228", "y": "0", "side": "top", "angle": "0", "fromTop": "0.58", "fromLeft": "4.228", "sensorSpacing": "1.058", "fromRight": "4.232", "note": ""}, {"type": "sensor", "fiber": "F05", "sensor": "22", "component_id": "S03G03", "sensor_type": "strain", "x": "3.17", "y": "0", "side": "top", "angle": "0", "fromTop": "0.58", "fromLeft": "3.17", "sensorSpacing": "1.058", "fromRight": "5.29", "note": ""}, {"type": "sensor", "fiber": "F05", "sensor": "23", "component_id": "S03G03", "sensor_type": "strain", "x": "2.112", "y": "0", "side": "top", "angle": "0", "fromTop": "0.58", "fromLeft": "2.112", "sensorSpacing": "1.058", "fromRight": "6.348", "note": ""}, {"type": "sensor", "fiber": "F05", "sensor": "24", "component_id": "S03G03", "sensor_type": "strain", "x": "1.054", "y": "0", "side": "top", "angle": "0", "fromTop": "0.58", "fromLeft": "1.054", "sensorSpacing": "1.058", "fromRight": "7.406", "note": ""}, {"type": "sensor", "fiber": "F05", "sensor": "25", "component_id": "S03G03", "sensor_type": "strain", "x": "-0.004", "y": "0", "side": "top", "angle": "0", "fromTop": "0.58", "fromLeft": "-0.004", "sensorSpacing": "1.058", "fromRight": "8.464", "note": "last"}], "F06": [{"type": "sensor", "fiber": "F06", "sensor": "1", "component_id": "S03G12", "sensor_type": "strain", "x": "8.46", "y": "0", "side": "top", "angle": "0", "fromTop": "0.58", "fromLeft": "8.46", "sensorSpacing": "0.0", "fromRight": "0.0", "note": "first"}, {"type": "sensor", "fiber": "F06", "sensor": "2", "component_id": "S03G12", "sensor_type": "strain", "x": "7.402", "y": "0", "side": "top", "angle": "0", "fromTop": "0.58", "fromLeft": "7.402", "sensorSpacing": "1.058", "fromRight": "1.058", "note": ""}, {"type": "sensor", "fiber": "F06", "sensor": "3", "component_id": "S03G12", "sensor_type": "strain", "x": "6.344", "y": "0", "side": "top", "angle": "0", "fromTop": "0.58", "fromLeft": "6.344", "sensorSpacing": "1.058", "fromRight": "2.116", "note": ""}, {"type": "sensor", "fiber": "F06", "sensor": "4", "component_id": "S03G12", "sensor_type": "strain", "x": "5.286", "y": "0", "side": "top", "angle": "0", "fromTop": "0.58", "fromLeft": "5.286", "sensorSpacing": "1.058", "fromRight": "3.174", "note": ""}, {"type": "sensor", "fiber": "F06", "sensor": "5", "component_id": "S03G12", "sensor_type": "strain", "x": "4.228", "y": "0", "side": "top", "angle": "0", "fromTop": "0.58", "fromLeft": "4.228", "sensorSpacing": "1.058", "fromRight": "4.232", "note": ""}, {"type": "sensor", "fiber": "F06", "sensor": "6", "component_id": "S03G12", "sensor_type": "strain", "x": "3.17", "y": "0", "side": "top", "angle": "0", "fromTop": "0.58", "fromLeft": "3.17", "sensorSpacing": "1.058", "fromRight": "5.29", "note": ""}, {"type": "sensor", "fiber": "F06", "sensor": "7", "component_id": "S03G12", "sensor_type": "strain", "x": "2.112", "y": "0", "side": "top", "angle": "0", "fromTop": "0.58", "fromLeft": "2.112", "sensorSpacing": "1.058", "fromRight": "6.348", "note": ""}, {"type": "sensor", "fiber": "F06", "sensor": "8", "component_id": "S03G12", "sensor_type": "strain", "x": "1.054", "y": "0", "side": "top", "angle": "0", "fromTop": "0.58", "fromLeft": "1.054", "sensorSpacing": "1.058", "fromRight": "7.406", "note": ""}, {"type": "sensor", "fiber": "F06", "sensor": "9", "component_id": "S03G12", "sensor_type": "strain", "x": "-0.004", "y": "0", "side": "top", "angle": "0", "fromTop": "0.58", "fromLeft": "-0.004", "sensorSpacing": "1.058", "fromRight": "8.464", "note": "last"}, {"type": "sensor", "fiber": "F06", "sensor": "10", "component_id": "S03G13", "sensor_type": "strain", "x": "8.46", "y": "0", "side": "top", "angle": "0", "fromTop": "0.58", "fromLeft": "8.46", "sensorSpacing": "0.0", "fromRight": "0.0", "note": "first"}, {"type": "sensor", "fiber": "F06", "sensor": "11", "component_id": "S03G13", "sensor_type": "strain", "x": "7.05", "y": "0", "side": "top", "angle": "0", "fromTop": "0.58", "fromLeft": "7.05", "sensorSpacing": "1.41", "fromRight": "1.41", "note": ""}, {"type": "sensor", "fiber": "F06", "sensor": "12", "component_id": "S03G13", "sensor_type": "strain", "x": "5.64", "y": "0", "side": "top", "angle": "0", "fromTop": "0.58", "fromLeft": "5.64", "sensorSpacing": "1.41", "fromRight": "2.82", "note": ""}, {"type": "sensor", "fiber": "F06", "sensor": "13", "component_id": "S03G13", "sensor_type": "strain", "x": "4.23", "y": "0", "side": "top", "angle": "0", "fromTop": "0.58", "fromLeft": "4.23", "sensorSpacing": "1.41", "fromRight": "4.23", "note": "midspan"}, {"type": "sensor", "fiber": "F06", "sensor": "14", "component_id": "S03G13", "sensor_type": "strain", "x": "2.82", "y": "0", "side": "top", "angle": "0", "fromTop": "0.58", "fromLeft": "2.82", "sensorSpacing": "1.41", "fromRight": "5.64", "note": ""}, {"type": "sensor", "fiber": "F06", "sensor": "15", "component_id": "S03G13", "sensor_type": "strain", "x": "1.41", "y": "0", "side": "top", "angle": "0", "fromTop": "0.58", "fromLeft": "1.41", "sensorSpacing": "1.41", "fromRight": "7.05", "note": ""}, {"type": "sensor", "fiber": "F06", "sensor": "16", "component_id": "S03G13", "sensor_type": "strain", "x": "0.0", "y": "0", "side": "top", "angle": "0", "fromTop": "0.58", "fromLeft": "0.0", "sensorSpacing": "1.41", "fromRight": "8.46", "note": "last"}, {"type": "sensor", "fiber": "F06", "sensor": "17", "component_id": "S03G14", "sensor_type": "strain", "x": "8.46", "y": "0", "side": "top", "angle": "0", "fromTop": "0.58", "fromLeft": "8.46", "sensorSpacing": "0.0", "fromRight": "0.0", "note": "first"}, {"type": "sensor", "fiber": "F06", "sensor": "18", "component_id": "S03G14", "sensor_type": "strain", "x": "7.402", "y": "0", "side": "top", "angle": "0", "fromTop": "0.58", "fromLeft": "7.402", "sensorSpacing": "1.058", "fromRight": "1.058", "note": ""}, {"type": "sensor", "fiber": "F06", "sensor": "19", "component_id": "S03G14", "sensor_type": "strain", "x": "6.344", "y": "0", "side": "top", "angle": "0", "fromTop": "0.58", "fromLeft": "6.344", "sensorSpacing": "1.058", "fromRight": "2.116", "note": ""}, {"type": "sensor", "fiber": "F06", "sensor": "20", "component_id": "S03G14", "sensor_type": "strain", "x": "5.286", "y": "0", "side": "top", "angle": "0", "fromTop": "0.58", "fromLeft": "5.286", "sensorSpacing": "1.058", "fromRight": "3.174", "note": ""}, {"type": "sensor", "fiber": "F06", "sensor": "21", "component_id": "S03G14", "sensor_type": "strain", "x": "4.228", "y": "0", "side": "top", "angle": "0", "fromTop": "0.58", "fromLeft": "4.228", "sensorSpacing": "1.058", "fromRight": "4.232", "note": ""}, {"type": "sensor", "fiber": "F06", "sensor": "22", "component_id": "S03G14", "sensor_type": "strain", "x": "3.17", "y": "0", "side": "top", "angle": "0", "fromTop": "0.58", "fromLeft": "3.17", "sensorSpacing": "1.058", "fromRight": "5.29", "note": ""}, {"type": "sensor", "fiber": "F06", "sensor": "23", "component_id": "S03G14", "sensor_type": "strain", "x": "2.112", "y": "0", "side": "top", "angle": "0", "fromTop": "0.58", "fromLeft": "2.112", "sensorSpacing": "1.058", "fromRight": "6.348", "note": ""}, {"type": "sensor", "fiber": "F06", "sensor": "24", "component_id": "S03G14", "sensor_type": "strain", "x": "1.054", "y": "0", "side": "top", "angle": "0", "fromTop": "0.58", "fromLeft": "1.054", "sensorSpacing": "1.058", "fromRight": "7.406", "note": ""}, {"type": "sensor", "fiber": "F06", "sensor": "25", "component_id": "S03G14", "sensor_type": "strain", "x": "-0.004", "y": "0", "side": "top", "angle": "0", "fromTop": "0.58", "fromLeft": "-0.004", "sensorSpacing": "1.058", "fromRight": "8.464", "note": "last"}], "F07": [{"type": "sensor", "fiber": "F07", "sensor": "1", "component_id": "P02CR01", "sensor_type": "strain", "x": "10.2", "y": "0.83", "side": "left", "angle": "0", "fromTop": "0.83", "fromLeft": "10.2", "sensorSpacing": "0.0", "fromRight": "0.0", "note": "first"}, {"type": "sensor", "fiber": "F07", "sensor": "2", "component_id": "P02CR01", "sensor_type": "strain", "x": "8.5", "y": "0.83", "side": "left", "angle": "0", "fromTop": "0.83", "fromLeft": "8.5", "sensorSpacing": "1.7", "fromRight": "1.7", "note": ""}, {"type": "sensor", "fiber": "F07", "sensor": "3", "component_id": "P02CR01", "sensor_type": "strain", "x": "6.8", "y": "0.83", "side": "left", "angle": "0", "fromTop": "0.83", "fromLeft": "6.8", "sensorSpacing": "1.7", "fromRight": "3.4", "note": ""}, {"type": "sensor", "fiber": "F07", "sensor": "4", "component_id": "P02CR01", "sensor_type": "strain", "x": "5.1", "y": "0.83", "side": "left", "angle": "0", "fromTop": "0.83", "fromLeft": "5.1", "sensorSpacing": "1.7", "fromRight": "5.1", "note": "midspan"}, {"type": "sensor", "fiber": "F07", "sensor": "5", "component_id": "P02CR01", "sensor_type": "strain", "x": "3.4", "y": "0.83", "side": "left", "angle": "0", "fromTop": "0.83", "fromLeft": "3.4", "sensorSpacing": "1.7", "fromRight": "6.8", "note": ""}, {"type": "sensor", "fiber": "F07", "sensor": "6", "component_id": "P02CR01", "sensor_type": "strain", "x": "1.7", "y": "0.83", "side": "left", "angle": "0", "fromTop": "0.83", "fromLeft": "1.7", "sensorSpacing": "1.7", "fromRight": "8.5", "note": ""}, {"type": "sensor", "fiber": "F07", "sensor": "7", "component_id": "P02CR01", "sensor_type": "strain", "x": "0.0", "y": "0.83", "side": "left", "angle": "0", "fromTop": "0.83", "fromLeft": "0.0", "sensorSpacing": "1.7", "fromRight": "10.2", "note": "last"}, {"type": "sensor", "fiber": "F07", "sensor": "10", "component_id": "P02CR01", "sensor_type": "strain", "x": "10.2", "y": "0.83", "side": "bottom", "angle": "0", "fromTop": "0.83", "fromLeft": "10.2", "sensorSpacing": "0.0", "fromRight": "0.0", "note": "first"}, {"type": "sensor", "fiber": "F07", "sensor": "11", "component_id": "P02CR01", "sensor_type": "strain", "x": "7.65", "y": "0.83", "side": "bottom", "angle": "0", "fromTop": "0.83", "fromLeft": "7.65", "sensorSpacing": "2.55", "fromRight": "2.55", "note": ""}, {"type": "sensor", "fiber": "F07", "sensor": "12", "component_id": "P02CR01", "sensor_type": "strain", "x": "5.1", "y": "0.83", "side": "bottom", "angle": "0", "fromTop": "0.83", "fromLeft": "5.1", "sensorSpacing": "2.55", "fromRight": "5.1", "note": "midspan"}, {"type": "sensor", "fiber": "F07", "sensor": "13", "component_id": "P02CR01", "sensor_type": "strain", "x": "2.55", "y": "0.83", "side": "bottom", "angle": "0", "fromTop": "0.83", "fromLeft": "2.55", "sensorSpacing": "2.55", "fromRight": "7.65", "note": ""}, {"type": "sensor", "fiber": "F07", "sensor": "14", "component_id": "P02CR01", "sensor_type": "strain", "x": "0.0", "y": "0.83", "side": "bottom", "angle": "0", "fromTop": "0.83", "fromLeft": "0.0", "sensorSpacing": "2.55", "fromRight": "10.2", "note": "last"}, {"type": "sensor", "fiber": "F07", "sensor": "17", "component_id": "P02CR01", "sensor_type": "strain", "x": "10.2", "y": "0.83", "side": "left", "angle": "0", "fromTop": "0.83", "fromLeft": "10.2", "sensorSpacing": "0.0", "fromRight": "0.0", "note": "first"}, {"type": "sensor", "fiber": "F07", "sensor": "18", "component_id": "P02CR01", "sensor_type": "strain", "x": "8.925", "y": "0.83", "side": "left", "angle": "0", "fromTop": "0.83", "fromLeft": "8.925", "sensorSpacing": "1.275", "fromRight": "1.275", "note": ""}, {"type": "sensor", "fiber": "F07", "sensor": "19", "component_id": "P02CR01", "sensor_type": "strain", "x": "7.65", "y": "0.83", "side": "left", "angle": "0", "fromTop": "0.83", "fromLeft": "7.65", "sensorSpacing": "1.275", "fromRight": "2.55", "note": ""}, {"type": "sensor", "fiber": "F07", "sensor": "20", "component_id": "P02CR01", "sensor_type": "strain", "x": "6.375", "y": "0.83", "side": "left", "angle": "0", "fromTop": "0.83", "fromLeft": "6.375", "sensorSpacing": "1.275", "fromRight": "3.825", "note": ""}, {"type": "sensor", "fiber": "F07", "sensor": "21", "component_id": "P02CR01", "sensor_type": "strain", "x": "5.1", "y": "0.83", "side": "left", "angle": "0", "fromTop": "0.83", "fromLeft": "5.1", "sensorSpacing": "1.275", "fromRight": "5.1", "note": "midspan"}, {"type": "sensor", "fiber": "F07", "sensor": "22", "component_id": "P02CR01", "sensor_type": "strain", "x": "3.825", "y": "0.83", "side": "left", "angle": "0", "fromTop": "0.83", "fromLeft": "3.825", "sensorSpacing": "1.275", "fromRight": "6.375", "note": ""}, {"type": "sensor", "fiber": "F07", "sensor": "23", "component_id": "P02CR01", "sensor_type": "strain", "x": "2.55", "y": "0.83", "side": "left", "angle": "0", "fromTop": "0.83", "fromLeft": "2.55", "sensorSpacing": "1.275", "fromRight": "7.65", "note": ""}, {"type": "sensor", "fiber": "F07", "sensor": "24", "component_id": "P02CR01", "sensor_type": "strain", "x": "1.275", "y": "0.83", "side": "left", "angle": "0", "fromTop": "0.83", "fromLeft": "1.275", "sensorSpacing": "1.275", "fromRight": "8.925", "note": ""}, {"type": "sensor", "fiber": "F07", "sensor": "25", "component_id": "P02CR01", "sensor_type": "strain", "x": "0.0", "y": "0.83", "side": "left", "angle": "0", "fromTop": "0.83", "fromLeft": "0.0", "sensorSpacing": "1.275", "fromRight": "10.2", "note": "last"}, {"type": "sensor", "fiber": "F07", "sensor": "8", "component_id": "P02C02", "sensor_type": "strain", "x": "0.0", "y": "0", "side": "down", "angle": "0", "fromTop": "0.0", "fromLeft": "0", "sensorSpacing": "0", "fromRight": "2.46", "note": "first"}, {"type": "sensor", "fiber": "F07", "sensor": "9", "component_id": "P02C02", "sensor_type": "strain", "x": "0.0", "y": "2.46", "side": "down", "angle": "0", "fromTop": "0.0", "fromLeft": "2.46", "sensorSpacing": "2.46", "fromRight": "0.0", "note": "last"}, {"type": "sensor", "fiber": "F07", "sensor": "15", "component_id": "P02C01", "sensor_type": "strain", "x": "0.0", "y": "0", "side": "down", "angle": "0", "fromTop": "0.0", "fromLeft": "0", "sensorSpacing": "0", "fromRight": "2.46", "note": "first"}, {"type": "sensor", "fiber": "F07", "sensor": "16", "component_id": "P02C01", "sensor_type": "strain", "x": "0.0", "y": "2.46", "side": "down", "angle": "0", "fromTop": "0.0", "fromLeft": "2.46", "sensorSpacing": "2.46", "fromRight": "0.0", "note": "last"}], "F08": [{"type": "sensor", "fiber": "F08", "sensor": "1", "component_id": "A02", "sensor_type": "strain", "x": "7.44", "y": "0.35", "side": "left", "angle": "0", "fromTop": "0.35", "fromLeft": "7.44", "sensorSpacing": "7.44", "fromRight": "2.86", "note": ""}, {"type": "sensor", "fiber": "F08", "sensor": "2", "component_id": "A02", "sensor_type": "strain", "x": "7.44", "y": "0.35", "side": "left", "angle": "90", "fromTop": "0.35", "fromLeft": "7.44", "sensorSpacing": "0.0", "fromRight": "2.86", "note": ""}, {"type": "sensor", "fiber": "F08", "sensor": "3", "component_id": "A02", "sensor_type": "strain", "x": "7.44", "y": "0.35", "side": "left", "angle": "45", "fromTop": "0.35", "fromLeft": "7.44", "sensorSpacing": "0.0", "fromRight": "2.86", "note": ""}, {"type": "sensor", "fiber": "F08", "sensor": "4", "component_id": "A02", "sensor_type": "strain", "x": "0", "y": "0.73", "side": "left", "angle": "0", "fromTop": "0.73", "fromLeft": "0", "sensorSpacing": "0", "fromRight": "10.3", "note": "first"}, {"type": "sensor", "fiber": "F08", "sensor": "5", "component_id": "A02", "sensor_type": "strain", "x": "0.572", "y": "0.73", "side": "left", "angle": "0", "fromTop": "0.73", "fromLeft": "0.572", "sensorSpacing": "0.572", "fromRight": "9.728", "note": ""}, {"type": "sensor", "fiber": "F08", "sensor": "6", "component_id": "A02", "sensor_type": "strain", "x": "1.144", "y": "0.73", "side": "left", "angle": "0", "fromTop": "0.73", "fromLeft": "1.144", "sensorSpacing": "0.572", "fromRight": "9.156", "note": ""}, {"type": "sensor", "fiber": "F08", "sensor": "7", "component_id": "A02", "sensor_type": "strain", "x": "1.716", "y": "0.73", "side": "left", "angle": "0", "fromTop": "0.73", "fromLeft": "1.716", "sensorSpacing": "0.572", "fromRight": "8.584", "note": ""}, {"type": "sensor", "fiber": "F08", "sensor": "8", "component_id": "A02", "sensor_type": "strain", "x": "2.288", "y": "0.73", "side": "left", "angle": "0", "fromTop": "0.73", "fromLeft": "2.288", "sensorSpacing": "0.572", "fromRight": "8.012", "note": ""}, {"type": "sensor", "fiber": "F08", "sensor": "9", "component_id": "A02", "sensor_type": "strain", "x": "2.86", "y": "0.73", "side": "left", "angle": "0", "fromTop": "0.73", "fromLeft": "2.86", "sensorSpacing": "0.572", "fromRight": "7.44", "note": ""}, {"type": "sensor", "fiber": "F08", "sensor": "10", "component_id": "A02", "sensor_type": "strain", "x": "3.432", "y": "0.73", "side": "left", "angle": "0", "fromTop": "0.73", "fromLeft": "3.432", "sensorSpacing": "0.572", "fromRight": "6.868", "note": ""}, {"type": "sensor", "fiber": "F08", "sensor": "11", "component_id": "A02", "sensor_type": "strain", "x": "4.004", "y": "0.73", "side": "left", "angle": "0", "fromTop": "0.73", "fromLeft": "4.004", "sensorSpacing": "0.572", "fromRight": "6.296", "note": ""}, {"type": "sensor", "fiber": "F08", "sensor": "12", "component_id": "A02", "sensor_type": "strain", "x": "4.576", "y": "0.73", "side": "left", "angle": "0", "fromTop": "0.73", "fromLeft": "4.576", "sensorSpacing": "0.572", "fromRight": "5.724", "note": ""}, {"type": "sensor", "fiber": "F08", "sensor": "13", "component_id": "A02", "sensor_type": "strain", "x": "5.148", "y": "0.73", "side": "left", "angle": "0", "fromTop": "0.73", "fromLeft": "5.148", "sensorSpacing": "0.572", "fromRight": "5.152", "note": ""}, {"type": "sensor", "fiber": "F08", "sensor": "14", "component_id": "A02", "sensor_type": "strain", "x": "5.72", "y": "0.73", "side": "left", "angle": "0", "fromTop": "0.73", "fromLeft": "5.72", "sensorSpacing": "0.572", "fromRight": "4.58", "note": ""}, {"type": "sensor", "fiber": "F08", "sensor": "15", "component_id": "A02", "sensor_type": "strain", "x": "6.292", "y": "0.73", "side": "left", "angle": "0", "fromTop": "0.73", "fromLeft": "6.292", "sensorSpacing": "0.572", "fromRight": "4.008", "note": ""}, {"type": "sensor", "fiber": "F08", "sensor": "16", "component_id": "A02", "sensor_type": "strain", "x": "6.864", "y": "0.73", "side": "left", "angle": "0", "fromTop": "0.73", "fromLeft": "6.864", "sensorSpacing": "0.572", "fromRight": "3.436", "note": ""}, {"type": "sensor", "fiber": "F08", "sensor": "17", "component_id": "A02", "sensor_type": "strain", "x": "7.436", "y": "0.73", "side": "left", "angle": "0", "fromTop": "0.73", "fromLeft": "7.436", "sensorSpacing": "0.572", "fromRight": "2.864", "note": ""}, {"type": "sensor", "fiber": "F08", "sensor": "18", "component_id": "A02", "sensor_type": "strain", "x": "8.008", "y": "0.73", "side": "left", "angle": "0", "fromTop": "0.73", "fromLeft": "8.008", "sensorSpacing": "0.572", "fromRight": "2.292", "note": ""}, {"type": "sensor", "fiber": "F08", "sensor": "19", "component_id": "A02", "sensor_type": "strain", "x": "8.58", "y": "0.73", "side": "left", "angle": "0", "fromTop": "0.73", "fromLeft": "8.58", "sensorSpacing": "0.572", "fromRight": "1.72", "note": ""}, {"type": "sensor", "fiber": "F08", "sensor": "20", "component_id": "A02", "sensor_type": "strain", "x": "9.152", "y": "0.73", "side": "left", "angle": "0", "fromTop": "0.73", "fromLeft": "9.152", "sensorSpacing": "0.572", "fromRight": "1.148", "note": ""}, {"type": "sensor", "fiber": "F08", "sensor": "21", "component_id": "A02", "sensor_type": "strain", "x": "9.724", "y": "0.73", "side": "left", "angle": "0", "fromTop": "0.73", "fromLeft": "9.724", "sensorSpacing": "0.572", "fromRight": "0.576", "note": ""}, {"type": "sensor", "fiber": "F08", "sensor": "22", "component_id": "A02", "sensor_type": "strain", "x": "10.296", "y": "0.73", "side": "left", "angle": "0", "fromTop": "0.73", "fromLeft": "10.296", "sensorSpacing": "0.572", "fromRight": "0.004", "note": "last"}, {"type": "sensor", "fiber": "F08", "sensor": "23", "component_id": "A02", "sensor_type": "strain", "x": "5.41", "y": "0.35", "side": "left", "angle": "0", "fromTop": "0.35", "fromLeft": "5.41", "sensorSpacing": "5.41", "fromRight": "4.89", "note": ""}, {"type": "sensor", "fiber": "F08", "sensor": "24", "component_id": "A02", "sensor_type": "strain", "x": "5.41", "y": "0.35", "side": "left", "angle": "90", "fromTop": "0.35", "fromLeft": "5.41", "sensorSpacing": "0.0", "fromRight": "4.89", "note": ""}, {"type": "sensor", "fiber": "F08", "sensor": "25", "component_id": "A02", "sensor_type": "strain", "x": "5.41", "y": "0.35", "side": "left", "angle": "45", "fromTop": "0.35", "fromLeft": "5.41", "sensorSpacing": "0.0", "fromRight": "4.89", "note": ""}], "deflection": [{"algorithm_type": "girder_deflection", "component_id": "P02CR01", "fiber_id": "F07", "id": "D01", "sensor_type": "sensor_pair_array", "sensors_bottom": [10, 12, 14, 17, 19, 21, 23, 25], "sensors_top": [1, 4, 7, 10, 11, 12, 13, 14], "type": "algorithm"}], "shear": [{"algorithm_type": "girder_shear", "component_id": "A02", "fiber_id": "F08", "id": "SH01", "rosette_0": 1, "rosette_45": 3, "rosette_90": 2, "sensor_type": "3d_rosette", "type": "algorithm"}, {"algorithm_type": "girder_shear", "component_id": "A02", "fiber_id": "F08", "id": "SH02", "rosette_0": 23, "rosette_45": 25, "rosette_90": 24, "sensor_type": "3d_rosette", "type": "algorithm"}], "bending_moment": [{"algorithm_type": "girder_bending_moment", "component_id": "P02CR01", "fiber_id": "F07", "id": "BM01", "sensor_bottom": 10, "sensor_top": 1, "sensor_type": "sensor_pair", "type": "algorithm"}, {"algorithm_type": "girder_bending_moment", "component_id": "P02CR01", "fiber_id": "F07", "id": "BM02", "sensor_bottom": 12, "sensor_top": 4, "sensor_type": "sensor_pair", "type": "algorithm"}, {"algorithm_type": "girder_bending_moment", "component_id": "P02CR01", "fiber_id": "F07", "id": "BM03", "sensor_bottom": 14, "sensor_top": 7, "sensor_type": "sensor_pair", "type": "algorithm"}, {"algorithm_type": "girder_bending_moment", "component_id": "P02CR01", "fiber_id": "F07", "id": "BM04", "sensor_bottom": 17, "sensor_top": 10, "sensor_type": "sensor_pair", "type": "algorithm"}, {"algorithm_type": "girder_bending_moment", "component_id": "P02CR01", "fiber_id": "F07", "id": "BM05", "sensor_bottom": 19, "sensor_top": 11, "sensor_type": "sensor_pair", "type": "algorithm"}, {"algorithm_type": "girder_bending_moment", "component_id": "P02CR01", "fiber_id": "F07", "id": "BM06", "sensor_bottom": 21, "sensor_top": 12, "sensor_type": "sensor_pair", "type": "algorithm"}, {"algorithm_type": "girder_bending_moment", "component_id": "P02CR01", "fiber_id": "F07", "id": "BM07", "sensor_bottom": 23, "sensor_top": 13, "sensor_type": "sensor_pair", "type": "algorithm"}, {"algorithm_type": "girder_bending_moment", "component_id": "P02CR01", "fiber_id": "F07", "id": "BM08", "sensor_bottom": 25, "sensor_top": 14, "sensor_type": "sensor_pair", "type": "algorithm"}], "path": "dis-as-design"}, "access": [], "form": "62f5ccaf54d20a0129e4c043", "externalIds": [], "created": "2022-08-12T03:44:53.671Z", "modified": "2022-08-12T06:09:01.279Z"}