{"_id": "62f5ccb054d20aee0ce4c045", "owner": "627ddf364022c591c1b05f1b", "roles": [], "data": {"eloque_id": "AU-03LOR-BR3881", "bridge_name": "Lorne - Great Ocean Road", "asset_id": "3LOR_SN3881", "sharepoint_name": "", "structure_id": "SN3881", "classification": ["['I-A']"], "_version": 3, "_form_version": "0", "save-excel": false, "update-as-built": false, "update-metadata": false, "update-json": false, "jinja_template": "v2.1", "display-page": "", "feature_crossed": "St Georges River", "road_name": "Great Ocean Road", "coordinates_latitude": "-38.55453", "coordinates_longitude": "143.97604", "deck_width": "0", "skew_angle": "0", "down": "", "up": "", "left": "", "right": "", "left2right": "", "right2left": "", "lanes": [{"laneType": "", "lane_direction": "", "lane_id": {}, "lane_width": "", "transverse_coordinates": 0, "transverse_id": "W01"}, {"laneType": "", "lane_direction": "", "lane_id": {}, "lane_width": "", "transverse_coordinates": "0", "transverse_id": "W02"}, {"laneType": "", "lane_direction": "", "lane_id": {}, "lane_width": "", "transverse_coordinates": "0", "transverse_id": "W03"}, {"laneType": "", "lane_direction": "", "lane_id": {}, "lane_width": "", "transverse_coordinates": "0", "transverse_id": "W04"}], "structure": [{"componentId": "S01G01", "componentType": {"label": "S01-Girder", "value": "S01-Girder"}}, {"componentId": "S01G02", "componentType": {"label": "S01-Girder", "value": "S01-Girder"}, "superstructureLane": {}}, {"componentId": "S01G03", "componentType": {"label": "S01-Girder", "value": "S01-Girder"}, "superstructureLane": {}}, {"componentId": "S01G04", "componentType": {"label": "S01-Girder", "value": "S01-Girder"}, "superstructureLane": {}}, {"componentId": "S01G05", "componentType": {"label": "S01-Girder", "value": "S01-Girder"}, "superstructureLane": {}}, {"componentId": "S01G06", "componentType": {"label": "S01-Girder", "value": "S01-Girder"}, "superstructureLane": {}}, {"componentId": "S02G01", "componentType": {"label": "S02-Girder", "value": "S02-Girder"}, "superstructureLane": {}}, {"componentId": "S02G02", "componentType": {"label": "S02-Girder", "value": "S02-Girder"}, "superstructureLane": {}}, {"componentId": "S02G03", "componentType": {"label": "S02-Girder", "value": "S02-Girder"}, "superstructureLane": {}}, {"componentId": "S02G04", "componentType": {"label": "S02-Girder", "value": "S02-Girder"}, "superstructureLane": {}}, {"componentId": "S02G05", "componentType": {"label": "S02-Girder", "value": "S02-Girder"}, "superstructureLane": {}}, {"componentId": "S02G06", "componentType": {"label": "S02-Girder", "value": "S02-Girder"}, "superstructureLane": {}}, {"componentId": "S03G01", "componentType": {"label": "S03-Girder", "value": "S03-Girder"}, "superstructureLane": {}}, {"componentId": "S03G02", "componentType": {"label": "S03-Girder", "value": "S03-Girder"}, "superstructureLane": {}}, {"componentId": "S03G03", "componentType": {"label": "S03-Girder", "value": "S03-Girder"}, "superstructureLane": {}}, {"componentId": "S03G04", "componentType": {"label": "S03-Girder", "value": "S03-Girder"}, "superstructureLane": {}}, {"componentId": "S03G05", "componentType": {"label": "S03-Girder", "value": "S03-Girder"}, "superstructureLane": {}}, {"componentId": "S03G06", "componentType": {"label": "S03-Girder", "value": "S03-Girder"}, "superstructureLane": {}}, {"componentId": "S04G01", "componentType": {"label": "S04-Girder", "value": "S04-Girder"}, "superstructureLane": {}}, {"componentId": "S04G02", "componentType": {"label": "S04-Girder", "value": "S04-Girder"}, "superstructureLane": {}}, {"componentId": "S04G03", "componentType": {"label": "S04-Girder", "value": "S04-Girder"}, "superstructureLane": {}}, {"componentId": "S04G04", "componentType": {"label": "S04-Girder", "value": "S04-Girder"}, "superstructureLane": {}}, {"componentId": "S04G05", "componentType": {"label": "S04-Girder", "value": "S04-Girder"}, "superstructureLane": {}}, {"componentId": "S04G06", "componentType": {"label": "S04-Girder", "value": "S04-Girder"}, "superstructureLane": {}}, {"componentId": "S05G01", "componentType": {"label": "S05-Girder", "value": "S05-Girder"}, "superstructureLane": {}}, {"componentId": "S05G02", "componentType": {"label": "S05-Girder", "value": "S05-Girder"}, "superstructureLane": {}}, {"componentId": "S05G03", "componentType": {"label": "S05-Girder", "value": "S05-Girder"}, "superstructureLane": {}}, {"componentId": "S05G04", "componentType": {"label": "S05-Girder", "value": "S05-Girder"}, "superstructureLane": {}}, {"componentId": "S05G05", "componentType": {"label": "S05-Girder", "value": "S05-Girder"}, "superstructureLane": {}}, {"componentId": "S05G06", "componentType": {"label": "S05-Girder", "value": "S05-Girder"}, "superstructureLane": {}}, {"componentId": "P01CR01", "componentType": {"label": "PierCrosshesd01", "value": "PierCrosshesd01"}, "superstructureLane": {}}, {"componentId": "P01CR02", "componentType": {"label": "PierCrosshesd01", "value": "PierCrosshesd01"}, "superstructureLane": {}}, {"componentId": "P01CR03", "componentType": {"label": "PierCrosshesd01", "value": "PierCrosshesd01"}, "superstructureLane": {}}, {"componentId": "P01C01", "componentType": {"label": "PierColumn01", "value": "PierColumn01"}, "superstructureLane": {}}, {"componentId": "P01C02", "componentType": {"label": "PierColumn01", "value": "PierColumn01"}, "superstructureLane": {}}, {"componentId": "P01C03", "componentType": {"label": "PierColumn01", "value": "PierColumn01"}, "superstructureLane": {}}, {"componentId": "P01C04", "componentType": {"label": "PierColumn01", "value": "PierColumn01"}, "superstructureLane": {}}, {"componentId": "P02CR01", "componentType": {"label": "PierCrosshesd01", "value": "PierCrosshesd01"}, "superstructureLane": {}}, {"componentId": "P02CR02", "componentType": {"label": "PierCrosshesd01", "value": "PierCrosshesd01"}, "superstructureLane": {}}, {"componentId": "P02CR03", "componentType": {"label": "PierCrosshesd01", "value": "PierCrosshesd01"}, "superstructureLane": {}}, {"componentId": "P02C01", "componentType": {"label": "PierColumn01", "value": "PierColumn01"}, "superstructureLane": {}}, {"componentId": "P02C02", "componentType": {"label": "PierColumn01", "value": "PierColumn01"}, "superstructureLane": {}}, {"componentId": "P02C03", "componentType": {"label": "PierColumn01", "value": "PierColumn01"}, "superstructureLane": {}}, {"componentId": "P02C04", "componentType": {"label": "PierColumn01", "value": "PierColumn01"}, "superstructureLane": {}}, {"componentId": "A01", "componentType": {"label": "Abutment01", "value": "Abutment01"}, "superstructureLane": {}}, {"componentId": "A02", "componentType": {"label": "Abutment01", "value": "Abutment01"}, "superstructureLane": {}}], "componentTypes": [{"componentType": "S01-Girder", "structureType": "girder"}, {"componentType": "S02-Girder", "effective_area": "", "effective_area_moment_of_inertia": "", "effective_shear_modulus": "", "effective_youngs_modulus": "", "flangeWidth1": "", "flangeWidth2": "", "height": "", "length": "", "structureSubType": "", "structureType": "girder", "weight": "", "width": ""}, {"componentType": "S03-Girder", "effective_area": "", "effective_area_moment_of_inertia": "", "effective_shear_modulus": "", "effective_youngs_modulus": "", "flangeWidth1": "", "flangeWidth2": "", "height": "", "length": "", "structureSubType": "", "structureType": "girder", "weight": "", "width": ""}, {"componentType": "S04-Girder", "effective_area": "", "effective_area_moment_of_inertia": "", "effective_shear_modulus": "", "effective_youngs_modulus": "", "flangeWidth1": "", "flangeWidth2": "", "height": "", "length": "", "structureSubType": "", "structureType": "girder", "weight": "", "width": ""}, {"componentType": "S05-Girder", "effective_area": "", "effective_area_moment_of_inertia": "", "effective_shear_modulus": "", "effective_youngs_modulus": "", "flangeWidth1": "", "flangeWidth2": "", "height": "", "length": "", "structureSubType": "", "structureType": "girder", "weight": "", "width": ""}, {"componentType": "Pier01", "effective_area": "", "effective_area_moment_of_inertia": "", "effective_shear_modulus": "", "effective_youngs_modulus": "", "flangeWidth1": "", "flangeWidth2": "", "height": "", "length": "", "structureSubType": "", "structureType": "pier", "weight": "", "width": ""}, {"componentType": "PierColumn01", "effective_area": "", "effective_area_moment_of_inertia": "", "effective_shear_modulus": "", "effective_youngs_modulus": "", "flangeWidth1": "", "flangeWidth2": "", "height": "", "length": "", "structureSubType": "", "structureType": "pierColumn", "weight": "", "width": ""}, {"componentType": "PierCrosshead01", "effective_area": "", "effective_area_moment_of_inertia": "", "effective_shear_modulus": "", "effective_youngs_modulus": "", "flangeWidth1": "", "flangeWidth2": "", "height": "", "length": "", "structureSubType": "", "structureType": "pierCrosshead", "weight": "", "width": ""}, {"componentType": "Abutment01", "effective_area": "", "effective_area_moment_of_inertia": "", "effective_shear_modulus": "", "effective_youngs_modulus": "", "flangeWidth1": "", "flangeWidth2": "", "height": "", "length": "", "structureSubType": "", "structureType": "abutment", "weight": "", "width": ""}], "fiber_mapping": [{"asset_id": "3LOR_SN3881", "fiber_id": "F01", "fiber_type": "", "physical_fiber": 1}, {"asset_id": "3LOR_SN3881", "fiber_id": "F02", "fiber_type": "", "physical_fiber": 2}, {"asset_id": "3LOR_SN3881", "fiber_id": "F03", "fiber_type": "", "physical_fiber": 3}, {"asset_id": "3LOR_SN3881", "fiber_id": "F04", "fiber_type": "", "physical_fiber": 4}, {"asset_id": "3LOR_SN3881", "fiber_id": "F05", "fiber_type": "", "physical_fiber": 5}, {"asset_id": "3LOR_SN3881", "fiber_id": "F06", "fiber_type": "", "physical_fiber": 6}, {"asset_id": "3LOR_SN3881", "fiber_id": "F07", "fiber_type": "", "physical_fiber": 7}, {"asset_id": "3LOR_SN3881", "fiber_id": "F08", "fiber_type": "", "physical_fiber": 8}], "F01": [{"angle": "", "component_id": "", "sensor": "", "sensor_type": "", "side": "", "x": "", "y": ""}], "F02": [{"angle": "", "component_id": "", "sensor": "", "sensor_type": "", "side": "", "x": "", "y": ""}], "F03": [{"angle": "", "component_id": "", "sensor": "", "sensor_type": "", "side": "", "x": "", "y": ""}], "F04": [{"angle": "", "component_id": "", "sensor": "", "sensor_type": "", "side": "", "x": "", "y": ""}], "F05": [{"angle": "", "component_id": "", "sensor": "", "sensor_type": "", "side": "", "x": "", "y": ""}], "F06": [{"angle": "", "component_id": "", "sensor": "", "sensor_type": "", "side": "", "x": "", "y": ""}], "F07": [{"angle": "", "component_id": "", "sensor": "", "sensor_type": "", "side": "", "x": "", "y": ""}], "F08": [{"angle": "", "component_id": "", "sensor": "", "sensor_type": "", "side": "", "x": "", "y": ""}], "display-algorithm": "", "deflection": [{"component_id": "", "fiber_id": "", "id": "", "sensors_bottom": "", "sensors_top": ""}], "shear": [{"component_id": "", "fiber_id": "", "id": "", "rosette_0": "", "rosette_45": "", "rosette_90": ""}], "bending_moment": [{"component_id": "", "fiber_id": "", "id": "", "sensor_bottom": "", "sensor_top": ""}], "path": "dis-as-design"}, "access": [], "metadata": {"selectData": {"classification": {"label": "Custom"}, "jinja_template": {"label": "V2.1"}, "lanes": [{"lane_direction": {"label": "Middle"}, "laneType": {"label": "Transit"}}, {"lane_direction": {"label": "Middle"}, "laneType": {"label": "Transit"}}, {"lane_direction": {"label": "Middle"}, "laneType": {"label": "Transit"}}, {"lane_direction": {"label": "Middle"}, "laneType": {"label": "Transit"}}]}, "timezone": "Australia/Melbourne", "offset": 600, "origin": "http://localhost:8000", "referrer": "http://localhost:8000/panel/edit/bridge-overview/3LOR-388", "browserName": "Netscape", "userAgent": "Mozilla/5.0 (Macintosh; Intel Mac OS X 10_15_7) AppleWebKit/537.36 (KHTML, like Gecko) Chrome/100.0.4896.75 Safari/537.36", "pathName": "/panel/edit/dis-as-design/3LOR-3881", "onLine": true}, "form": "62f5ccaf54d20a0129e4c043", "externalIds": [], "created": "2022-08-12T03:44:48.063Z", "modified": "2022-08-12T06:09:03.599Z"}