{"_id": "62f5ccb154d20a02eee4c049", "owner": "627ddf364022c591c1b05f1b", "roles": [], "data": {"eloque_id": "US-WAROC-BR27-112", "bridge_name": "Rock Creek -2", "asset_id": "WADOT_0001", "sharepoint_name": "WSDOT", "structure_id": "27-112", "classification": ["I-A", "I-A", "I-A", "I-A", "I-A", "I-A"], "save-excel": false, "update-as-built": false, "update-metadata": false, "update-json": false, "jinja_template": "", "coordinates_latitude": "47.45305", "coordinates_longitude": "-117.142083", "path": "dis-as-design"}, "access": [], "form": "62f5ccaf54d20a0129e4c043", "externalIds": [], "created": "2022-08-12T03:44:49.819Z", "modified": "2022-08-12T06:09:03.826Z"}