{"_id": "62f5ccb054d20a8528e4c046", "owner": "627ddf364022c591c1b05f1b", "roles": [], "data": {"eloque_id": "AU-03KAL-BR1051", "bridge_name": "Kalkallo", "asset_id": "SN1051_KALKALLO", "sharepoint_name": "3KAL-51", "structure_id": "SN1051", "classification": ["I-A"], "save-excel": false, "update-as-built": false, "update-metadata": false, "update-json": false, "jinja_template": "", "coordinates_latitude": -37.52816, "coordinates_longitude": 144.94768, "path": "dis-as-design"}, "access": [], "form": "62f5ccaf54d20a0129e4c043", "externalIds": [], "created": "2022-08-12T03:44:48.231Z", "modified": "2022-08-12T06:09:09.669Z"}