{"_id": "62f5ccb654d20a45eee4c04e", "owner": "627ddf364022c591c1b05f1b", "roles": [], "data": {"eloque_id": "AU-03COR-BR8826", "bridge_name": "Cobden-Stonyford", "asset_id": "3COR_8826", "sharepoint_name": "", "structure_id": "SN8826", "classification": ["I-A"], "_version": 2, "_form_version": "0", "save-excel": false, "update-as-built": false, "update-metadata": true, "update-json": false, "jinja_template": "v2.1", "display-page": "fibers", "feature_crossed": "Curdies River", "road_name": "Cobden-Stoneyford Road", "coordinates_latitude": "-38.34322", "coordinates_longitude": "143.14185", "deck_width": "0", "skew_angle": "40", "down": "G06", "up": "G01", "left": "A01", "right": "A02", "left2right": "To Stoney Ford", "right2left": "To Cobden", "lanes": [{"laneType": "shoulder", "lane_direction": "left2right", "lane_id": {}, "lane_width": 1.3, "transverse_coordinates": 0, "transverse_id": "W01"}, {"laneType": "traffic", "lane_direction": "left2right", "lane_id": {"label": "L01", "value": "L01"}, "lane_width": 3.7, "transverse_coordinates": 1.3, "transverse_id": "W02"}, {"laneType": "traffic", "lane_direction": "right2left", "lane_id": {"label": "L02", "value": "L02"}, "lane_width": 3.5, "transverse_coordinates": 5, "transverse_id": "W03"}, {"laneType": "shoulder", "lane_direction": "right2left", "lane_id": {}, "lane_width": 1.5, "transverse_coordinates": 8.5, "transverse_id": "W04"}], "structure": [{"componentId": "S01G01", "componentType": {"label": "S01-Girder", "value": "S01-Girder"}, "superstructureLane": {"label": "W01", "value": "W01"}}, {"componentId": "S01G02", "componentType": {"label": "S01-Girder", "value": "S01-Girder"}, "superstructureLane": {"label": "W01", "value": "W01"}}, {"componentId": "S01G03", "componentType": {"label": "S01-Girder", "value": "S01-Girder"}, "superstructureLane": {"label": "W01", "value": "W01"}}, {"componentId": "S01G04", "componentType": {"label": "S01-Girder", "value": "S01-Girder"}, "superstructureLane": {"label": "W02", "value": "W02"}}, {"componentId": "S01G05", "componentType": {"label": "S01-Girder", "value": "S01-Girder"}, "superstructureLane": {"label": "W02", "value": "W02"}}, {"componentId": "S01G06", "componentType": {"label": "S01-Girder", "value": "S01-Girder"}, "superstructureLane": {"label": "W02", "value": "W02"}}, {"componentId": "S02G01", "componentType": {"label": "S02-Girder", "value": "S02-Girder"}, "superstructureLane": {"label": "W01", "value": "W01"}}, {"componentId": "S02G02", "componentType": {"label": "S02-Girder", "value": "S02-Girder"}, "superstructureLane": {"label": "W01", "value": "W01"}}, {"componentId": "S02G03", "componentType": {"label": "S02-Girder", "value": "S02-Girder"}, "superstructureLane": {"label": "W01", "value": "W01"}}, {"componentId": "S02G04", "componentType": {"label": "S02-Girder", "value": "S02-Girder"}, "superstructureLane": {"label": "W02", "value": "W02"}}, {"componentId": "S02G05", "componentType": {"label": "S02-Girder", "value": "S02-Girder"}, "superstructureLane": {"label": "W02", "value": "W02"}}, {"componentId": "S02G06", "componentType": {"label": "S02-Girder", "value": "S02-Girder"}, "superstructureLane": {"label": "W02", "value": "W02"}}, {"componentId": "S03G01", "componentType": {"label": "S03-Girder", "value": "S03-Girder"}, "superstructureLane": {"label": "W01", "value": "W01"}}, {"componentId": "S03G02", "componentType": {"label": "S03-Girder", "value": "S03-Girder"}, "superstructureLane": {"label": "W01", "value": "W01"}}, {"componentId": "S03G03", "componentType": {"label": "S03-Girder", "value": "S03-Girder"}, "superstructureLane": {"label": "W01", "value": "W01"}}, {"componentId": "S03G04", "componentType": {"label": "S03-Girder", "value": "S03-Girder"}, "superstructureLane": {"label": "W02", "value": "W02"}}, {"componentId": "S03G05", "componentType": {"label": "S03-Girder", "value": "S03-Girder"}, "superstructureLane": {"label": "W02", "value": "W02"}}, {"componentId": "S03G06", "componentType": {"label": "S03-Girder", "value": "S03-Girder"}, "superstructureLane": {"label": "W02", "value": "W02"}}, {"componentId": "P01CR01", "componentType": {"label": "Pier Crosshead 02", "value": "Pier Crosshead 02"}, "superstructureLane": {}}, {"componentId": "P01C01", "componentType": {"label": "PierColumn01", "value": "PierColumn01"}, "superstructureLane": {}}, {"componentId": "P01C02", "componentType": {"label": "PierColumn01", "value": "PierColumn01"}, "superstructureLane": {}}, {"componentId": "P01C03", "componentType": {"label": "PierColumn01", "value": "PierColumn01"}, "superstructureLane": {}}, {"componentId": "A01", "componentType": {"label": "Abutment01", "value": "Abutment01"}, "superstructureLane": {}}, {"componentId": "A02", "componentType": {"label": "Abutment01", "value": "Abutment01"}, "superstructureLane": {}}], "componentTypes": [{"componentType": "S01-Girder", "effective_area": "", "effective_area_moment_of_inertia": "", "effective_shear_modulus": "", "effective_youngs_modulus": "", "flangeWidth1": "", "flangeWidth2": "", "height": 0.61, "length": 9.8, "structureSubType": "", "structureType": "girder", "weight": "", "width": 0.19}, {"componentType": "S02-Girder", "effective_area": "", "effective_area_moment_of_inertia": "", "effective_shear_modulus": "", "effective_youngs_modulus": "", "flangeWidth1": "", "flangeWidth2": "", "height": 0.61, "length": 9.8, "structureSubType": "", "structureType": "girder", "weight": "", "width": 0.19}, {"componentType": "S03-Girder", "effective_area": "", "effective_area_moment_of_inertia": "", "effective_shear_modulus": "", "effective_youngs_modulus": "", "flangeWidth1": "", "flangeWidth2": "", "height": 0.61, "length": 9.8, "structureSubType": "", "structureType": "girder", "weight": "", "width": 0.19}, {"componentType": "Pier01", "effective_area": "", "effective_area_moment_of_inertia": "", "effective_shear_modulus": "", "effective_youngs_modulus": "", "flangeWidth1": "", "flangeWidth2": "", "height": "", "length": "", "structureSubType": "", "structureType": "pier", "weight": "", "width": ""}, {"componentType": "PierColumn01", "effective_area": "", "effective_area_moment_of_inertia": "", "effective_shear_modulus": "", "effective_youngs_modulus": "", "flangeWidth1": "", "flangeWidth2": "", "height": 3, "length": 0.75, "structureSubType": "", "structureType": "pierColumn", "weight": "", "width": 0.5}, {"componentType": "PierCrosshead01", "effective_area": "", "effective_area_moment_of_inertia": "", "effective_shear_modulus": "", "effective_youngs_modulus": "", "flangeWidth1": "", "flangeWidth2": "", "height": 0.8, "length": 13.9, "structureSubType": "", "structureType": "pierCrosshead", "weight": "", "width": 0.65}, {"componentType": "Abutment01", "effective_area": "", "effective_area_moment_of_inertia": "", "effective_shear_modulus": "", "effective_youngs_modulus": "", "flangeWidth1": "", "flangeWidth2": "", "height": "", "length": "", "structureSubType": "", "structureType": "abutment", "weight": "", "width": ""}, {"componentType": "Pier Crosshead 02", "effective_area": "", "effective_area_moment_of_inertia": "", "effective_shear_modulus": "", "effective_youngs_modulus": "", "flangeWidth1": "", "flangeWidth2": "", "height": 0.8, "length": 13.9, "structureSubType": "", "structureType": "pierCrosshead", "weight": "", "width": 0.65}], "fiber_mapping": [{"asset_id": "3COR_8826", "fiber_id": "F01", "fiber_type": "", "physical_fiber": 1}, {"asset_id": "3COR_8826", "fiber_id": "F02", "fiber_type": "", "physical_fiber": 2}, {"asset_id": "3COR_8826", "fiber_id": "F03", "fiber_type": "", "physical_fiber": 3}, {"asset_id": "3COR_8826", "fiber_id": "F04", "fiber_type": "", "physical_fiber": 4}, {"asset_id": "3COR_8826", "fiber_id": "F05", "fiber_type": "", "physical_fiber": 5}, {"asset_id": "3COR_8826", "fiber_id": "F06", "fiber_type": "", "physical_fiber": 6}, {"asset_id": "3COR_8826", "fiber_id": "F07", "fiber_type": "", "physical_fiber": 7}], "F01": [{"angle": "0", "component_id": "S01G01", "fiber": "F01", "fromLeft": "2", "fromRight": "7.8", "fromTop": "-0.09", "note": "first", "sensor": "1", "sensorSpacing": "0", "sensor_type": "strain", "side": "top", "type": "sensor", "x": "2", "y": "0.7"}, {"angle": "0", "component_id": "S01G01", "fiber": "F01", "fromLeft": "2.483", "fromRight": "7.317", "fromTop": "-0.09", "note": "", "sensor": "2", "sensorSpacing": "0.483", "sensor_type": "strain", "side": "top", "type": "sensor", "x": "2.483", "y": "0.7"}, {"angle": "0", "component_id": "S01G01", "fiber": "F01", "fromLeft": "2.966", "fromRight": "6.834", "fromTop": "-0.09", "note": "", "sensor": "3", "sensorSpacing": "0.483", "sensor_type": "strain", "side": "top", "type": "sensor", "x": "2.966", "y": "0.7"}, {"angle": "0", "component_id": "S01G01", "fiber": "F01", "fromLeft": "3.449", "fromRight": "6.351", "fromTop": "-0.09", "note": "", "sensor": "4", "sensorSpacing": "0.483", "sensor_type": "strain", "side": "top", "type": "sensor", "x": "3.449", "y": "0.7"}, {"angle": "0", "component_id": "S01G01", "fiber": "F01", "fromLeft": "3.932", "fromRight": "5.868", "fromTop": "-0.09", "note": "", "sensor": "5", "sensorSpacing": "0.483", "sensor_type": "strain", "side": "top", "type": "sensor", "x": "3.932", "y": "0.7"}, {"angle": "0", "component_id": "S01G01", "fiber": "F01", "fromLeft": "4.415", "fromRight": "5.385", "fromTop": "-0.09", "note": "", "sensor": "6", "sensorSpacing": "0.483", "sensor_type": "strain", "side": "top", "type": "sensor", "x": "4.415", "y": "0.7"}, {"angle": "0", "component_id": "S01G01", "fiber": "F01", "fromLeft": "4.898", "fromRight": "4.902", "fromTop": "-0.09", "note": "", "sensor": "7", "sensorSpacing": "0.483", "sensor_type": "strain", "side": "top", "type": "sensor", "x": "4.898", "y": "0.7"}, {"angle": "0", "component_id": "S01G01", "fiber": "F01", "fromLeft": "5.381", "fromRight": "4.419", "fromTop": "-0.09", "note": "", "sensor": "8", "sensorSpacing": "0.483", "sensor_type": "strain", "side": "top", "type": "sensor", "x": "5.381", "y": "0.7"}, {"angle": "0", "component_id": "S01G01", "fiber": "F01", "fromLeft": "5.864", "fromRight": "3.936", "fromTop": "-0.09", "note": "", "sensor": "9", "sensorSpacing": "0.483", "sensor_type": "strain", "side": "top", "type": "sensor", "x": "5.864", "y": "0.7"}, {"angle": "0", "component_id": "S01G01", "fiber": "F01", "fromLeft": "6.347", "fromRight": "3.453", "fromTop": "-0.09", "note": "", "sensor": "10", "sensorSpacing": "0.483", "sensor_type": "strain", "side": "top", "type": "sensor", "x": "6.347", "y": "0.7"}, {"angle": "0", "component_id": "S01G01", "fiber": "F01", "fromLeft": "6.83", "fromRight": "2.97", "fromTop": "-0.09", "note": "", "sensor": "11", "sensorSpacing": "0.483", "sensor_type": "strain", "side": "top", "type": "sensor", "x": "6.83", "y": "0.7"}, {"angle": "0", "component_id": "S01G01", "fiber": "F01", "fromLeft": "7.313", "fromRight": "2.487", "fromTop": "-0.09", "note": "", "sensor": "12", "sensorSpacing": "0.483", "sensor_type": "strain", "side": "top", "type": "sensor", "x": "7.313", "y": "0.7"}, {"angle": "0", "component_id": "S01G01", "fiber": "F01", "fromLeft": "7.796", "fromRight": "2.004", "fromTop": "-0.09", "note": "last", "sensor": "13", "sensorSpacing": "0.483", "sensor_type": "strain", "side": "top", "type": "sensor", "x": "7.796", "y": "0.7"}, {"angle": "0", "component_id": "S02G01", "fiber": "F01", "fromLeft": "2", "fromRight": "7.8", "fromTop": "-0.09", "note": "first", "sensor": "14", "sensorSpacing": "0", "sensor_type": "strain", "side": "top", "type": "sensor", "x": "2", "y": "0.7"}, {"angle": "0", "component_id": "S02G01", "fiber": "F01", "fromLeft": "2.527", "fromRight": "7.273", "fromTop": "-0.09", "note": "", "sensor": "15", "sensorSpacing": "0.527", "sensor_type": "strain", "side": "top", "type": "sensor", "x": "2.527", "y": "0.7"}, {"angle": "0", "component_id": "S02G01", "fiber": "F01", "fromLeft": "3.054", "fromRight": "6.746", "fromTop": "-0.09", "note": "", "sensor": "16", "sensorSpacing": "0.527", "sensor_type": "strain", "side": "top", "type": "sensor", "x": "3.054", "y": "0.7"}, {"angle": "0", "component_id": "S02G01", "fiber": "F01", "fromLeft": "3.581", "fromRight": "6.219", "fromTop": "-0.09", "note": "", "sensor": "17", "sensorSpacing": "0.527", "sensor_type": "strain", "side": "top", "type": "sensor", "x": "3.581", "y": "0.7"}, {"angle": "0", "component_id": "S02G01", "fiber": "F01", "fromLeft": "4.108", "fromRight": "5.692", "fromTop": "-0.09", "note": "", "sensor": "18", "sensorSpacing": "0.527", "sensor_type": "strain", "side": "top", "type": "sensor", "x": "4.108", "y": "0.7"}, {"angle": "0", "component_id": "S02G01", "fiber": "F01", "fromLeft": "4.635", "fromRight": "5.165", "fromTop": "-0.09", "note": "", "sensor": "19", "sensorSpacing": "0.527", "sensor_type": "strain", "side": "top", "type": "sensor", "x": "4.635", "y": "0.7"}, {"angle": "0", "component_id": "S02G01", "fiber": "F01", "fromLeft": "5.162", "fromRight": "4.638", "fromTop": "-0.09", "note": "", "sensor": "20", "sensorSpacing": "0.527", "sensor_type": "strain", "side": "top", "type": "sensor", "x": "5.162", "y": "0.7"}, {"angle": "0", "component_id": "S02G01", "fiber": "F01", "fromLeft": "5.689", "fromRight": "4.111", "fromTop": "-0.09", "note": "", "sensor": "21", "sensorSpacing": "0.527", "sensor_type": "strain", "side": "top", "type": "sensor", "x": "5.689", "y": "0.7"}, {"angle": "0", "component_id": "S02G01", "fiber": "F01", "fromLeft": "6.216", "fromRight": "3.584", "fromTop": "-0.09", "note": "", "sensor": "22", "sensorSpacing": "0.527", "sensor_type": "strain", "side": "top", "type": "sensor", "x": "6.216", "y": "0.7"}, {"angle": "0", "component_id": "S02G01", "fiber": "F01", "fromLeft": "6.743", "fromRight": "3.057", "fromTop": "-0.09", "note": "", "sensor": "23", "sensorSpacing": "0.527", "sensor_type": "strain", "side": "top", "type": "sensor", "x": "6.743", "y": "0.7"}, {"angle": "0", "component_id": "S02G01", "fiber": "F01", "fromLeft": "7.27", "fromRight": "2.53", "fromTop": "-0.09", "note": "", "sensor": "24", "sensorSpacing": "0.527", "sensor_type": "strain", "side": "top", "type": "sensor", "x": "7.27", "y": "0.7"}, {"angle": "0", "component_id": "S02G01", "fiber": "F01", "fromLeft": "7.797", "fromRight": "2.003", "fromTop": "-0.09", "note": "last", "sensor": "25", "sensorSpacing": "0.527", "sensor_type": "strain", "side": "top", "type": "sensor", "x": "7.797", "y": "0.7"}], "F02": [{"angle": "0", "component_id": "S01G02", "fiber": "F02", "fromLeft": "2", "fromRight": "7.8", "fromTop": "-0.09", "note": "first", "sensor": "1", "sensorSpacing": "0", "sensor_type": "strain", "side": "top", "type": "sensor", "x": "2", "y": "0.7"}, {"angle": "0", "component_id": "S01G02", "fiber": "F02", "fromLeft": "2.483", "fromRight": "7.317", "fromTop": "-0.09", "note": "", "sensor": "2", "sensorSpacing": "0.483", "sensor_type": "strain", "side": "top", "type": "sensor", "x": "2.483", "y": "0.7"}, {"angle": "0", "component_id": "S01G02", "fiber": "F02", "fromLeft": "2.966", "fromRight": "6.834", "fromTop": "-0.09", "note": "", "sensor": "3", "sensorSpacing": "0.483", "sensor_type": "strain", "side": "top", "type": "sensor", "x": "2.966", "y": "0.7"}, {"angle": "0", "component_id": "S01G02", "fiber": "F02", "fromLeft": "3.449", "fromRight": "6.351", "fromTop": "-0.09", "note": "", "sensor": "4", "sensorSpacing": "0.483", "sensor_type": "strain", "side": "top", "type": "sensor", "x": "3.449", "y": "0.7"}, {"angle": "0", "component_id": "S01G02", "fiber": "F02", "fromLeft": "3.932", "fromRight": "5.868", "fromTop": "-0.09", "note": "", "sensor": "5", "sensorSpacing": "0.483", "sensor_type": "strain", "side": "top", "type": "sensor", "x": "3.932", "y": "0.7"}, {"angle": "0", "component_id": "S01G02", "fiber": "F02", "fromLeft": "4.415", "fromRight": "5.385", "fromTop": "-0.09", "note": "", "sensor": "6", "sensorSpacing": "0.483", "sensor_type": "strain", "side": "top", "type": "sensor", "x": "4.415", "y": "0.7"}, {"angle": "0", "component_id": "S01G02", "fiber": "F02", "fromLeft": "4.898", "fromRight": "4.902", "fromTop": "-0.09", "note": "", "sensor": "7", "sensorSpacing": "0.483", "sensor_type": "strain", "side": "top", "type": "sensor", "x": "4.898", "y": "0.7"}, {"angle": "0", "component_id": "S01G02", "fiber": "F02", "fromLeft": "5.381", "fromRight": "4.419", "fromTop": "-0.09", "note": "", "sensor": "8", "sensorSpacing": "0.483", "sensor_type": "strain", "side": "top", "type": "sensor", "x": "5.381", "y": "0.7"}, {"angle": "0", "component_id": "S01G02", "fiber": "F02", "fromLeft": "5.864", "fromRight": "3.936", "fromTop": "-0.09", "note": "", "sensor": "9", "sensorSpacing": "0.483", "sensor_type": "strain", "side": "top", "type": "sensor", "x": "5.864", "y": "0.7"}, {"angle": "0", "component_id": "S01G02", "fiber": "F02", "fromLeft": "6.347", "fromRight": "3.453", "fromTop": "-0.09", "note": "", "sensor": "10", "sensorSpacing": "0.483", "sensor_type": "strain", "side": "top", "type": "sensor", "x": "6.347", "y": "0.7"}, {"angle": "0", "component_id": "S01G02", "fiber": "F02", "fromLeft": "6.83", "fromRight": "2.97", "fromTop": "-0.09", "note": "", "sensor": "11", "sensorSpacing": "0.483", "sensor_type": "strain", "side": "top", "type": "sensor", "x": "6.83", "y": "0.7"}, {"angle": "0", "component_id": "S01G02", "fiber": "F02", "fromLeft": "7.313", "fromRight": "2.487", "fromTop": "-0.09", "note": "", "sensor": "12", "sensorSpacing": "0.483", "sensor_type": "strain", "side": "top", "type": "sensor", "x": "7.313", "y": "0.7"}, {"angle": "0", "component_id": "S01G02", "fiber": "F02", "fromLeft": "7.796", "fromRight": "2.004", "fromTop": "-0.09", "note": "last", "sensor": "13", "sensorSpacing": "0.483", "sensor_type": "strain", "side": "top", "type": "sensor", "x": "7.796", "y": "0.7"}, {"angle": "0", "component_id": "S02G02", "fiber": "F02", "fromLeft": "2", "fromRight": "7.8", "fromTop": "-0.09", "note": "first", "sensor": "14", "sensorSpacing": "0", "sensor_type": "strain", "side": "top", "type": "sensor", "x": "2", "y": "0.7"}, {"angle": "0", "component_id": "S02G02", "fiber": "F02", "fromLeft": "2.527", "fromRight": "7.273", "fromTop": "-0.09", "note": "", "sensor": "15", "sensorSpacing": "0.527", "sensor_type": "strain", "side": "top", "type": "sensor", "x": "2.527", "y": "0.7"}, {"angle": "0", "component_id": "S02G02", "fiber": "F02", "fromLeft": "3.054", "fromRight": "6.746", "fromTop": "-0.09", "note": "", "sensor": "16", "sensorSpacing": "0.527", "sensor_type": "strain", "side": "top", "type": "sensor", "x": "3.054", "y": "0.7"}, {"angle": "0", "component_id": "S02G02", "fiber": "F02", "fromLeft": "3.581", "fromRight": "6.219", "fromTop": "-0.09", "note": "", "sensor": "17", "sensorSpacing": "0.527", "sensor_type": "strain", "side": "top", "type": "sensor", "x": "3.581", "y": "0.7"}, {"angle": "0", "component_id": "S02G02", "fiber": "F02", "fromLeft": "4.108", "fromRight": "5.692", "fromTop": "-0.09", "note": "", "sensor": "18", "sensorSpacing": "0.527", "sensor_type": "strain", "side": "top", "type": "sensor", "x": "4.108", "y": "0.7"}, {"angle": "0", "component_id": "S02G02", "fiber": "F02", "fromLeft": "4.635", "fromRight": "5.165", "fromTop": "-0.09", "note": "", "sensor": "19", "sensorSpacing": "0.527", "sensor_type": "strain", "side": "top", "type": "sensor", "x": "4.635", "y": "0.7"}, {"angle": "0", "component_id": "S02G02", "fiber": "F02", "fromLeft": "5.162", "fromRight": "4.638", "fromTop": "-0.09", "note": "", "sensor": "20", "sensorSpacing": "0.527", "sensor_type": "strain", "side": "top", "type": "sensor", "x": "5.162", "y": "0.7"}, {"angle": "0", "component_id": "S02G02", "fiber": "F02", "fromLeft": "5.689", "fromRight": "4.111", "fromTop": "-0.09", "note": "", "sensor": "21", "sensorSpacing": "0.527", "sensor_type": "strain", "side": "top", "type": "sensor", "x": "5.689", "y": "0.7"}, {"angle": "0", "component_id": "S02G02", "fiber": "F02", "fromLeft": "6.216", "fromRight": "3.584", "fromTop": "-0.09", "note": "", "sensor": "22", "sensorSpacing": "0.527", "sensor_type": "strain", "side": "top", "type": "sensor", "x": "6.216", "y": "0.7"}, {"angle": "0", "component_id": "S02G02", "fiber": "F02", "fromLeft": "6.743", "fromRight": "3.057", "fromTop": "-0.09", "note": "", "sensor": "23", "sensorSpacing": "0.527", "sensor_type": "strain", "side": "top", "type": "sensor", "x": "6.743", "y": "0.7"}, {"angle": "0", "component_id": "S02G02", "fiber": "F02", "fromLeft": "7.27", "fromRight": "2.53", "fromTop": "-0.09", "note": "", "sensor": "24", "sensorSpacing": "0.527", "sensor_type": "strain", "side": "top", "type": "sensor", "x": "7.27", "y": "0.7"}, {"angle": "0", "component_id": "S02G02", "fiber": "F02", "fromLeft": "7.797", "fromRight": "2.003", "fromTop": "-0.09", "note": "last", "sensor": "25", "sensorSpacing": "0.527", "sensor_type": "strain", "side": "top", "type": "sensor", "x": "7.797", "y": "0.7"}], "F03": [{"angle": "0", "component_id": "S01G03", "fiber": "F03", "fromLeft": "2", "fromRight": "7.8", "fromTop": "-0.09", "note": "first", "sensor": "1", "sensorSpacing": "0", "sensor_type": "strain", "side": "top", "type": "sensor", "x": "2", "y": "0.7"}, {"angle": "0", "component_id": "S01G03", "fiber": "F03", "fromLeft": "2.483", "fromRight": "7.317", "fromTop": "-0.09", "note": "", "sensor": "2", "sensorSpacing": "0.483", "sensor_type": "strain", "side": "top", "type": "sensor", "x": "2.483", "y": "0.7"}, {"angle": "0", "component_id": "S01G03", "fiber": "F03", "fromLeft": "2.966", "fromRight": "6.834", "fromTop": "-0.09", "note": "", "sensor": "3", "sensorSpacing": "0.483", "sensor_type": "strain", "side": "top", "type": "sensor", "x": "2.966", "y": "0.7"}, {"angle": "0", "component_id": "S01G03", "fiber": "F03", "fromLeft": "3.449", "fromRight": "6.351", "fromTop": "-0.09", "note": "", "sensor": "4", "sensorSpacing": "0.483", "sensor_type": "strain", "side": "top", "type": "sensor", "x": "3.449", "y": "0.7"}, {"angle": "0", "component_id": "S01G03", "fiber": "F03", "fromLeft": "3.932", "fromRight": "5.868", "fromTop": "-0.09", "note": "", "sensor": "5", "sensorSpacing": "0.483", "sensor_type": "strain", "side": "top", "type": "sensor", "x": "3.932", "y": "0.7"}, {"angle": "0", "component_id": "S01G03", "fiber": "F03", "fromLeft": "4.415", "fromRight": "5.385", "fromTop": "-0.09", "note": "", "sensor": "6", "sensorSpacing": "0.483", "sensor_type": "strain", "side": "top", "type": "sensor", "x": "4.415", "y": "0.7"}, {"angle": "0", "component_id": "S01G03", "fiber": "F03", "fromLeft": "4.898", "fromRight": "4.902", "fromTop": "-0.09", "note": "", "sensor": "7", "sensorSpacing": "0.483", "sensor_type": "strain", "side": "top", "type": "sensor", "x": "4.898", "y": "0.7"}, {"angle": "0", "component_id": "S01G03", "fiber": "F03", "fromLeft": "5.381", "fromRight": "4.419", "fromTop": "-0.09", "note": "", "sensor": "8", "sensorSpacing": "0.483", "sensor_type": "strain", "side": "top", "type": "sensor", "x": "5.381", "y": "0.7"}, {"angle": "0", "component_id": "S01G03", "fiber": "F03", "fromLeft": "5.864", "fromRight": "3.936", "fromTop": "-0.09", "note": "", "sensor": "9", "sensorSpacing": "0.483", "sensor_type": "strain", "side": "top", "type": "sensor", "x": "5.864", "y": "0.7"}, {"angle": "0", "component_id": "S01G03", "fiber": "F03", "fromLeft": "6.347", "fromRight": "3.453", "fromTop": "-0.09", "note": "", "sensor": "10", "sensorSpacing": "0.483", "sensor_type": "strain", "side": "top", "type": "sensor", "x": "6.347", "y": "0.7"}, {"angle": "0", "component_id": "S01G03", "fiber": "F03", "fromLeft": "6.83", "fromRight": "2.97", "fromTop": "-0.09", "note": "", "sensor": "11", "sensorSpacing": "0.483", "sensor_type": "strain", "side": "top", "type": "sensor", "x": "6.83", "y": "0.7"}, {"angle": "0", "component_id": "S01G03", "fiber": "F03", "fromLeft": "7.313", "fromRight": "2.487", "fromTop": "-0.09", "note": "", "sensor": "12", "sensorSpacing": "0.483", "sensor_type": "strain", "side": "top", "type": "sensor", "x": "7.313", "y": "0.7"}, {"angle": "0", "component_id": "S01G03", "fiber": "F03", "fromLeft": "7.796", "fromRight": "2.004", "fromTop": "-0.09", "note": "last", "sensor": "13", "sensorSpacing": "0.483", "sensor_type": "strain", "side": "top", "type": "sensor", "x": "7.796", "y": "0.7"}, {"angle": "0", "component_id": "S02G03", "fiber": "F03", "fromLeft": "2", "fromRight": "7.8", "fromTop": "-0.09", "note": "first", "sensor": "14", "sensorSpacing": "0", "sensor_type": "strain", "side": "top", "type": "sensor", "x": "2", "y": "0.7"}, {"angle": "0", "component_id": "S02G03", "fiber": "F03", "fromLeft": "2.527", "fromRight": "7.273", "fromTop": "-0.09", "note": "", "sensor": "15", "sensorSpacing": "0.527", "sensor_type": "strain", "side": "top", "type": "sensor", "x": "2.527", "y": "0.7"}, {"angle": "0", "component_id": "S02G03", "fiber": "F03", "fromLeft": "3.054", "fromRight": "6.746", "fromTop": "-0.09", "note": "", "sensor": "16", "sensorSpacing": "0.527", "sensor_type": "strain", "side": "top", "type": "sensor", "x": "3.054", "y": "0.7"}, {"angle": "0", "component_id": "S02G03", "fiber": "F03", "fromLeft": "3.581", "fromRight": "6.219", "fromTop": "-0.09", "note": "", "sensor": "17", "sensorSpacing": "0.527", "sensor_type": "strain", "side": "top", "type": "sensor", "x": "3.581", "y": "0.7"}, {"angle": "0", "component_id": "S02G03", "fiber": "F03", "fromLeft": "4.108", "fromRight": "5.692", "fromTop": "-0.09", "note": "", "sensor": "18", "sensorSpacing": "0.527", "sensor_type": "strain", "side": "top", "type": "sensor", "x": "4.108", "y": "0.7"}, {"angle": "0", "component_id": "S02G03", "fiber": "F03", "fromLeft": "4.635", "fromRight": "5.165", "fromTop": "-0.09", "note": "", "sensor": "19", "sensorSpacing": "0.527", "sensor_type": "strain", "side": "top", "type": "sensor", "x": "4.635", "y": "0.7"}, {"angle": "0", "component_id": "S02G03", "fiber": "F03", "fromLeft": "5.162", "fromRight": "4.638", "fromTop": "-0.09", "note": "", "sensor": "20", "sensorSpacing": "0.527", "sensor_type": "strain", "side": "top", "type": "sensor", "x": "5.162", "y": "0.7"}, {"angle": "0", "component_id": "S02G03", "fiber": "F03", "fromLeft": "5.689", "fromRight": "4.111", "fromTop": "-0.09", "note": "", "sensor": "21", "sensorSpacing": "0.527", "sensor_type": "strain", "side": "top", "type": "sensor", "x": "5.689", "y": "0.7"}, {"angle": "0", "component_id": "S02G03", "fiber": "F03", "fromLeft": "6.216", "fromRight": "3.584", "fromTop": "-0.09", "note": "", "sensor": "22", "sensorSpacing": "0.527", "sensor_type": "strain", "side": "top", "type": "sensor", "x": "6.216", "y": "0.7"}, {"angle": "0", "component_id": "S02G03", "fiber": "F03", "fromLeft": "6.743", "fromRight": "3.057", "fromTop": "-0.09", "note": "", "sensor": "23", "sensorSpacing": "0.527", "sensor_type": "strain", "side": "top", "type": "sensor", "x": "6.743", "y": "0.7"}, {"angle": "0", "component_id": "S02G03", "fiber": "F03", "fromLeft": "7.27", "fromRight": "2.53", "fromTop": "-0.09", "note": "", "sensor": "24", "sensorSpacing": "0.527", "sensor_type": "strain", "side": "top", "type": "sensor", "x": "7.27", "y": "0.7"}, {"angle": "0", "component_id": "S02G03", "fiber": "F03", "fromLeft": "7.797", "fromRight": "2.003", "fromTop": "-0.09", "note": "last", "sensor": "25", "sensorSpacing": "0.527", "sensor_type": "strain", "side": "top", "type": "sensor", "x": "7.797", "y": "0.7"}], "F04": [{"angle": "0", "component_id": "S01G04", "fiber": "F04", "fromLeft": "2", "fromRight": "7.8", "fromTop": "-0.09", "note": "first", "sensor": "1", "sensorSpacing": "0", "sensor_type": "strain", "side": "top", "type": "sensor", "x": "2", "y": "0.7"}, {"angle": "0", "component_id": "S01G04", "fiber": "F04", "fromLeft": "2.483", "fromRight": "7.317", "fromTop": "-0.09", "note": "", "sensor": "2", "sensorSpacing": "0.483", "sensor_type": "strain", "side": "top", "type": "sensor", "x": "2.483", "y": "0.7"}, {"angle": "0", "component_id": "S01G04", "fiber": "F04", "fromLeft": "2.966", "fromRight": "6.834", "fromTop": "-0.09", "note": "", "sensor": "3", "sensorSpacing": "0.483", "sensor_type": "strain", "side": "top", "type": "sensor", "x": "2.966", "y": "0.7"}, {"angle": "0", "component_id": "S01G04", "fiber": "F04", "fromLeft": "3.449", "fromRight": "6.351", "fromTop": "-0.09", "note": "", "sensor": "4", "sensorSpacing": "0.483", "sensor_type": "strain", "side": "top", "type": "sensor", "x": "3.449", "y": "0.7"}, {"angle": "0", "component_id": "S01G04", "fiber": "F04", "fromLeft": "3.932", "fromRight": "5.868", "fromTop": "-0.09", "note": "", "sensor": "5", "sensorSpacing": "0.483", "sensor_type": "strain", "side": "top", "type": "sensor", "x": "3.932", "y": "0.7"}, {"angle": "0", "component_id": "S01G04", "fiber": "F04", "fromLeft": "4.415", "fromRight": "5.385", "fromTop": "-0.09", "note": "", "sensor": "6", "sensorSpacing": "0.483", "sensor_type": "strain", "side": "top", "type": "sensor", "x": "4.415", "y": "0.7"}, {"angle": "0", "component_id": "S01G04", "fiber": "F04", "fromLeft": "4.898", "fromRight": "4.902", "fromTop": "-0.09", "note": "", "sensor": "7", "sensorSpacing": "0.483", "sensor_type": "strain", "side": "top", "type": "sensor", "x": "4.898", "y": "0.7"}, {"angle": "0", "component_id": "S01G04", "fiber": "F04", "fromLeft": "5.381", "fromRight": "4.419", "fromTop": "-0.09", "note": "", "sensor": "8", "sensorSpacing": "0.483", "sensor_type": "strain", "side": "top", "type": "sensor", "x": "5.381", "y": "0.7"}, {"angle": "0", "component_id": "S01G04", "fiber": "F04", "fromLeft": "5.864", "fromRight": "3.936", "fromTop": "-0.09", "note": "", "sensor": "9", "sensorSpacing": "0.483", "sensor_type": "strain", "side": "top", "type": "sensor", "x": "5.864", "y": "0.7"}, {"angle": "0", "component_id": "S01G04", "fiber": "F04", "fromLeft": "6.347", "fromRight": "3.453", "fromTop": "-0.09", "note": "", "sensor": "10", "sensorSpacing": "0.483", "sensor_type": "strain", "side": "top", "type": "sensor", "x": "6.347", "y": "0.7"}, {"angle": "0", "component_id": "S01G04", "fiber": "F04", "fromLeft": "6.83", "fromRight": "2.97", "fromTop": "-0.09", "note": "", "sensor": "11", "sensorSpacing": "0.483", "sensor_type": "strain", "side": "top", "type": "sensor", "x": "6.83", "y": "0.7"}, {"angle": "0", "component_id": "S01G04", "fiber": "F04", "fromLeft": "7.313", "fromRight": "2.487", "fromTop": "-0.09", "note": "", "sensor": "12", "sensorSpacing": "0.483", "sensor_type": "strain", "side": "top", "type": "sensor", "x": "7.313", "y": "0.7"}, {"angle": "0", "component_id": "S01G04", "fiber": "F04", "fromLeft": "7.796", "fromRight": "2.004", "fromTop": "-0.09", "note": "last", "sensor": "13", "sensorSpacing": "0.483", "sensor_type": "strain", "side": "top", "type": "sensor", "x": "7.796", "y": "0.7"}, {"angle": "0", "component_id": "S02G04", "fiber": "F04", "fromLeft": "2", "fromRight": "7.8", "fromTop": "-0.09", "note": "first", "sensor": "14", "sensorSpacing": "0", "sensor_type": "strain", "side": "top", "type": "sensor", "x": "2", "y": "0.7"}, {"angle": "0", "component_id": "S02G04", "fiber": "F04", "fromLeft": "2.527", "fromRight": "7.273", "fromTop": "-0.09", "note": "", "sensor": "15", "sensorSpacing": "0.527", "sensor_type": "strain", "side": "top", "type": "sensor", "x": "2.527", "y": "0.7"}, {"angle": "0", "component_id": "S02G04", "fiber": "F04", "fromLeft": "3.054", "fromRight": "6.746", "fromTop": "-0.09", "note": "", "sensor": "16", "sensorSpacing": "0.527", "sensor_type": "strain", "side": "top", "type": "sensor", "x": "3.054", "y": "0.7"}, {"angle": "0", "component_id": "S02G04", "fiber": "F04", "fromLeft": "3.581", "fromRight": "6.219", "fromTop": "-0.09", "note": "", "sensor": "17", "sensorSpacing": "0.527", "sensor_type": "strain", "side": "top", "type": "sensor", "x": "3.581", "y": "0.7"}, {"angle": "0", "component_id": "S02G04", "fiber": "F04", "fromLeft": "4.108", "fromRight": "5.692", "fromTop": "-0.09", "note": "", "sensor": "18", "sensorSpacing": "0.527", "sensor_type": "strain", "side": "top", "type": "sensor", "x": "4.108", "y": "0.7"}, {"angle": "0", "component_id": "S02G04", "fiber": "F04", "fromLeft": "4.635", "fromRight": "5.165", "fromTop": "-0.09", "note": "", "sensor": "19", "sensorSpacing": "0.527", "sensor_type": "strain", "side": "top", "type": "sensor", "x": "4.635", "y": "0.7"}, {"angle": "0", "component_id": "S02G04", "fiber": "F04", "fromLeft": "5.162", "fromRight": "4.638", "fromTop": "-0.09", "note": "", "sensor": "20", "sensorSpacing": "0.527", "sensor_type": "strain", "side": "top", "type": "sensor", "x": "5.162", "y": "0.7"}, {"angle": "0", "component_id": "S02G04", "fiber": "F04", "fromLeft": "5.689", "fromRight": "4.111", "fromTop": "-0.09", "note": "", "sensor": "21", "sensorSpacing": "0.527", "sensor_type": "strain", "side": "top", "type": "sensor", "x": "5.689", "y": "0.7"}, {"angle": "0", "component_id": "S02G04", "fiber": "F04", "fromLeft": "6.216", "fromRight": "3.584", "fromTop": "-0.09", "note": "", "sensor": "22", "sensorSpacing": "0.527", "sensor_type": "strain", "side": "top", "type": "sensor", "x": "6.216", "y": "0.7"}, {"angle": "0", "component_id": "S02G04", "fiber": "F04", "fromLeft": "6.743", "fromRight": "3.057", "fromTop": "-0.09", "note": "", "sensor": "23", "sensorSpacing": "0.527", "sensor_type": "strain", "side": "top", "type": "sensor", "x": "6.743", "y": "0.7"}, {"angle": "0", "component_id": "S02G04", "fiber": "F04", "fromLeft": "7.27", "fromRight": "2.53", "fromTop": "-0.09", "note": "", "sensor": "24", "sensorSpacing": "0.527", "sensor_type": "strain", "side": "top", "type": "sensor", "x": "7.27", "y": "0.7"}, {"angle": "0", "component_id": "S02G04", "fiber": "F04", "fromLeft": "7.797", "fromRight": "2.003", "fromTop": "-0.09", "note": "last", "sensor": "25", "sensorSpacing": "0.527", "sensor_type": "strain", "side": "top", "type": "sensor", "x": "7.797", "y": "0.7"}], "F05": [{"angle": "0", "component_id": "S01G05", "fiber": "F05", "fromLeft": "2", "fromRight": "7.8", "fromTop": "-0.09", "note": "first", "sensor": "1", "sensorSpacing": "0", "sensor_type": "strain", "side": "top", "type": "sensor", "x": "2", "y": "0.7"}, {"angle": "0", "component_id": "S01G05", "fiber": "F05", "fromLeft": "2.483", "fromRight": "7.317", "fromTop": "-0.09", "note": "", "sensor": "2", "sensorSpacing": "0.483", "sensor_type": "strain", "side": "top", "type": "sensor", "x": "2.483", "y": "0.7"}, {"angle": "0", "component_id": "S01G05", "fiber": "F05", "fromLeft": "2.966", "fromRight": "6.834", "fromTop": "-0.09", "note": "", "sensor": "3", "sensorSpacing": "0.483", "sensor_type": "strain", "side": "top", "type": "sensor", "x": "2.966", "y": "0.7"}, {"angle": "0", "component_id": "S01G05", "fiber": "F05", "fromLeft": "3.449", "fromRight": "6.351", "fromTop": "-0.09", "note": "", "sensor": "4", "sensorSpacing": "0.483", "sensor_type": "strain", "side": "top", "type": "sensor", "x": "3.449", "y": "0.7"}, {"angle": "0", "component_id": "S01G05", "fiber": "F05", "fromLeft": "3.932", "fromRight": "5.868", "fromTop": "-0.09", "note": "", "sensor": "5", "sensorSpacing": "0.483", "sensor_type": "strain", "side": "top", "type": "sensor", "x": "3.932", "y": "0.7"}, {"angle": "0", "component_id": "S01G05", "fiber": "F05", "fromLeft": "4.415", "fromRight": "5.385", "fromTop": "-0.09", "note": "", "sensor": "6", "sensorSpacing": "0.483", "sensor_type": "strain", "side": "top", "type": "sensor", "x": "4.415", "y": "0.7"}, {"angle": "0", "component_id": "S01G05", "fiber": "F05", "fromLeft": "4.898", "fromRight": "4.902", "fromTop": "-0.09", "note": "", "sensor": "7", "sensorSpacing": "0.483", "sensor_type": "strain", "side": "top", "type": "sensor", "x": "4.898", "y": "0.7"}, {"angle": "0", "component_id": "S01G05", "fiber": "F05", "fromLeft": "5.381", "fromRight": "4.419", "fromTop": "-0.09", "note": "", "sensor": "8", "sensorSpacing": "0.483", "sensor_type": "strain", "side": "top", "type": "sensor", "x": "5.381", "y": "0.7"}, {"angle": "0", "component_id": "S01G05", "fiber": "F05", "fromLeft": "5.864", "fromRight": "3.936", "fromTop": "-0.09", "note": "", "sensor": "9", "sensorSpacing": "0.483", "sensor_type": "strain", "side": "top", "type": "sensor", "x": "5.864", "y": "0.7"}, {"angle": "0", "component_id": "S01G05", "fiber": "F05", "fromLeft": "6.347", "fromRight": "3.453", "fromTop": "-0.09", "note": "", "sensor": "10", "sensorSpacing": "0.483", "sensor_type": "strain", "side": "top", "type": "sensor", "x": "6.347", "y": "0.7"}, {"angle": "0", "component_id": "S01G05", "fiber": "F05", "fromLeft": "6.83", "fromRight": "2.97", "fromTop": "-0.09", "note": "", "sensor": "11", "sensorSpacing": "0.483", "sensor_type": "strain", "side": "top", "type": "sensor", "x": "6.83", "y": "0.7"}, {"angle": "0", "component_id": "S01G05", "fiber": "F05", "fromLeft": "7.313", "fromRight": "2.487", "fromTop": "-0.09", "note": "", "sensor": "12", "sensorSpacing": "0.483", "sensor_type": "strain", "side": "top", "type": "sensor", "x": "7.313", "y": "0.7"}, {"angle": "0", "component_id": "S01G05", "fiber": "F05", "fromLeft": "7.796", "fromRight": "2.004", "fromTop": "-0.09", "note": "last", "sensor": "13", "sensorSpacing": "0.483", "sensor_type": "strain", "side": "top", "type": "sensor", "x": "7.796", "y": "0.7"}, {"angle": "0", "component_id": "S02G05", "fiber": "F05", "fromLeft": "2", "fromRight": "7.8", "fromTop": "-0.09", "note": "first", "sensor": "14", "sensorSpacing": "0", "sensor_type": "strain", "side": "top", "type": "sensor", "x": "2", "y": "0.7"}, {"angle": "0", "component_id": "S02G05", "fiber": "F05", "fromLeft": "2.527", "fromRight": "7.273", "fromTop": "-0.09", "note": "", "sensor": "15", "sensorSpacing": "0.527", "sensor_type": "strain", "side": "top", "type": "sensor", "x": "2.527", "y": "0.7"}, {"angle": "0", "component_id": "S02G05", "fiber": "F05", "fromLeft": "3.054", "fromRight": "6.746", "fromTop": "-0.09", "note": "", "sensor": "16", "sensorSpacing": "0.527", "sensor_type": "strain", "side": "top", "type": "sensor", "x": "3.054", "y": "0.7"}, {"angle": "0", "component_id": "S02G05", "fiber": "F05", "fromLeft": "3.581", "fromRight": "6.219", "fromTop": "-0.09", "note": "", "sensor": "17", "sensorSpacing": "0.527", "sensor_type": "strain", "side": "top", "type": "sensor", "x": "3.581", "y": "0.7"}, {"angle": "0", "component_id": "S02G05", "fiber": "F05", "fromLeft": "4.108", "fromRight": "5.692", "fromTop": "-0.09", "note": "", "sensor": "18", "sensorSpacing": "0.527", "sensor_type": "strain", "side": "top", "type": "sensor", "x": "4.108", "y": "0.7"}, {"angle": "0", "component_id": "S02G05", "fiber": "F05", "fromLeft": "4.635", "fromRight": "5.165", "fromTop": "-0.09", "note": "", "sensor": "19", "sensorSpacing": "0.527", "sensor_type": "strain", "side": "top", "type": "sensor", "x": "4.635", "y": "0.7"}, {"angle": "0", "component_id": "S02G05", "fiber": "F05", "fromLeft": "5.162", "fromRight": "4.638", "fromTop": "-0.09", "note": "", "sensor": "20", "sensorSpacing": "0.527", "sensor_type": "strain", "side": "top", "type": "sensor", "x": "5.162", "y": "0.7"}, {"angle": "0", "component_id": "S02G05", "fiber": "F05", "fromLeft": "5.689", "fromRight": "4.111", "fromTop": "-0.09", "note": "", "sensor": "21", "sensorSpacing": "0.527", "sensor_type": "strain", "side": "top", "type": "sensor", "x": "5.689", "y": "0.7"}, {"angle": "0", "component_id": "S02G05", "fiber": "F05", "fromLeft": "6.216", "fromRight": "3.584", "fromTop": "-0.09", "note": "", "sensor": "22", "sensorSpacing": "0.527", "sensor_type": "strain", "side": "top", "type": "sensor", "x": "6.216", "y": "0.7"}, {"angle": "0", "component_id": "S02G05", "fiber": "F05", "fromLeft": "6.743", "fromRight": "3.057", "fromTop": "-0.09", "note": "", "sensor": "23", "sensorSpacing": "0.527", "sensor_type": "strain", "side": "top", "type": "sensor", "x": "6.743", "y": "0.7"}, {"angle": "0", "component_id": "S02G05", "fiber": "F05", "fromLeft": "7.27", "fromRight": "2.53", "fromTop": "-0.09", "note": "", "sensor": "24", "sensorSpacing": "0.527", "sensor_type": "strain", "side": "top", "type": "sensor", "x": "7.27", "y": "0.7"}, {"angle": "0", "component_id": "S02G05", "fiber": "F05", "fromLeft": "7.797", "fromRight": "2.003", "fromTop": "-0.09", "note": "last", "sensor": "25", "sensorSpacing": "0.527", "sensor_type": "strain", "side": "top", "type": "sensor", "x": "7.797", "y": "0.7"}], "F06": [{"angle": "0", "component_id": "S01G06", "fiber": "F06", "fromLeft": "2", "fromRight": "7.8", "fromTop": "-0.09", "note": "first", "sensor": "1", "sensorSpacing": "0", "sensor_type": "strain", "side": "top", "type": "sensor", "x": "2", "y": "0.7"}, {"angle": "0", "component_id": "S01G06", "fiber": "F06", "fromLeft": "2.483", "fromRight": "7.317", "fromTop": "-0.09", "note": "", "sensor": "2", "sensorSpacing": "0.483", "sensor_type": "strain", "side": "top", "type": "sensor", "x": "2.483", "y": "0.7"}, {"angle": "0", "component_id": "S01G06", "fiber": "F06", "fromLeft": "2.966", "fromRight": "6.834", "fromTop": "-0.09", "note": "", "sensor": "3", "sensorSpacing": "0.483", "sensor_type": "strain", "side": "top", "type": "sensor", "x": "2.966", "y": "0.7"}, {"angle": "0", "component_id": "S01G06", "fiber": "F06", "fromLeft": "3.449", "fromRight": "6.351", "fromTop": "-0.09", "note": "", "sensor": "4", "sensorSpacing": "0.483", "sensor_type": "strain", "side": "top", "type": "sensor", "x": "3.449", "y": "0.7"}, {"angle": "0", "component_id": "S01G06", "fiber": "F06", "fromLeft": "3.932", "fromRight": "5.868", "fromTop": "-0.09", "note": "", "sensor": "5", "sensorSpacing": "0.483", "sensor_type": "strain", "side": "top", "type": "sensor", "x": "3.932", "y": "0.7"}, {"angle": "0", "component_id": "S01G06", "fiber": "F06", "fromLeft": "4.415", "fromRight": "5.385", "fromTop": "-0.09", "note": "", "sensor": "6", "sensorSpacing": "0.483", "sensor_type": "strain", "side": "top", "type": "sensor", "x": "4.415", "y": "0.7"}, {"angle": "0", "component_id": "S01G06", "fiber": "F06", "fromLeft": "4.898", "fromRight": "4.902", "fromTop": "-0.09", "note": "", "sensor": "7", "sensorSpacing": "0.483", "sensor_type": "strain", "side": "top", "type": "sensor", "x": "4.898", "y": "0.7"}, {"angle": "0", "component_id": "S01G06", "fiber": "F06", "fromLeft": "5.381", "fromRight": "4.419", "fromTop": "-0.09", "note": "", "sensor": "8", "sensorSpacing": "0.483", "sensor_type": "strain", "side": "top", "type": "sensor", "x": "5.381", "y": "0.7"}, {"angle": "0", "component_id": "S01G06", "fiber": "F06", "fromLeft": "5.864", "fromRight": "3.936", "fromTop": "-0.09", "note": "", "sensor": "9", "sensorSpacing": "0.483", "sensor_type": "strain", "side": "top", "type": "sensor", "x": "5.864", "y": "0.7"}, {"angle": "0", "component_id": "S01G06", "fiber": "F06", "fromLeft": "6.347", "fromRight": "3.453", "fromTop": "-0.09", "note": "", "sensor": "10", "sensorSpacing": "0.483", "sensor_type": "strain", "side": "top", "type": "sensor", "x": "6.347", "y": "0.7"}, {"angle": "0", "component_id": "S01G06", "fiber": "F06", "fromLeft": "6.83", "fromRight": "2.97", "fromTop": "-0.09", "note": "", "sensor": "11", "sensorSpacing": "0.483", "sensor_type": "strain", "side": "top", "type": "sensor", "x": "6.83", "y": "0.7"}, {"angle": "0", "component_id": "S01G06", "fiber": "F06", "fromLeft": "7.313", "fromRight": "2.487", "fromTop": "-0.09", "note": "", "sensor": "12", "sensorSpacing": "0.483", "sensor_type": "strain", "side": "top", "type": "sensor", "x": "7.313", "y": "0.7"}, {"angle": "0", "component_id": "S01G06", "fiber": "F06", "fromLeft": "7.796", "fromRight": "2.004", "fromTop": "-0.09", "note": "last", "sensor": "13", "sensorSpacing": "0.483", "sensor_type": "strain", "side": "top", "type": "sensor", "x": "7.796", "y": "0.7"}, {"angle": "0", "component_id": "S02G06", "fiber": "F06", "fromLeft": "2", "fromRight": "7.8", "fromTop": "-0.09", "note": "first", "sensor": "14", "sensorSpacing": "0", "sensor_type": "strain", "side": "top", "type": "sensor", "x": "2", "y": "0.7"}, {"angle": "0", "component_id": "S02G06", "fiber": "F06", "fromLeft": "2.527", "fromRight": "7.273", "fromTop": "-0.09", "note": "", "sensor": "15", "sensorSpacing": "0.527", "sensor_type": "strain", "side": "top", "type": "sensor", "x": "2.527", "y": "0.7"}, {"angle": "0", "component_id": "S02G06", "fiber": "F06", "fromLeft": "3.054", "fromRight": "6.746", "fromTop": "-0.09", "note": "", "sensor": "16", "sensorSpacing": "0.527", "sensor_type": "strain", "side": "top", "type": "sensor", "x": "3.054", "y": "0.7"}, {"angle": "0", "component_id": "S02G06", "fiber": "F06", "fromLeft": "3.581", "fromRight": "6.219", "fromTop": "-0.09", "note": "", "sensor": "17", "sensorSpacing": "0.527", "sensor_type": "strain", "side": "top", "type": "sensor", "x": "3.581", "y": "0.7"}, {"angle": "0", "component_id": "S02G06", "fiber": "F06", "fromLeft": "4.108", "fromRight": "5.692", "fromTop": "-0.09", "note": "", "sensor": "18", "sensorSpacing": "0.527", "sensor_type": "strain", "side": "top", "type": "sensor", "x": "4.108", "y": "0.7"}, {"angle": "0", "component_id": "S02G06", "fiber": "F06", "fromLeft": "4.635", "fromRight": "5.165", "fromTop": "-0.09", "note": "", "sensor": "19", "sensorSpacing": "0.527", "sensor_type": "strain", "side": "top", "type": "sensor", "x": "4.635", "y": "0.7"}, {"angle": "0", "component_id": "S02G06", "fiber": "F06", "fromLeft": "5.162", "fromRight": "4.638", "fromTop": "-0.09", "note": "", "sensor": "20", "sensorSpacing": "0.527", "sensor_type": "strain", "side": "top", "type": "sensor", "x": "5.162", "y": "0.7"}, {"angle": "0", "component_id": "S02G06", "fiber": "F06", "fromLeft": "5.689", "fromRight": "4.111", "fromTop": "-0.09", "note": "", "sensor": "21", "sensorSpacing": "0.527", "sensor_type": "strain", "side": "top", "type": "sensor", "x": "5.689", "y": "0.7"}, {"angle": "0", "component_id": "S02G06", "fiber": "F06", "fromLeft": "6.216", "fromRight": "3.584", "fromTop": "-0.09", "note": "", "sensor": "22", "sensorSpacing": "0.527", "sensor_type": "strain", "side": "top", "type": "sensor", "x": "6.216", "y": "0.7"}, {"angle": "0", "component_id": "S02G06", "fiber": "F06", "fromLeft": "6.743", "fromRight": "3.057", "fromTop": "-0.09", "note": "", "sensor": "23", "sensorSpacing": "0.527", "sensor_type": "strain", "side": "top", "type": "sensor", "x": "6.743", "y": "0.7"}, {"angle": "0", "component_id": "S02G06", "fiber": "F06", "fromLeft": "7.27", "fromRight": "2.53", "fromTop": "-0.09", "note": "", "sensor": "24", "sensorSpacing": "0.527", "sensor_type": "strain", "side": "top", "type": "sensor", "x": "7.27", "y": "0.7"}, {"angle": "0", "component_id": "S02G06", "fiber": "F06", "fromLeft": "7.797", "fromRight": "2.003", "fromTop": "-0.09", "note": "last", "sensor": "25", "sensorSpacing": "0.527", "sensor_type": "strain", "side": "top", "type": "sensor", "x": "7.797", "y": "0.7"}], "F07": [{"angle": "0", "component_id": "P01CR01", "fiber": "F07", "fromLeft": "1.83", "fromRight": "12.07", "fromTop": "0.35", "note": "", "sensor": "1", "sensorSpacing": "1.83", "sensor_type": "strain", "side": "left", "type": "sensor", "x": "1.83", "y": "0.35"}, {"angle": "90", "component_id": "P01CR01", "fiber": "F07", "fromLeft": "1.83", "fromRight": "12.07", "fromTop": "0.35", "note": "", "sensor": "2", "sensorSpacing": "0.0", "sensor_type": "strain", "side": "left", "type": "sensor", "x": "1.83", "y": "0.35"}, {"angle": "45", "component_id": "P01CR01", "fiber": "F07", "fromLeft": "1.83", "fromRight": "12.07", "fromTop": "0.35", "note": "", "sensor": "3", "sensorSpacing": "0.0", "sensor_type": "strain", "side": "left", "type": "sensor", "x": "1.83", "y": "0.35"}, {"angle": "0", "component_id": "P01C03", "fiber": "F07", "fromLeft": "3", "fromRight": "0", "fromTop": "0.0", "note": "first", "sensor": "4", "sensorSpacing": "0", "sensor_type": "strain", "side": "down", "type": "sensor", "x": "0.0", "y": "3"}, {"angle": "0", "component_id": "P01C03", "fiber": "F07", "fromLeft": "2.0", "fromRight": "1.0", "fromTop": "0.0", "note": "", "sensor": "5", "sensorSpacing": "1.0", "sensor_type": "strain", "side": "down", "type": "sensor", "x": "0.0", "y": "2.0"}, {"angle": "0", "component_id": "P01C03", "fiber": "F07", "fromLeft": "1.0", "fromRight": "2.0", "fromTop": "0.0", "note": "", "sensor": "6", "sensorSpacing": "1.0", "sensor_type": "strain", "side": "down", "type": "sensor", "x": "0.0", "y": "1.0"}, {"angle": "0", "component_id": "P01C03", "fiber": "F07", "fromLeft": "0.0", "fromRight": "3.0", "fromTop": "0.0", "note": "last", "sensor": "7", "sensorSpacing": "1.0", "sensor_type": "strain", "side": "down", "type": "sensor", "x": "0.0", "y": "0.0"}, {"angle": "0", "component_id": "P01CR01", "fiber": "F07", "fromLeft": "0.8", "fromRight": "0.0", "fromTop": "0.0", "note": "first", "sensor": "8", "sensorSpacing": "0.0", "sensor_type": "strain", "side": "down", "type": "sensor", "x": "0.0", "y": "0.8"}, {"angle": "0", "component_id": "P01CR01", "fiber": "F07", "fromLeft": "0.4", "fromRight": "0.4", "fromTop": "0.0", "note": "", "sensor": "9", "sensorSpacing": "0.4", "sensor_type": "strain", "side": "down", "type": "sensor", "x": "0.0", "y": "0.4"}, {"angle": "0", "component_id": "P01CR01", "fiber": "F07", "fromLeft": "0.0", "fromRight": "0.8", "fromTop": "0.0", "note": "last", "sensor": "10", "sensorSpacing": "0.4", "sensor_type": "strain", "side": "down", "type": "sensor", "x": "0.0", "y": "0.0"}, {"angle": "0", "component_id": "P01C02", "fiber": "F07", "fromLeft": "3", "fromRight": "0", "fromTop": "0.0", "note": "first", "sensor": "11", "sensorSpacing": "0", "sensor_type": "strain", "side": "down", "type": "sensor", "x": "0.0", "y": "3"}, {"angle": "0", "component_id": "P01C02", "fiber": "F07", "fromLeft": "2.0", "fromRight": "1.0", "fromTop": "0.0", "note": "", "sensor": "12", "sensorSpacing": "1.0", "sensor_type": "strain", "side": "down", "type": "sensor", "x": "0.0", "y": "2.0"}, {"angle": "0", "component_id": "P01C02", "fiber": "F07", "fromLeft": "1.0", "fromRight": "2.0", "fromTop": "0.0", "note": "", "sensor": "13", "sensorSpacing": "1.0", "sensor_type": "strain", "side": "down", "type": "sensor", "x": "0.0", "y": "1.0"}, {"angle": "0", "component_id": "P01C02", "fiber": "F07", "fromLeft": "0.0", "fromRight": "3.0", "fromTop": "0.0", "note": "last", "sensor": "14", "sensorSpacing": "1.0", "sensor_type": "strain", "side": "down", "type": "sensor", "x": "0.0", "y": "0.0"}, {"angle": "0", "component_id": "P01CR01", "fiber": "F07", "fromLeft": "13.9", "fromRight": "0.0", "fromTop": "0.8", "note": "first", "sensor": "15", "sensorSpacing": "0.0", "sensor_type": "strain", "side": "bottom", "type": "sensor", "x": "13.9", "y": "0.8"}, {"angle": "0", "component_id": "P01CR01", "fiber": "F07", "fromLeft": "6.95", "fromRight": "6.95", "fromTop": "0.8", "note": "midspan", "sensor": "16", "sensorSpacing": "6.95", "sensor_type": "strain", "side": "bottom", "type": "sensor", "x": "6.95", "y": "0.8"}, {"angle": "0", "component_id": "P01CR01", "fiber": "F07", "fromLeft": "0.0", "fromRight": "13.9", "fromTop": "0.8", "note": "last", "sensor": "17", "sensorSpacing": "6.95", "sensor_type": "strain", "side": "bottom", "type": "sensor", "x": "0.0", "y": "0.8"}, {"angle": "0", "component_id": "P01C03", "fiber": "F07", "fromLeft": "3", "fromRight": "0", "fromTop": "0.0", "note": "first", "sensor": "18", "sensorSpacing": "0", "sensor_type": "strain", "side": "bottom", "type": "sensor", "x": "0.0", "y": "3"}, {"angle": "0", "component_id": "P01C03", "fiber": "F07", "fromLeft": "2.0", "fromRight": "1.0", "fromTop": "0.0", "note": "", "sensor": "19", "sensorSpacing": "1.0", "sensor_type": "strain", "side": "bottom", "type": "sensor", "x": "0.0", "y": "2.0"}, {"angle": "0", "component_id": "P01C03", "fiber": "F07", "fromLeft": "1.0", "fromRight": "2.0", "fromTop": "0.0", "note": "", "sensor": "20", "sensorSpacing": "1.0", "sensor_type": "strain", "side": "bottom", "type": "sensor", "x": "0.0", "y": "1.0"}, {"angle": "0", "component_id": "P01C03", "fiber": "F07", "fromLeft": "0.0", "fromRight": "3.0", "fromTop": "0.0", "note": "last", "sensor": "21", "sensorSpacing": "1.0", "sensor_type": "strain", "side": "bottom", "type": "sensor", "x": "0.0", "y": "0.0"}, {"angle": "0", "component_id": "P01CR01", "fiber": "F07", "fromLeft": "12.9", "fromRight": "1.0", "fromTop": "0.35", "note": "", "sensor": "22", "sensorSpacing": "12.9", "sensor_type": "temperature", "side": "left", "type": "sensor", "x": "12.9", "y": "0.35"}, {"angle": "0", "component_id": "P01CR01", "fiber": "F07", "fromLeft": "12.23", "fromRight": "1.67", "fromTop": "0.35", "note": "", "sensor": "23", "sensorSpacing": "12.23", "sensor_type": "strain", "side": "left", "type": "sensor", "x": "12.23", "y": "0.35"}, {"angle": "90", "component_id": "P01CR01", "fiber": "F07", "fromLeft": "12.23", "fromRight": "1.67", "fromTop": "0.35", "note": "", "sensor": "24", "sensorSpacing": "0.0", "sensor_type": "strain", "side": "left", "type": "sensor", "x": "12.23", "y": "0.35"}, {"angle": "45", "component_id": "P01CR01", "fiber": "F07", "fromLeft": "12.23", "fromRight": "1.67", "fromTop": "0.35", "note": "", "sensor": "25", "sensorSpacing": "0.0", "sensor_type": "strain", "side": "left", "type": "sensor", "x": "12.23", "y": "0.35"}], "F08": [{"angle": "", "component_id": "", "sensor": "", "sensor_type": "", "side": "", "x": "", "y": ""}], "display-algorithm": "", "deflection": [{"algorithm_type": "girder_deflection", "component_id": "P01CR01", "fiber_id": "F07", "id": "D01", "sensor_type": "sensor_pair_array", "sensors_bottom": [6, 7], "sensors_top": [4, 5], "type": "algorithm"}, {"algorithm_type": "girder_deflection", "component_id": "P01C02", "fiber_id": "F07", "id": "D02", "sensor_type": "sensor_pair_array", "sensors_bottom": [10], "sensors_top": [8], "type": "algorithm"}, {"algorithm_type": "girder_deflection", "component_id": "P01C03", "fiber_id": "F07", "id": "D03", "sensor_type": "sensor_pair_array", "sensors_bottom": [13, 14], "sensors_top": [11, 12], "type": "algorithm"}, {"algorithm_type": "girder_deflection", "component_id": "P01C03", "fiber_id": "F07", "id": "D04", "sensor_type": "sensor_pair_array", "sensors_bottom": [20, 21], "sensors_top": [18, 19], "type": "algorithm"}], "shear": [{"algorithm_type": "girder_shear", "component_id": "P01CR01", "fiber_id": "F07", "id": "SH01", "rosette_0": 1, "rosette_45": 3, "rosette_90": 2, "sensor_type": "3d_rosette", "type": "algorithm"}, {"algorithm_type": "girder_shear", "component_id": "P01CR01", "fiber_id": "F07", "id": "SH02", "rosette_0": 23, "rosette_45": 25, "rosette_90": 24, "sensor_type": "3d_rosette", "type": "algorithm"}], "bending_moment": [{"algorithm_type": "girder_bending_moment", "component_id": "P01C03", "fiber_id": "F07", "id": "BM01", "sensor_bottom": 6, "sensor_top": 4, "sensor_type": "sensor_pair", "type": "algorithm"}, {"algorithm_type": "girder_bending_moment", "component_id": "P01C03", "fiber_id": "F07", "id": "BM02", "sensor_bottom": 7, "sensor_top": 5, "sensor_type": "sensor_pair", "type": "algorithm"}, {"algorithm_type": "girder_bending_moment", "component_id": "P01CR01", "fiber_id": "F07", "id": "BM03", "sensor_bottom": 10, "sensor_top": 8, "sensor_type": "sensor_pair", "type": "algorithm"}, {"algorithm_type": "girder_bending_moment", "component_id": "P01C02", "fiber_id": "F07", "id": "BM04", "sensor_bottom": 13, "sensor_top": 11, "sensor_type": "sensor_pair", "type": "algorithm"}, {"algorithm_type": "girder_bending_moment", "component_id": "P01C02", "fiber_id": "F07", "id": "BM05", "sensor_bottom": 14, "sensor_top": 12, "sensor_type": "sensor_pair", "type": "algorithm"}, {"algorithm_type": "girder_bending_moment", "component_id": "P01C03", "fiber_id": "F07", "id": "BM06", "sensor_bottom": 20, "sensor_top": 18, "sensor_type": "sensor_pair", "type": "algorithm"}, {"algorithm_type": "girder_bending_moment", "component_id": "P01C03", "fiber_id": "F07", "id": "BM07", "sensor_bottom": 21, "sensor_top": 19, "sensor_type": "sensor_pair", "type": "algorithm"}], "path": "dis-as-design"}, "access": [], "metadata": {"selectData": {"classification": {"label": "I-A"}, "jinja_template": {"label": "V2.1"}}, "timezone": "Australia/Melbourne", "offset": 600, "origin": "http://192.168.1.6:8000", "referrer": "http://192.168.1.6:8000/designer/edit/bridge-overview/3COR_8826", "browserName": "Netscape", "userAgent": "Mozilla/5.0 (Macintosh; Intel Mac OS X 10_15_7) AppleWebKit/537.36 (KHTML, like Gecko) Chrome/101.0.0.0 Safari/537.36", "pathName": "/designer/edit/dis-as-design/3COR_8826", "onLine": true}, "form": "62f5ccaf54d20a0129e4c043", "externalIds": [], "created": "2022-08-12T03:44:54.846Z", "modified": "2022-08-12T06:09:09.175Z"}