{"_id": "62f5cca554d20ae1a8e4c011", "owner": "627ddf364022c591c1b05f1b", "roles": [], "data": {"eloque_id": "AU-03CRE-BR8856", "bridge_name": "Cressy", "asset_id": "3CRE_SN8856", "sharepoint_name": "3CRE-8856", "structure_id": "SN8856", "classification": ["I-A"], "save-excel": false, "update-as-design": false, "update-metadata": false, "jinja_template": "", "lock-configuration": false, "coordinates_latitude": -38.02379, "coordinates_longitude": 143.6293, "totalSpans": "", "totalGirders": "", "totalPiers": "", "totalPierCrossheads": "", "totalPierColumns": "", "totalTransverseLanes": "", "totalLanes": "", "fiberType": "", "totalFibers": "", "path": "mapping-design"}, "access": [], "form": "62f5cc9a54d20a15d5e4c000", "externalIds": [], "created": "2022-08-12T03:44:37.723Z", "modified": "2022-08-12T06:08:46.397Z"}