{"_id": "62f5cca054d20afff9e4c007", "owner": "627ddf364022c591c1b05f1b", "roles": [], "data": {"eloque_id": "AU-03LIS-BR3614", "bridge_name": "Lismore", "asset_id": "3LIS_3614", "sharepoint_name": "3LIS_3614", "structure_id": "SN3614", "classification": ["I-B", "I-A"], "save-excel": false, "update-as-design": false, "update-metadata": false, "jinja_template": "", "lock-configuration": false, "coordinates_latitude": "-37.95238", "coordinates_longitude": "143.37926", "totalSpans": "", "totalGirders": "", "totalPiers": "", "totalPierCrossheads": "", "totalPierColumns": "", "totalTransverseLanes": "", "totalLanes": "", "fiberType": "", "totalFibers": "", "path": "mapping-design"}, "access": [], "form": "62f5cc9a54d20a15d5e4c000", "externalIds": [], "created": "2022-08-12T03:44:32.757Z", "modified": "2022-08-12T06:08:45.815Z"}