{"_id": "62f5cca454d20aec72e4c00d", "owner": "627ddf364022c591c1b05f1b", "roles": [], "data": {"eloque_id": "AU-03COL-BR3501", "bridge_name": "Coldstream", "asset_id": "3COL_3501", "sharepoint_name": "3COL-3501", "structure_id": "SN3501", "classification": ["I-A", "I-A", "I-A", "I-A", "I-A", "I-A", "I-B"], "_version": 38, "_form_version": "0", "save-excel": false, "update-as-design": false, "update-metadata": false, "jinja_template": "v2.1", "lock-configuration": true, "display-page": "layout", "feature_crossed": "Yeringberg Creek", "road_name": "Maroondah Highway", "coordinates_latitude": "-37.68341", "coordinates_longitude": "145.44292", "deckWidth": 4.2, "skew_angle": "0", "down": {"label": "G12", "value": "G12"}, "up": {"label": "G01", "value": "G01"}, "left": {"label": "A01", "value": "A01"}, "right": {"label": "A02", "value": "A02"}, "left2right": "To Healsville", "right2left": "To Coldstream", "lanes": [{"laneType": "shoulder", "lane_direction": "", "lane_id": {}, "lane_width": 1, "transverse_coordinates": 0, "transverse_id": "W01"}, {"laneType": "traffic", "lane_direction": "left2right", "lane_id": {"label": "L01", "value": "L01"}, "lane_width": 3.4, "transverse_coordinates": 1, "transverse_id": "W02"}, {"laneType": "median", "lane_direction": "", "lane_id": {}, "lane_width": 0, "transverse_coordinates": 4.4, "transverse_id": "W03"}, {"laneType": "traffic", "lane_direction": "right2left", "lane_id": {"label": "L02", "value": "L02"}, "lane_width": 3.4, "transverse_coordinates": 4.4, "transverse_id": "W04"}, {"laneType": "shoulder", "lane_direction": "", "lane_id": {}, "lane_width": 0.6, "transverse_coordinates": 7.8, "transverse_id": "W05"}], "structure": [{"componentId": "S01G01", "componentType": {"label": "1_B", "value": "1_B"}, "superstructureLane": {"label": "W01", "value": "W01"}}, {"componentId": "S01G02", "componentType": {"label": "1_B", "value": "1_B"}, "superstructureLane": {"label": "W01", "value": "W01"}}, {"componentId": "S01G03", "componentType": {"label": "1_B", "value": "1_B"}, "superstructureLane": {"label": "W01", "value": "W01"}}, {"componentId": "S01G04", "componentType": {"label": "1_A", "value": "1_A"}, "superstructureLane": {"label": "W02", "value": "W02"}}, {"componentId": "S01G05", "componentType": {"label": "1_A", "value": "1_A"}, "superstructureLane": {"label": "W02", "value": "W02"}}, {"componentId": "S01G06", "componentType": {"label": "1_A", "value": "1_A"}, "superstructureLane": {"label": "W02", "value": "W02"}}, {"componentId": "S01G07", "componentType": {"label": "1_A", "value": "1_A"}, "superstructureLane": {"label": "W04", "value": "W04"}}, {"componentId": "S01G08", "componentType": {"label": "1_A", "value": "1_A"}, "superstructureLane": {"label": "W04", "value": "W04"}}, {"componentId": "S01G09", "componentType": {"label": "1_A", "value": "1_A"}, "superstructureLane": {"label": "W04", "value": "W04"}}, {"componentId": "S01G10", "componentType": {"label": "1_B", "value": "1_B"}, "superstructureLane": {"label": "W05", "value": "W05"}}, {"componentId": "S01G11", "componentType": {"label": "1_B", "value": "1_B"}, "superstructureLane": {"label": "W05", "value": "W05"}}, {"componentId": "S01G12", "componentType": {"label": "1_B", "value": "1_B"}, "superstructureLane": {"label": "W05", "value": "W05"}}, {"componentId": "S02G01", "componentType": {"label": "1_B", "value": "1_B"}, "superstructureLane": {"label": "W01", "value": "W01"}}, {"componentId": "S02G02", "componentType": {"label": "1_B", "value": "1_B"}, "superstructureLane": {"label": "W01", "value": "W01"}}, {"componentId": "S02G03", "componentType": {"label": "1_B", "value": "1_B"}, "superstructureLane": {"label": "W01", "value": "W01"}}, {"componentId": "S02G04", "componentType": {"label": "1_A", "value": "1_A"}, "superstructureLane": {"label": "W02", "value": "W02"}}, {"componentId": "S02G05", "componentType": {"label": "1_A", "value": "1_A"}, "superstructureLane": {"label": "W02", "value": "W02"}}, {"componentId": "S02G06", "componentType": {"label": "1_A", "value": "1_A"}, "superstructureLane": {"label": "W02", "value": "W02"}}, {"componentId": "S02G07", "componentType": {"label": "1_A", "value": "1_A"}, "superstructureLane": {"label": "W04", "value": "W04"}}, {"componentId": "S02G08", "componentType": {"label": "1_A", "value": "1_A"}, "superstructureLane": {"label": "W04", "value": "W04"}}, {"componentId": "S02G09", "componentType": {"label": "1_A", "value": "1_A"}, "superstructureLane": {"label": "W04", "value": "W04"}}, {"componentId": "S02G10", "componentType": {"label": "1_B", "value": "1_B"}, "superstructureLane": {"label": "W05", "value": "W05"}}, {"componentId": "S02G11", "componentType": {"label": "1_B", "value": "1_B"}, "superstructureLane": {"label": "W05", "value": "W05"}}, {"componentId": "S02G12", "componentType": {"label": "1_B", "value": "1_B"}, "superstructureLane": {"label": "W05", "value": "W05"}}, {"componentId": "P01CR01", "componentType": {"label": "Crosshead1_3", "value": "Crosshead1_3"}, "superstructureLane": {}}, {"componentId": "P01CR02", "componentType": {"label": "Crosshead2", "value": "Crosshead2"}, "superstructureLane": {}}, {"componentId": "P01CR03", "componentType": {"label": "Crosshead1_3", "value": "Crosshead1_3"}, "superstructureLane": {}}, {"componentId": "P01C01", "componentType": {"label": "Column1_6", "value": "Column1_6"}, "superstructureLane": {}}, {"componentId": "P01C02", "componentType": {"label": "Column2_5", "value": "Column2_5"}, "superstructureLane": {}}, {"componentId": "P01C03", "componentType": {"label": "Column3_4", "value": "Column3_4"}, "superstructureLane": {}}, {"componentId": "P01C04", "componentType": {"label": "Column3_4", "value": "Column3_4"}, "superstructureLane": {}}, {"componentId": "P01C05", "componentType": {"label": "Column2_5", "value": "Column2_5"}, "superstructureLane": {}}, {"componentId": "P01C06", "componentType": {"label": "Column1_6", "value": "Column1_6"}, "superstructureLane": {}}, {"componentId": "A01", "componentType": {"label": "Abutment01", "value": "Abutment01"}, "superstructureLane": {}}, {"componentId": "A02", "componentType": {"label": "Abutment01", "value": "Abutment01"}, "superstructureLane": {}}], "componentTypes": [{"componentType": "1_A", "effective_area": 192080, "effective_area_moment_of_inertia": 4270000000, "effective_shear_modulus": 10300, "effective_youngs_modulus": 24800, "flangeWidth1": "", "flangeWidth2": "", "height": 0.36, "length": 5.35, "structureSubType": "i-a", "structureType": "girder", "weight": 2400, "width": 0.28}, {"componentType": "1_B", "effective_area": 154706, "effective_area_moment_of_inertia": 2300000000, "effective_shear_modulus": 12500, "effective_youngs_modulus": 29900, "flangeWidth1": "", "flangeWidth2": "", "height": 0.406, "length": 5.235, "structureSubType": "i-b", "structureType": "girder", "weight": 2400, "width": 0.61}, {"componentType": "Pier01", "effective_area": "", "effective_area_moment_of_inertia": "", "effective_shear_modulus": "", "effective_youngs_modulus": "", "flangeWidth1": "", "flangeWidth2": "", "height": "", "length": "", "structureSubType": "", "structureType": "pier", "weight": "", "width": ""}, {"componentType": "Column1_6", "effective_area": "", "effective_area_moment_of_inertia": "", "effective_shear_modulus": 10300, "effective_youngs_modulus": 24800, "flangeWidth1": "", "flangeWidth2": "", "height": 2, "length": 0.406, "structureSubType": "", "structureType": "pierColumn", "weight": 2400, "width": 0.305}, {"componentType": "Crosshead1_3", "effective_area": "", "effective_area_moment_of_inertia": "", "effective_shear_modulus": 10300, "effective_youngs_modulus": 24800, "flangeWidth1": "", "flangeWidth2": "", "height": 0.38, "length": 2.34, "structureSubType": "", "structureType": "pierCrosshead", "weight": 2400, "width": 0.41}, {"componentType": "Abutment01", "effective_area": "", "effective_area_moment_of_inertia": "", "effective_shear_modulus": "", "effective_youngs_modulus": "", "flangeWidth1": "", "flangeWidth2": "", "height": 2.43, "length": 10, "structureSubType": "", "structureType": "abutment", "weight": "", "width": 0.308}, {"componentType": "Column3_4", "effective_area": "", "effective_area_moment_of_inertia": "", "effective_shear_modulus": 10300, "effective_youngs_modulus": 24800, "flangeWidth1": "", "flangeWidth2": "", "height": 2, "length": 0.508, "structureSubType": "", "structureType": "pierColumn", "weight": 2400, "width": 0.508}, {"componentType": "Column2_5", "effective_area": "", "effective_area_moment_of_inertia": "", "effective_shear_modulus": 10300, "effective_youngs_modulus": 24800, "flangeWidth1": "", "flangeWidth2": "", "height": 2, "length": 0.61, "structureSubType": "", "structureType": "pierColumn", "weight": 2400, "width": 0.305}, {"componentType": "Crosshead2", "effective_area": "", "effective_area_moment_of_inertia": "", "effective_shear_modulus": 10300, "effective_youngs_modulus": 24800, "flangeWidth1": "", "flangeWidth2": "", "height": 0.61, "length": 6.705, "structureSubType": "", "structureType": "pierCrosshead", "weight": 2300, "width": 0.35}], "totalSpans": 2, "totalGirders": 12, "allComponentsList": [{"label": "Span/Girder: S01G01", "value": "S01G01"}, {"label": "Span/Girder: S01G02", "value": "S01G02"}, {"label": "Span/Girder: S01G03", "value": "S01G03"}, {"label": "Span/Girder: S01G04", "value": "S01G04"}, {"label": "Span/Girder: S01G05", "value": "S01G05"}, {"label": "Span/Girder: S01G06", "value": "S01G06"}, {"label": "Span/Girder: S01G07", "value": "S01G07"}, {"label": "Span/Girder: S01G08", "value": "S01G08"}, {"label": "Span/Girder: S01G09", "value": "S01G09"}, {"label": "Span/Girder: S01G10", "value": "S01G10"}, {"label": "Span/Girder: S01G11", "value": "S01G11"}, {"label": "Span/Girder: S01G12", "value": "S01G12"}, {"label": "Span/Girder: S02G01", "value": "S02G01"}, {"label": "Span/Girder: S02G02", "value": "S02G02"}, {"label": "Span/Girder: S02G03", "value": "S02G03"}, {"label": "Span/Girder: S02G04", "value": "S02G04"}, {"label": "Span/Girder: S02G05", "value": "S02G05"}, {"label": "Span/Girder: S02G06", "value": "S02G06"}, {"label": "Span/Girder: S02G07", "value": "S02G07"}, {"label": "Span/Girder: S02G08", "value": "S02G08"}, {"label": "Span/Girder: S02G09", "value": "S02G09"}, {"label": "Span/Girder: S02G10", "value": "S02G10"}, {"label": "Span/Girder: S02G11", "value": "S02G11"}, {"label": "Span/Girder: S02G12", "value": "S02G12"}, {"label": "Pier: P01", "value": "P01"}, {"label": "Crosshead: P01CR01", "value": "P01CR01"}, {"label": "Crosshead: P01CR02", "value": "P01CR02"}, {"label": "Crosshead: P01CR03", "value": "P01CR03"}, {"label": "Column: P01C01", "value": "P01C01"}, {"label": "Column: P01C02", "value": "P01C02"}, {"label": "Column: P01C03", "value": "P01C03"}, {"label": "Column: P01C04", "value": "P01C04"}, {"label": "Column: P01C05", "value": "P01C05"}, {"label": "Column: P01C06", "value": "P01C06"}, {"label": "Abutment: A01", "value": "A01"}, {"label": "Abutment: A02", "value": "A02"}], "totalPiers": 1, "totalPierCrossheads": 3, "totalPierColumns": 6, "totalTransverseLanes": 5, "totalLanes": 2, "allTransverseLanesList": [{"label": "W01", "value": "W01"}, {"label": "W02", "value": "W02"}, {"label": "W03", "value": "W03"}, {"label": "W04", "value": "W04"}, {"label": "W05", "value": "W05"}], "allTrafficLanesList": [{"label": "", "value": ""}, {"label": "L01", "value": "L01"}, {"label": "L02", "value": "L02"}], "fiberType": 41200256, "totalFibers": 8, "allFibersList": [{"label": "F01", "value": "F01"}, {"label": "F02", "value": "F02"}, {"label": "F03", "value": "F03"}, {"label": "F04", "value": "F04"}, {"label": "F05", "value": "F05"}, {"label": "F06", "value": "F06"}, {"label": "F07", "value": "F07"}, {"label": "F08", "value": "F08"}], "fibers": [{"fiberComponent": [{"bottomMargin": 0, "componentId": {"label": "Span/Girder: S01G03", "value": "S01G03"}, "leftMargin": 0, "rightMargin": 0, "sensorTypes": [{"customX": 4.718, "customY": 0.56, "position": "custom", "sensorType": "rosette", "side": "web_up", "typeFirst": 1, "typeLast": ""}, {"customX": "", "customY": "", "position": "R2L", "sensorType": "strainHorizontal", "side": "top", "typeFirst": 4, "typeLast": 9}], "topMargin": 0}, {"bottomMargin": 0, "componentId": {"label": "Span/Girder: S01G02", "value": "S01G02"}, "leftMargin": 0, "rightMargin": 0, "sensorTypes": [{"customX": "", "customY": "", "position": "R2L", "sensorType": "strainHorizontal", "side": "top", "typeFirst": 10, "typeLast": 15}], "topMargin": 0}, {"bottomMargin": 0, "componentId": {"label": "Span/Girder: S01G01", "value": "S01G01"}, "leftMargin": 0, "rightMargin": 0, "sensorTypes": [{"customX": "", "customY": "", "position": "R2L", "sensorType": "strainHorizontal", "side": "top", "typeFirst": 16, "typeLast": 22}, {"customX": 4.718, "customY": 0.156, "position": "custom", "sensorType": "rosette", "side": "web_down", "typeFirst": 23, "typeLast": ""}], "topMargin": 0}], "fiberId": "F01"}, {"fiberComponent": [{"bottomMargin": 0, "componentId": {"label": "Span/Girder: S01G06", "value": "S01G06"}, "leftMargin": 0, "rightMargin": 0, "sensorTypes": [{"customX": 4.925, "customY": 0.1, "position": "custom", "sensorType": "rosette", "side": "up", "typeFirst": 1, "typeLast": ""}, {"customX": "", "customY": "", "position": "R2L", "sensorType": "strainHorizontal", "side": "up", "typeFirst": 4, "typeLast": 7}, {"customX": "", "customY": "", "position": "L2R", "sensorType": "strainHorizontal", "side": "down", "typeFirst": 8, "typeLast": 11}], "topMargin": 0}, {"bottomMargin": 0, "componentId": {"label": "Crosshead: P01CR02", "value": "P01CR02"}, "leftMargin": 0, "rightMargin": 0, "sensorTypes": [{"customX": "", "customY": "", "position": "T2B", "sensorType": "strainVertical", "side": "left", "typeFirst": 12, "typeLast": 14}], "topMargin": 0}, {"bottomMargin": 0, "componentId": {"label": "Span/Girder: S01G05", "value": "S01G05"}, "leftMargin": 0, "rightMargin": 0, "sensorTypes": [{"customX": "", "customY": "", "position": "R2L", "sensorType": "strainHorizontal", "side": "down", "typeFirst": 15, "typeLast": 18}, {"customX": "", "customY": "", "position": "L2R", "sensorType": "strainHorizontal", "side": "down", "typeFirst": 19, "typeLast": 22}, {"customX": 4.925, "customY": 0.1, "position": "custom", "sensorType": "rosette", "side": "down", "typeFirst": 23, "typeLast": ""}], "topMargin": 0}], "fiberId": "F02"}, {"fiberComponent": [{"bottomMargin": 0, "componentId": {"label": "Span/Girder: S01G08", "value": "S01G08"}, "leftMargin": 0, "rightMargin": 0, "sensorTypes": [{"customX": 4.925, "customY": 0.1, "position": "custom", "sensorType": "rosette", "side": "up", "typeFirst": 1, "typeLast": ""}, {"customX": "", "customY": "", "position": "R2L", "sensorType": "strainHorizontal", "side": "up", "typeFirst": 4, "typeLast": 7}, {"customX": "", "customY": "", "position": "L2R", "sensorType": "strainHorizontal", "side": "down", "typeFirst": 8, "typeLast": 11}], "topMargin": 0}, {"bottomMargin": 0, "componentId": {"label": "Crosshead: P01CR02", "value": "P01CR02"}, "leftMargin": 0, "rightMargin": 0, "sensorTypes": [{"customX": "", "customY": "", "position": "T2B", "sensorType": "strainVertical", "side": "left", "typeFirst": 12, "typeLast": 14}], "topMargin": 0}, {"bottomMargin": 0, "componentId": {"label": "Span/Girder: S01G07", "value": "S01G07"}, "leftMargin": 0, "rightMargin": 0, "sensorTypes": [{"customX": "", "customY": "", "position": "R2L", "sensorType": "strainHorizontal", "side": "down", "typeFirst": 15, "typeLast": 18}, {"customX": "", "customY": "", "position": "L2R", "sensorType": "strainHorizontal", "side": "down", "typeFirst": 19, "typeLast": 22}, {"customX": 4.925, "customY": 0.1, "position": "custom", "sensorType": "rosette", "side": "down", "typeFirst": 23, "typeLast": ""}], "topMargin": 0}], "fiberId": "F03"}, {"fiberComponent": [{"bottomMargin": 0, "componentId": {"label": "Span/Girder: S01G12", "value": "S01G12"}, "leftMargin": 0, "rightMargin": 0, "sensorTypes": [{"customX": 4.718, "customY": 0.56, "position": "custom", "sensorType": "rosette", "side": "web_up", "typeFirst": 1, "typeLast": ""}, {"customX": "", "customY": "", "position": "R2L", "sensorType": "strainHorizontal", "side": "top", "typeFirst": 4, "typeLast": 9}], "topMargin": 0}, {"bottomMargin": 0, "componentId": {"label": "Span/Girder: S01G11", "value": "S01G11"}, "leftMargin": 0, "rightMargin": 0, "sensorTypes": [{"customX": "", "customY": "", "position": "R2L", "sensorType": "strainHorizontal", "side": "top", "typeFirst": 10, "typeLast": 15}], "topMargin": 0}, {"bottomMargin": 0, "componentId": {"label": "Span/Girder: S01G10", "value": "S01G10"}, "leftMargin": 0, "rightMargin": 0, "sensorTypes": [{"customX": "", "customY": "", "position": "R2L", "sensorType": "strainHorizontal", "side": "top", "typeFirst": 16, "typeLast": 22}, {"customX": 4.718, "customY": 0.156, "position": "custom", "sensorType": "rosette", "side": "web_down", "typeFirst": 23, "typeLast": ""}], "topMargin": 0}], "fiberId": "F04"}, {"fiberComponent": [{"bottomMargin": 0, "componentId": {"label": "Span/Girder: S02G06", "value": "S02G06"}, "leftMargin": 0, "rightMargin": 0, "sensorTypes": [{"customX": 4.925, "customY": 0.1, "position": "custom", "sensorType": "rosette", "side": "up", "typeFirst": 1, "typeLast": ""}, {"customX": "", "customY": "", "position": "R2L", "sensorType": "strainHorizontal", "side": "up", "typeFirst": 4, "typeLast": 7}, {"customX": "", "customY": "", "position": "L2R", "sensorType": "strainHorizontal", "side": "down", "typeFirst": 8, "typeLast": 11}], "topMargin": 0}, {"bottomMargin": 0, "componentId": {"label": "Crosshead: P01CR02", "value": "P01CR02"}, "leftMargin": 0, "rightMargin": 0, "sensorTypes": [{"customX": "", "customY": "", "position": "T2B", "sensorType": "strainVertical", "side": "left", "typeFirst": 12, "typeLast": 14}], "topMargin": 0}, {"bottomMargin": 0, "componentId": {"label": "Span/Girder: S02G05", "value": "S02G05"}, "leftMargin": 0, "rightMargin": 0, "sensorTypes": [{"customX": "", "customY": "", "position": "R2L", "sensorType": "strainHorizontal", "side": "down", "typeFirst": 15, "typeLast": 18}, {"customX": "", "customY": "", "position": "L2R", "sensorType": "strainHorizontal", "side": "down", "typeFirst": 19, "typeLast": 22}, {"customX": 4.925, "customY": 0.1, "position": "custom", "sensorType": "rosette", "side": "down", "typeFirst": 23, "typeLast": ""}], "topMargin": 0}], "fiberId": "F05"}, {"fiberComponent": [{"bottomMargin": 0, "componentId": {"label": "Span/Girder: S02G08", "value": "S02G08"}, "leftMargin": 0, "rightMargin": 0, "sensorTypes": [{"customX": 4.925, "customY": 0.1, "position": "custom", "sensorType": "rosette", "side": "up", "typeFirst": 1, "typeLast": ""}, {"customX": "", "customY": "", "position": "R2L", "sensorType": "strainHorizontal", "side": "up", "typeFirst": 4, "typeLast": 7}, {"customX": "", "customY": "", "position": "L2R", "sensorType": "strainHorizontal", "side": "down", "typeFirst": 8, "typeLast": 11}], "topMargin": 0}, {"bottomMargin": 0, "componentId": {"label": "Crosshead: P01CR02", "value": "P01CR02"}, "leftMargin": 0, "rightMargin": 0, "sensorTypes": [{"customX": "", "customY": "", "position": "T2B", "sensorType": "strainVertical", "side": "left", "typeFirst": 12, "typeLast": 14}], "topMargin": 0}, {"bottomMargin": 0, "componentId": {"label": "Span/Girder: S02G07", "value": "S02G07"}, "leftMargin": 0, "rightMargin": 0, "sensorTypes": [{"customX": "", "customY": "", "position": "R2L", "sensorType": "strainHorizontal", "side": "down", "typeFirst": 15, "typeLast": 18}, {"customX": "", "customY": "", "position": "L2R", "sensorType": "strainHorizontal", "side": "down", "typeFirst": 19, "typeLast": 22}, {"customX": 4.925, "customY": 0.1, "position": "custom", "sensorType": "rosette", "side": "down", "typeFirst": 23, "typeLast": ""}], "topMargin": 0}], "fiberId": "F06"}, {"fiberComponent": [{"bottomMargin": 0, "componentId": {"label": "Span/Girder: S02G12", "value": "S02G12"}, "leftMargin": 0, "rightMargin": 0, "sensorTypes": [{"customX": 4.718, "customY": 0.56, "position": "custom", "sensorType": "rosette", "side": "web_up", "typeFirst": 1, "typeLast": ""}, {"customX": "", "customY": "", "position": "R2L", "sensorType": "strainHorizontal", "side": "top", "typeFirst": 4, "typeLast": 9}], "topMargin": 0}, {"bottomMargin": 0, "componentId": {"label": "Span/Girder: S02G11", "value": "S02G11"}, "leftMargin": 0, "rightMargin": 0, "sensorTypes": [{"customX": "", "customY": "", "position": "L2R", "sensorType": "strainHorizontal", "side": "top", "typeFirst": 10, "typeLast": 15}], "topMargin": 0}, {"bottomMargin": 0, "componentId": {"label": "Span/Girder: S02G10", "value": "S02G10"}, "leftMargin": 0, "rightMargin": 0, "sensorTypes": [{"customX": "", "customY": "", "position": "R2L", "sensorType": "strainHorizontal", "side": "top", "typeFirst": 16, "typeLast": 22}, {"customX": 4.718, "customY": 0.156, "position": "custom", "sensorType": "rosette", "side": "web_down", "typeFirst": 23, "typeLast": ""}], "topMargin": 0}], "fiberId": "F07"}, {"fiberComponent": [{"bottomMargin": 0, "componentId": {"label": "Crosshead: P01CR02", "value": "P01CR02"}, "leftMargin": 0, "rightMargin": 0, "sensorTypes": [{"customX": 2.453, "customY": 0.24, "position": "custom", "sensorType": "rosette", "side": "left", "typeFirst": 1, "typeLast": ""}], "topMargin": 0}, {"bottomMargin": 0, "componentId": {"label": "Crosshead: P01CR01", "value": "P01CR01"}, "leftMargin": 0, "rightMargin": 0, "sensorTypes": [{"customX": 1.935, "customY": 0.05, "position": "custom", "sensorType": "strainHorizontal", "side": "left", "typeFirst": 4, "typeLast": 4}, {"customX": 1.935, "customY": 0.22, "position": "custom", "sensorType": "rosette", "side": "left", "typeFirst": 5, "typeLast": ""}], "topMargin": 0}, {"bottomMargin": 0, "componentId": {"label": "Column: P01C01", "value": "P01C01"}, "leftMargin": 0, "rightMargin": 0, "sensorTypes": [{"customX": "", "customY": "", "position": "L2R", "sensorType": "strainHorizontal", "side": "left", "typeFirst": 8, "typeLast": 9}], "topMargin": 0}, {"bottomMargin": 0, "componentId": {"label": "Crosshead: P01CR01", "value": "P01CR01"}, "leftMargin": 0, "rightMargin": 0, "sensorTypes": [{"customX": 0, "customY": 0, "position": "R2L", "sensorType": "strainHorizontal", "side": "bottom", "typeFirst": 10, "typeLast": 10}], "topMargin": 0}, {"bottomMargin": 0, "componentId": {"label": "Column: P01C03", "value": "P01C03"}, "leftMargin": 0, "rightMargin": 0, "sensorTypes": [{"customX": "", "customY": "", "position": "L2R", "sensorType": "strainHorizontal", "side": "left", "typeFirst": 11, "typeLast": 12}], "topMargin": 0}, {"bottomMargin": 0, "componentId": {"label": "Crosshead: P01CR02", "value": "P01CR02"}, "leftMargin": 0, "rightMargin": 0, "sensorTypes": [{"customX": 0, "customY": 0, "position": "custom", "sensorType": "strainHorizontal", "side": "bottom", "typeFirst": 13, "typeLast": 13}], "topMargin": 0}, {"bottomMargin": 0, "componentId": {"label": "Column: P01C04", "value": "P01C04"}, "leftMargin": 0, "rightMargin": 0, "sensorTypes": [{"customX": "", "customY": "", "position": "L2R", "sensorType": "strainHorizontal", "side": "right", "typeFirst": 14, "typeLast": 15}], "topMargin": 0}, {"bottomMargin": 0, "componentId": {"label": "Crosshead: P01CR03", "value": "P01CR03"}, "leftMargin": 0, "rightMargin": 0, "sensorTypes": [{"customX": 0, "customY": 0, "position": "custom", "sensorType": "strainHorizontal", "side": "bottom", "typeFirst": 16, "typeLast": 16}], "topMargin": 0}, {"bottomMargin": 0, "componentId": {"label": "Column: P01C06", "value": "P01C06"}, "leftMargin": 0, "rightMargin": 0, "sensorTypes": [{"customX": "", "customY": "", "position": "L2R", "sensorType": "strainHorizontal", "side": "right", "typeFirst": 17, "typeLast": 18}], "topMargin": 0}, {"bottomMargin": 0, "componentId": {"label": "Crosshead: P01CR03", "value": "P01CR03"}, "leftMargin": 0, "rightMargin": 0, "sensorTypes": [{"customX": 1.12, "customY": 0.22, "position": "custom", "sensorType": "rosette", "side": "left", "typeFirst": 19, "typeLast": ""}, {"customX": 0.405, "customY": 0.05, "position": "custom", "sensorType": "strainHorizontal", "side": "left", "typeFirst": 22, "typeLast": 22}], "topMargin": 0}, {"bottomMargin": 0, "componentId": {"label": "Crosshead: P01CR02", "value": "P01CR02"}, "leftMargin": 0, "rightMargin": 0, "sensorTypes": [{"customX": 4.253, "customY": 0.24, "position": "custom", "sensorType": "rosette", "side": "left", "typeFirst": 23, "typeLast": ""}], "topMargin": 0}], "fiberId": "F08"}], "path": "mapping-design"}, "access": [], "metadata": {"browserName": "Netscape", "offset": 600, "onLine": true, "origin": "http://192.168.1.6:8000", "pathName": "/designer/edit/mapping-design/3COL_3501", "referrer": "http://192.168.1.6:8000/designer/edit/bridge-overview/3COL_3501", "selectData": {"classification": {"label": "I-B"}, "componentTypes": [{"structureSubType": {"label": "I-A"}, "structureType": {"label": "Girder"}}, {"structureSubType": {"label": "I-B"}, "structureType": {"label": "Girder"}}, {"structureSubType": {"label": "I-C"}, "structureType": {"label": "Pier"}}, {"structureSubType": {"label": "I-C"}, "structureType": {"label": "Pier Column"}}, {"structureSubType": {"label": "I-C"}, "structureType": {"label": "Pier Crosshead"}}, {"structureSubType": {"label": "I-C"}, "structureType": {"label": "Abutment"}}, {"structureSubType": {"label": "I-C"}, "structureType": {"label": "Pier Column"}}, {"structureSubType": {"label": "I-C"}, "structureType": {"label": "Pier Column"}}, {"structureSubType": {"label": "I-C"}, "structureType": {"label": "Pier Crosshead"}}], "fiberType": {"data": {"id": "41200256"}}, "fibers": [{"fiberComponent": [{"sensorTypes": [{"position": {"label": "Specify X/Y"}, "sensorType": {"label": "Rosette"}, "side": {"label": "Web Up"}}, {"position": {"label": "Right to Left - Girder"}, "sensorType": {"label": "Strain - Horizontal"}, "side": {"label": "Top"}}]}, {"sensorTypes": [{"position": {"label": "Right to Left - Girder"}, "sensorType": {"label": "Strain - Horizontal"}, "side": {"label": "Top"}}]}, {"sensorTypes": [{"position": {"label": "Right to Left - Girder"}, "sensorType": {"label": "Strain - Horizontal"}, "side": {"label": "Top"}}, {"position": {"label": "Specify X/Y"}, "sensorType": {"label": "Rosette"}, "side": {"label": "Web Down"}}]}]}, {"fiberComponent": [{"sensorTypes": [{"position": {"label": "Specify X/Y"}, "sensorType": {"label": "Rosette"}, "side": {"label": "Up"}}, {"position": {"label": "Right to Left - Girder"}, "sensorType": {"label": "Strain - Horizontal"}, "side": {"label": "Up"}}, {"position": {"label": "Left to Right - Girder"}, "sensorType": {"label": "Strain - Horizontal"}, "side": {"label": "Down"}}]}, {"sensorTypes": [{"position": {"label": "Top to Bottom - Column"}, "sensorType": {"label": "Strain - Vertical"}, "side": {"label": "Left"}}]}, {"sensorTypes": [{"position": {"label": "Right to Left - Girder"}, "sensorType": {"label": "Strain - Horizontal"}, "side": {"label": "Down"}}, {"position": {"label": "Left to Right - Girder"}, "sensorType": {"label": "Strain - Horizontal"}, "side": {"label": "Down"}}, {"position": {"label": "Specify X/Y"}, "sensorType": {"label": "Rosette"}, "side": {"label": "Down"}}]}]}, {"fiberComponent": [{"sensorTypes": [{"position": {"label": "Specify X/Y"}, "sensorType": {"label": "Rosette"}, "side": {"label": "Up"}}, {"position": {"label": "Right to Left - Girder"}, "sensorType": {"label": "Strain - Horizontal"}, "side": {"label": "Up"}}, {"position": {"label": "Left to Right - Girder"}, "sensorType": {"label": "Strain - Horizontal"}, "side": {"label": "Down"}}, {"position": {"label": "Top to Bottom - Column"}, "sensorType": {"label": "Strain - Vertical"}, "side": {"label": "Web Down"}}]}, {"sensorTypes": [{"position": {"label": "Top to Bottom - Column"}, "sensorType": {"label": "Strain - Vertical"}, "side": {"label": "Left"}}]}, {"sensorTypes": [{"position": {"label": "Right to Left - Girder"}, "sensorType": {"label": "Strain - Horizontal"}, "side": {"label": "Down"}}, {"position": {"label": "Left to Right - Girder"}, "sensorType": {"label": "Strain - Horizontal"}, "side": {"label": "Down"}}, {"position": {"label": "Specify X/Y"}, "sensorType": {"label": "Rosette"}, "side": {"label": "Down"}}]}]}, {"fiberComponent": [{"sensorTypes": [{"position": {"label": "Specify X/Y"}, "sensorType": {"label": "Rosette"}, "side": {"label": "Web Up"}}, {"position": {"label": "Right to Left - Girder"}, "sensorType": {"label": "Strain - Horizontal"}, "side": {"label": "Top"}}]}, {"sensorTypes": [{"position": {"label": "Right to Left - Girder"}, "sensorType": {"label": "Strain - Horizontal"}, "side": {"label": "Top"}}, {"position": {"label": "Top to Bottom - Column"}, "sensorType": {"label": "Strain - Vertical"}, "side": {"label": "Web Down"}}]}, {"sensorTypes": [{"position": {"label": "Right to Left - Girder"}, "sensorType": {"label": "Strain - Horizontal"}, "side": {"label": "Top"}}, {"position": {"label": "Specify X/Y"}, "sensorType": {"label": "Rosette"}, "side": {"label": "Web Down"}}]}]}, {"fiberComponent": [{"sensorTypes": [{"position": {"label": "Specify X/Y"}, "sensorType": {"label": "Rosette"}, "side": {"label": "Up"}}, {"position": {"label": "Right to Left - Girder"}, "sensorType": {"label": "Strain - Horizontal"}, "side": {"label": "Up"}}, {"position": {"label": "Left to Right - Girder"}, "sensorType": {"label": "Strain - Horizontal"}, "side": {"label": "Down"}}, {"position": {"label": "Top to Bottom - Column"}, "sensorType": {"label": "Strain - Vertical"}, "side": {"label": "Web Down"}}]}, {"sensorTypes": [{"position": {"label": "Top to Bottom - Column"}, "sensorType": {"label": "Strain - Vertical"}, "side": {"label": "Left"}}]}, {"sensorTypes": [{"position": {"label": "Right to Left - Girder"}, "sensorType": {"label": "Strain - Horizontal"}, "side": {"label": "Down"}}, {"position": {"label": "Left to Right - Girder"}, "sensorType": {"label": "Strain - Horizontal"}, "side": {"label": "Down"}}, {"position": {"label": "Specify X/Y"}, "sensorType": {"label": "Rosette"}, "side": {"label": "Down"}}]}]}, {"fiberComponent": [{"sensorTypes": [{"position": {"label": "Specify X/Y"}, "sensorType": {"label": "Rosette"}, "side": {"label": "Up"}}, {"position": {"label": "Right to Left - Girder"}, "sensorType": {"label": "Strain - Horizontal"}, "side": {"label": "Up"}}, {"position": {"label": "Left to Right - Girder"}, "sensorType": {"label": "Strain - Horizontal"}, "side": {"label": "Down"}}]}, {"sensorTypes": [{"position": {"label": "Top to Bottom - Column"}, "sensorType": {"label": "Strain - Vertical"}, "side": {"label": "Left"}}]}, {"sensorTypes": [{"position": {"label": "Right to Left - Girder"}, "sensorType": {"label": "Strain - Horizontal"}, "side": {"label": "Down"}}, {"position": {"label": "Left to Right - Girder"}, "sensorType": {"label": "Strain - Horizontal"}, "side": {"label": "Down"}}, {"position": {"label": "Specify X/Y"}, "sensorType": {"label": "Rosette"}, "side": {"label": "Down"}}]}]}, {"fiberComponent": [{"sensorTypes": [{"position": {"label": "Specify X/Y"}, "sensorType": {"label": "Rosette"}, "side": {"label": "Web Up"}}, {"position": {"label": "Right to Left - Girder"}, "sensorType": {"label": "Strain - Horizontal"}, "side": {"label": "Top"}}]}, {"sensorTypes": [{"position": {"label": "Left to Right - Girder"}, "sensorType": {"label": "Strain - Horizontal"}, "side": {"label": "Top"}}]}, {"sensorTypes": [{"position": {"label": "Right to Left - Girder"}, "sensorType": {"label": "Strain - Horizontal"}, "side": {"label": "Top"}}, {"position": {"label": "Specify X/Y"}, "sensorType": {"label": "Rosette"}, "side": {"label": "Web Down"}}]}]}, {"fiberComponent": [{"sensorTypes": [{"position": {"label": "Specify X/Y"}, "sensorType": {"label": "Rosette"}, "side": {"label": "Left"}}, {"position": {"label": "Top to Bottom - Column"}, "sensorType": {"label": "Strain - Vertical"}, "side": {"label": "Web Down"}}]}, {"sensorTypes": [{"position": {"label": "Specify X/Y"}, "sensorType": {"label": "Strain - Horizontal"}, "side": {"label": "Left"}}, {"position": {"label": "Specify X/Y"}, "sensorType": {"label": "Rosette"}, "side": {"label": "Left"}}]}, {"sensorTypes": [{"position": {"label": "Left to Right - Girder"}, "sensorType": {"label": "Strain - Horizontal"}, "side": {"label": "Left"}}]}, {"sensorTypes": [{"position": {"label": "Right to Left - Girder"}, "sensorType": {"label": "Strain - Horizontal"}, "side": {"label": "Bottom"}}]}, {"sensorTypes": [{"position": {"label": "Left to Right - Girder"}, "sensorType": {"label": "Strain - Horizontal"}, "side": {"label": "Left"}}]}, {"sensorTypes": [{"position": {"label": "Specify X/Y"}, "sensorType": {"label": "Strain - Horizontal"}, "side": {"label": "Bottom"}}]}, {"sensorTypes": [{"position": {"label": "Left to Right - Girder"}, "sensorType": {"label": "Strain - Horizontal"}, "side": {"label": "Right"}}]}, {"sensorTypes": [{"position": {"label": "Specify X/Y"}, "sensorType": {"label": "Strain - Horizontal"}, "side": {"label": "Bottom"}}]}, {"sensorTypes": [{"position": {"label": "Left to Right - Girder"}, "sensorType": {"label": "Strain - Horizontal"}, "side": {"label": "Right"}}]}, {"sensorTypes": [{"position": {"label": "Specify X/Y"}, "sensorType": {"label": "Rosette"}, "side": {"label": "Left"}}, {"position": {"label": "Specify X/Y"}, "sensorType": {"label": "Strain - Horizontal"}, "side": {"label": "Left"}}]}, {"sensorTypes": [{"position": {"label": "Specify X/Y"}, "sensorType": {"label": "Rosette"}, "side": {"label": "Left"}}]}]}], "jinja_template": {"label": "V2.1"}, "lanes": [{"laneType": {"label": "Shoulder"}, "lane_direction": {"label": "Middle"}}, {"laneType": {"label": "Traffic"}, "lane_direction": {"label": "Left to Right"}}, {"laneType": {"label": "Median"}, "lane_direction": {"label": "Middle"}}, {"laneType": {"label": "Traffic"}, "lane_direction": {"label": "Right to Left"}}, {"laneType": {"label": "Shoulder"}, "lane_direction": {"label": "Middle"}}]}, "timezone": "Australia/Melbourne", "userAgent": "Mozilla/5.0 (Macintosh; Intel Mac OS X 10_15_7) AppleWebKit/537.36 (KHTML, like Gecko) Chrome/102.0.5005.61 Safari/537.36"}, "form": "62f5cc9a54d20a15d5e4c000", "externalIds": [], "created": "2022-08-12T03:44:36.272Z", "modified": "2022-08-12T06:08:41.764Z"}