{"_id": "62f5cca454d20afca7e4c00e", "owner": "627ddf364022c591c1b05f1b", "roles": [], "data": {"eloque_id": "AU-03HES-BR3604", "bridge_name": "Hesse", "asset_id": "3HES_SN3604", "sharepoint_name": "3HES-3604", "structure_id": "SN3604", "classification": ["I-A", "I-A"], "save-excel": false, "update-as-design": false, "update-metadata": false, "jinja_template": "", "lock-configuration": false, "coordinates_latitude": "-38.08211", "coordinates_longitude": "143.86957", "totalSpans": "", "totalGirders": "", "totalPiers": "", "totalPierCrossheads": "", "totalPierColumns": "", "totalTransverseLanes": "", "totalLanes": "", "fiberType": "", "totalFibers": "", "path": "mapping-design"}, "access": [], "form": "62f5cc9a54d20a15d5e4c000", "externalIds": [], "created": "2022-08-12T03:44:36.532Z", "modified": "2022-08-12T06:08:46.102Z"}