{"_id": "62f5ccac54d20a014ce4c02c", "type": "resource", "tags": ["common", "clone-form", "clone-submissions"], "owner": "627ddf364022c591c1b05f1b", "components": [{"clearOnHide": false, "label": "Columns", "input": false, "tableView": false, "key": "columns", "columns": [{"components": [], "width": 6, "offset": 0, "push": 0, "pull": 0}, {"components": [], "width": 6, "offset": 0, "push": 0, "pull": 0}], "type": "columns", "tags": [], "conditional": {"show": "", "when": null, "eq": ""}, "properties": {}, "hideLabel": true}, {"clearOnHide": false, "key": "panel", "input": false, "title": "Definition", "theme": "default", "tableView": false, "components": [{"clearOnHide": false, "label": "Columns", "input": false, "tableView": false, "key": "panelColumns", "columns": [{"components": [{"autofocus": false, "input": true, "tableView": true, "inputType": "text", "inputMask": "", "label": "ID", "key": "id", "placeholder": "", "prefix": "", "suffix": "", "multiple": false, "defaultValue": "", "protected": false, "unique": true, "persistent": true, "hidden": false, "clearOnHide": false, "spellcheck": false, "validate": {"required": true, "minLength": "", "maxLength": "", "pattern": "", "custom": "", "customPrivate": false}, "conditional": {"show": "", "when": null, "eq": ""}, "type": "textfield", "labelPosition": "top", "inputFormat": "plain", "tags": [], "properties": {}, "tooltip": "Unique Name used to link template to application form based on usage"}, {"autofocus": false, "input": true, "tableView": false, "inputType": "radio", "label": "Template Use", "key": "templateUse", "values": [{"value": "jinja", "label": "Jinja", "shortcut": ""}, {"value": "html", "label": "HTML", "shortcut": ""}], "defaultValue": "", "protected": false, "fieldSet": false, "persistent": true, "hidden": false, "clearOnHide": false, "validate": {"required": false, "custom": "", "customPrivate": false}, "type": "radio", "labelPosition": "top", "optionsLabelPosition": "right", "tags": [], "conditional": {"show": "", "when": null, "eq": ""}, "properties": {}, "inline": true, "labelWidth": 30, "labelMargin": 3, "lockKey": true}], "width": 6, "offset": 0, "push": 0, "pull": 0}, {"components": [{"autofocus": false, "input": true, "tableView": true, "inputType": "text", "inputMask": "", "label": "Description", "key": "description", "placeholder": "", "prefix": "", "suffix": "", "multiple": false, "defaultValue": "", "protected": false, "unique": false, "persistent": true, "hidden": false, "clearOnHide": false, "spellcheck": false, "validate": {"required": true, "minLength": "", "maxLength": "", "pattern": "", "custom": "", "customPrivate": false}, "conditional": {"show": "", "when": null, "eq": ""}, "type": "textfield", "labelPosition": "top", "inputFormat": "plain", "tags": [], "properties": {}}, {"autofocus": false, "input": true, "inputType": "checkbox", "tableView": false, "label": "Show Preview", "dataGridLabel": false, "key": "showPreview", "defaultValue": false, "protected": false, "persistent": true, "hidden": false, "name": "", "value": "", "clearOnHide": false, "validate": {"required": false}, "type": "checkbox", "labelPosition": "right", "hideLabel": false, "tags": [], "conditional": {"show": "", "when": null, "eq": ""}, "properties": {}, "lockKey": true, "isNew": false}, {"autofocus": false, "input": true, "inputType": "checkbox", "tableView": false, "label": "Show Content", "dataGridLabel": false, "key": "showContent", "defaultValue": false, "protected": false, "persistent": true, "hidden": false, "name": "", "value": "", "clearOnHide": false, "validate": {"required": false}, "type": "checkbox", "labelPosition": "right", "hideLabel": false, "tags": [], "conditional": {"show": "", "when": null, "eq": ""}, "properties": {}, "lockKey": true, "isNew": false}], "width": 6, "offset": 0, "push": 0, "pull": 0}], "type": "columns", "hideLabel": true, "tags": [], "conditional": {"show": "", "when": null, "eq": ""}, "properties": {}}, {"clearOnHide": false, "label": "Columns", "input": false, "tableView": false, "key": "panelColumns2", "columns": [{"components": [{"autofocus": false, "input": true, "tableView": false, "inputType": "text", "inputMask": "", "label": "Version", "key": "_version", "placeholder": "", "prefix": "", "suffix": "", "multiple": false, "defaultValue": "0", "protected": false, "unique": false, "persistent": true, "hidden": true, "clearOnHide": false, "spellcheck": false, "validate": {"required": false, "minLength": "", "maxLength": "", "pattern": "", "custom": "", "customPrivate": false}, "conditional": {"show": "", "when": null, "eq": ""}, "type": "textfield", "labelPosition": "top", "inputFormat": "plain", "tags": [], "properties": {}, "lockKey": true}], "width": 6, "offset": 0, "push": 0, "pull": 0}, {"components": [{"autofocus": false, "input": true, "tableView": false, "inputType": "text", "inputMask": "", "label": "Form Version", "key": "_form_version", "placeholder": "", "prefix": "", "suffix": "", "multiple": false, "defaultValue": "", "protected": false, "unique": false, "persistent": true, "hidden": true, "clearOnHide": false, "spellcheck": false, "validate": {"required": false, "minLength": "", "maxLength": "", "pattern": "", "custom": "", "customPrivate": false}, "conditional": {"show": "", "when": null, "eq": ""}, "type": "textfield", "labelPosition": "top", "inputFormat": "plain", "tags": [], "properties": {}, "lockKey": true}], "width": 6, "offset": 0, "push": 0, "pull": 0}], "type": "columns", "hideLabel": true, "tags": [], "conditional": {"show": "", "when": null, "eq": ""}, "properties": {}}], "type": "panel", "breadcrumb": "default", "hideLabel": false, "tags": [], "conditional": {"show": "", "when": null, "eq": ""}, "properties": {}}, {"clearOnHide": false, "key": "panel2", "input": false, "title": "Content", "theme": "default", "tableView": false, "components": [{"clearOnHide": false, "label": "Columns", "input": false, "tableView": false, "key": "panelColumns3", "columns": [{"components": [{"autofocus": false, "input": true, "tableView": true, "label": "Parent Form", "key": "parent_form", "placeholder": "", "data": {"values": [{"value": "", "label": ""}], "json": "", "url": "../../../../form/app-forms/submission", "resource": "6281b9e5354a3cd6d82c58c5", "custom": "", "headers": [{"value": "", "key": ""}]}, "dataSrc": "url", "valueProperty": "data.id", "defaultValue": "", "refreshOn": "", "filter": "", "authenticate": false, "template": "<span>{{ item.data.id }} - {{ item.data.description }}</span>", "multiple": false, "protected": false, "unique": false, "persistent": true, "hidden": false, "clearOnHide": false, "validate": {"required": true}, "type": "select", "labelPosition": "top", "tags": [], "conditional": {"show": "true", "when": "templateUse", "eq": "jinja"}, "properties": {}, "searchField": "data.id__regex", "lockKey": true}], "width": 6, "offset": 0, "push": 0, "pull": 0}, {"components": [{"autofocus": false, "input": true, "tableView": true, "label": "Application Function", "key": "application_function", "placeholder": "", "data": {"values": [{"value": "json", "label": "JSON"}, {"value": "layout", "label": "Layout"}, {"value": "rcs", "label": "Remote Content Server"}, {"value": "dis", "label": "DIS"}, {"value": "", "label": "Other"}], "json": "", "url": "", "resource": "", "custom": ""}, "dataSrc": "values", "valueProperty": "", "defaultValue": "", "refreshOn": "", "filter": "", "authenticate": false, "template": "<span>{{ item.label }}</span>", "multiple": false, "protected": false, "unique": false, "persistent": true, "hidden": false, "clearOnHide": false, "validate": {"required": true}, "type": "select", "labelPosition": "top", "tags": [], "conditional": {"show": "true", "when": "templateUse", "eq": "jinja"}, "properties": {}, "lockKey": true}], "width": 6, "offset": 0, "push": 0, "pull": 0}], "type": "columns", "tags": [], "conditional": {"show": "true", "when": "templateUse", "eq": "jinja"}, "properties": {}, "hideLabel": true}, {"autofocus": false, "input": true, "tableView": false, "label": "HTML Editor", "key": "html_editor", "placeholder": "", "prefix": "", "suffix": "", "rows": 11, "multiple": false, "defaultValue": "", "protected": false, "persistent": true, "hidden": false, "wysiwyg": {"toolbarGroups": [{"name": "basicstyles", "groups": ["basicstyles", "cleanup"]}, {"name": "paragraph", "groups": ["list", "indent", "blocks", "align", "bidi", "paragraph", "-", "JustifyLeft", "JustifyCenter", "JustifyRight", "JustifyBlock"]}, {"name": "links", "groups": ["links"]}, {"name": "insert", "groups": ["insert"]}, "/", {"name": "styles", "groups": ["Styles", "Format", "Font", "FontSize"]}, {"name": "colors", "groups": ["colors"]}, {"name": "clipboard", "groups": ["clipboard", "undo"]}, {"name": "editing", "groups": ["find", "selection", "spellchecker", "editing"]}, {"name": "document", "groups": ["mode", "document", "doctools"]}, {"name": "others", "groups": ["others"]}, {"name": "tools", "groups": ["tools"]}], "removeButtons": "Cut,Copy,Paste,Underline,Subscript,Superscript,Scayt,About", "uiColor": "#eeeeee", "height": "400px", "width": "100%", "disableNativeSpellChecker": true}, "clearOnHide": false, "spellcheck": false, "validate": {"required": false, "minLength": "", "maxLength": "", "pattern": "", "custom": ""}, "type": "textarea", "labelPosition": "top", "inputFormat": "plain", "tags": [], "conditional": {"show": "true", "when": "templateUse", "eq": "html"}, "properties": {}, "lockKey": true, "calculateValue": ""}, {"autofocus": false, "input": true, "tableView": false, "label": "Template Editor", "key": "template_editor", "placeholder": "", "prefix": "", "suffix": "", "rows": 11, "multiple": false, "defaultValue": "", "protected": false, "persistent": true, "hidden": false, "wysiwyg": false, "clearOnHide": false, "spellcheck": false, "validate": {"required": false, "minLength": "", "maxLength": "", "pattern": "", "custom": ""}, "type": "textarea", "labelPosition": "top", "inputFormat": "plain", "tags": [], "conditional": {"show": "true", "when": "templateUse", "eq": "jinja"}, "properties": {}, "lockKey": true, "calculateValue": ""}], "type": "panel", "breadcrumb": "default", "hideLabel": false, "tags": [], "conditional": {"show": "", "when": null, "eq": ""}, "properties": {}}, {"clearOnHide": false, "key": "panel3", "input": false, "title": "Details", "theme": "default", "tableView": false, "components": [{"autofocus": false, "input": true, "tableView": false, "label": "Document Content", "key": "document_content", "placeholder": "", "prefix": "", "suffix": "", "rows": 3, "multiple": false, "defaultValue": "", "protected": false, "persistent": true, "hidden": false, "wysiwyg": false, "clearOnHide": false, "spellcheck": false, "validate": {"required": false, "minLength": "", "maxLength": "", "pattern": "", "custom": ""}, "type": "textarea", "labelPosition": "top", "inputFormat": "plain", "tags": [], "conditional": {"show": "true", "when": "showContent", "eq": "true"}, "properties": {}, "lockKey": true, "calculateValue": "if (data.templateUse == 'html') {\n    value = data.html_editor;\n} else {\n    value = data.template_editor;\n}", "disabled": true}, {"autofocus": false, "input": true, "tableView": false, "label": "Preview", "key": "textArea", "placeholder": "", "prefix": "", "suffix": "", "rows": 3, "multiple": false, "defaultValue": "", "protected": false, "persistent": false, "hidden": false, "wysiwyg": false, "clearOnHide": false, "spellcheck": false, "validate": {"required": false, "minLength": "", "maxLength": "", "pattern": "", "custom": ""}, "type": "textarea", "labelPosition": "top", "inputFormat": "html", "tags": [], "conditional": {"show": "true", "when": "showPreview", "eq": "true"}, "properties": {}, "calculateValue": "value = data.document_content;", "disabled": true, "hideLabel": false}], "type": "panel", "breadcrumb": "default", "hideLabel": false, "tags": [], "conditional": {"show": "", "when": null, "eq": ""}, "properties": {}, "customConditional": ""}, {"clearOnHide": false, "label": "Columns", "input": false, "tableView": false, "key": "columns2", "columns": [{"components": [], "width": 8, "offset": 0, "push": 0, "pull": 0}, {"components": [{"autofocus": false, "input": true, "label": "Cancel", "tableView": false, "key": "submit2", "size": "md", "leftIcon": "", "rightIcon": "", "block": true, "action": "custom", "disableOnInvalid": false, "theme": "info", "type": "button", "tags": [], "conditional": {"show": "", "when": null, "eq": ""}, "properties": {}, "custom": "window.close();"}], "width": 2, "offset": 0, "push": 0, "pull": 0}, {"components": [{"autofocus": false, "input": true, "label": "Save", "tableView": false, "key": "submit", "size": "md", "leftIcon": "", "rightIcon": "", "block": true, "action": "custom", "disableOnInvalid": false, "theme": "success", "type": "button", "tags": [], "conditional": {"show": "", "when": null, "eq": ""}, "properties": {}, "custom": "data._version = parseInt(data._version) + 1\nform.submit();\nwindow.close();"}], "width": 2, "offset": 0, "push": 0, "pull": 0}], "type": "columns", "hideLabel": true, "tags": [], "conditional": {"show": "", "when": null, "eq": ""}, "properties": {}}], "display": "form", "submissionAccess": [{"roles": ["627ddf364022c52b7eb05f0e"], "type": "create_own"}, {"roles": ["627ddf364022c52b7eb05f0e"], "type": "read_own"}, {"roles": ["627ddf364022c52b7eb05f0e"], "type": "update_own"}, {"roles": ["627ddf364022c52b7eb05f0e"], "type": "delete_own"}], "title": "Documents - HTML and Template", "name": "documentsHtmlAndTemplate", "path": "documents", "access": [{"roles": ["627ddf364022c583b1b05f0d", "627ddf364022c52b7eb05f0e", "627ddf364022c5eb1bb05f0f"], "type": "read_all"}], "created": "2022-05-22T23:12:15.460Z", "modified": "2022-08-18T06:14:29.674Z", "machineName": "ops-portal-templates.0.5.0"}