{"_id": "62f5ccac54d20a2975e4c025", "type": "form", "tags": ["common", "clone-form"], "owner": "627ddf364022c591c1b05f1b", "components": [{"clearOnHide": false, "key": "panelPanel", "input": false, "title": "Action", "theme": "default", "tableView": false, "components": [{"clearOnHide": false, "label": "Columns", "input": false, "tableView": false, "key": "panelPanelColumns", "columns": [{"components": [{"autofocus": false, "input": true, "tableView": true, "inputType": "text", "inputMask": "", "label": "User", "key": "promoteUser", "placeholder": "", "prefix": "", "suffix": "", "multiple": false, "defaultValue": "", "protected": false, "unique": false, "persistent": true, "hidden": false, "clearOnHide": false, "spellcheck": false, "validate": {"required": false, "minLength": "", "maxLength": "", "pattern": "", "custom": "", "customPrivate": false}, "conditional": {"show": "", "when": null, "eq": ""}, "type": "textfield", "labelPosition": "top", "inputFormat": "plain", "tags": [], "properties": {}, "lockKey": true, "disabled": false}, {"autofocus": false, "input": true, "tableView": true, "label": "Promote Date/Time", "key": "promoteDateTime", "placeholder": "", "format": "yyyy-MM-dd hh:mm a", "enableDate": true, "enableTime": true, "defaultDate": "", "datepickerMode": "day", "datePicker": {"showWeeks": true, "startingDay": 0, "initDate": "", "minMode": "day", "maxMode": "year", "yearRows": 4, "yearColumns": 5, "minDate": null, "maxDate": null, "datepickerMode": "day"}, "timePicker": {"hourStep": 1, "minuteStep": 1, "showMeridian": true, "readonlyInput": false, "mousewheel": true, "arrowkeys": true}, "protected": false, "persistent": true, "hidden": false, "clearOnHide": false, "validate": {"required": false, "custom": ""}, "type": "datetime", "labelPosition": "top", "tags": [], "conditional": {"show": "", "when": null, "eq": ""}, "properties": {}, "disabled": false, "lockKey": true}, {"autofocus": false, "input": true, "tableView": true, "label": "Form Path", "key": "path", "placeholder": "", "data": {"values": [{"value": "", "label": ""}], "json": "", "url": "", "resource": "6281b9e5354a3cd6d82c58c5", "custom": ""}, "dataSrc": "resource", "valueProperty": "data.id", "defaultValue": "", "refreshOn": "", "filter": "", "authenticate": false, "template": "<span>{{ item.data.id }}</span>", "multiple": false, "protected": false, "unique": false, "persistent": true, "hidden": false, "clearOnHide": false, "validate": {"required": false}, "type": "select", "labelPosition": "top", "tags": [], "conditional": {"show": "", "when": null, "eq": ""}, "properties": {}, "lockKey": true, "searchField": "data.id__regex"}, {"autofocus": false, "input": true, "tableView": true, "label": "Promote From Host", "key": "promote_from_host", "placeholder": "", "data": {"values": [{"value": "", "label": ""}], "json": "", "url": "", "resource": "6281b426354a3cb2f42c58c0", "custom": ""}, "dataSrc": "resource", "valueProperty": "data.id", "defaultValue": "", "refreshOn": "", "filter": "", "authenticate": false, "template": "<span>{{ item.data.id }}</span>", "multiple": false, "protected": false, "unique": false, "persistent": true, "hidden": false, "clearOnHide": false, "validate": {"required": true}, "type": "select", "labelPosition": "top", "tags": [], "conditional": {"show": "", "when": null, "eq": ""}, "properties": {}, "lockKey": true, "searchField": "item.id__regex", "reference": false}, {"autofocus": false, "input": true, "tableView": true, "label": "Promote To Host", "key": "promote_to_host", "placeholder": "", "data": {"values": [{"value": "", "label": ""}], "json": "", "url": "", "resource": "6281b426354a3cb2f42c58c0", "custom": ""}, "dataSrc": "resource", "valueProperty": "data.id", "defaultValue": "", "refreshOn": "", "filter": "", "authenticate": false, "template": "<span>{{ item.data.id }}</span>", "multiple": false, "protected": false, "unique": false, "persistent": true, "hidden": false, "clearOnHide": false, "validate": {"required": true}, "type": "select", "labelPosition": "top", "tags": [], "conditional": {"show": "", "when": null, "eq": ""}, "properties": {}, "searchField": "item.id__regex", "lockKey": true, "reference": false}, {"autofocus": false, "input": true, "tableView": true, "inputType": "text", "inputMask": "", "label": "Description", "key": "description", "placeholder": "", "prefix": "", "suffix": "", "multiple": false, "defaultValue": "", "protected": false, "unique": false, "persistent": true, "hidden": false, "clearOnHide": false, "spellcheck": false, "validate": {"required": false, "minLength": "", "maxLength": "", "pattern": "", "custom": "", "customPrivate": false}, "conditional": {"show": "", "when": null, "eq": ""}, "type": "textfield", "labelPosition": "top", "inputFormat": "plain", "tags": [], "properties": {}, "lockKey": true}, {"autofocus": false, "input": true, "tableView": true, "inputType": "text", "inputMask": "", "label": "Version", "key": "version", "placeholder": "", "prefix": "", "suffix": "", "multiple": false, "defaultValue": "", "protected": false, "unique": false, "persistent": true, "hidden": false, "clearOnHide": false, "spellcheck": false, "validate": {"required": false, "minLength": "", "maxLength": "", "pattern": "", "custom": "", "customPrivate": false}, "conditional": {"show": "", "when": null, "eq": ""}, "type": "textfield", "labelPosition": "top", "inputFormat": "plain", "tags": [], "properties": {}, "lockKey": true}, {"autofocus": false, "input": true, "tableView": true, "inputType": "text", "inputMask": "", "label": "Promote Type", "key": "promote_type", "placeholder": "", "prefix": "", "suffix": "", "multiple": false, "defaultValue": "", "protected": false, "unique": false, "persistent": true, "hidden": false, "clearOnHide": false, "spellcheck": false, "validate": {"required": false, "minLength": "", "maxLength": "", "pattern": "", "custom": "", "customPrivate": false}, "conditional": {"show": "", "when": null, "eq": ""}, "type": "textfield", "labelPosition": "top", "inputFormat": "plain", "tags": [], "properties": {}, "lockKey": true}, {"autofocus": false, "input": true, "tableView": true, "inputType": "text", "inputMask": "", "label": "Key Value", "key": "key_value", "placeholder": "", "prefix": "", "suffix": "", "multiple": false, "defaultValue": "", "protected": false, "unique": false, "persistent": true, "hidden": false, "clearOnHide": false, "spellcheck": false, "validate": {"required": false, "minLength": "", "maxLength": "", "pattern": "", "custom": "", "customPrivate": false}, "conditional": {"show": "", "when": null, "eq": ""}, "type": "textfield", "labelPosition": "top", "inputFormat": "plain", "tags": [], "properties": {}, "lockKey": true}], "width": 6, "offset": 0, "push": 0, "pull": 0}, {"components": [], "width": 6, "offset": 0, "push": 0, "pull": 0}], "type": "columns", "hideLabel": true, "tags": [], "conditional": {"show": "", "when": null, "eq": ""}, "properties": {}}], "type": "panel", "breadcrumb": "default", "tags": [], "conditional": {"show": "", "when": "update_version", "eq": ""}, "properties": {}, "hideLabel": false}], "display": "form", "submissionAccess": [{"roles": ["627ddf364022c52b7eb05f0e"], "type": "create_own"}, {"roles": ["627ddf364022c52b7eb05f0e"], "type": "read_own"}, {"roles": ["627ddf364022c52b7eb05f0e"], "type": "update_own"}, {"roles": ["627ddf364022c52b7eb05f0e"], "type": "delete_own"}], "title": "Form Promote", "name": "formPromote", "path": "form-promote", "access": [{"roles": ["627ddf364022c583b1b05f0d", "627ddf364022c52b7eb05f0e", "627ddf364022c5eb1bb05f0f"], "type": "read_all"}], "created": "2022-05-16T03:00:47.664Z", "modified": "2022-08-12T06:08:55.790Z", "machineName": "form-promote.0.3.0"}