{"_id": "62f5cc9a54d20a15d5e4c000", "type": "form", "tags": ["common", "initial-mapping", "tools", "latest", "clone-form", "clone-submissions"], "owner": "627ddf364022c591c1b05f1b", "components": [{"clearOnHide": false, "key": "panel", "input": false, "title": "General Information", "theme": "default", "tableView": false, "components": [{"clearOnHide": false, "label": "Columns", "input": false, "tableView": false, "key": "columns3", "columns": [{"components": [{"autofocus": false, "input": true, "tableView": true, "inputType": "text", "inputMask": "", "label": "Eloque ID", "key": "eloque_id", "placeholder": "", "prefix": "", "suffix": "", "multiple": false, "defaultValue": "", "protected": false, "unique": false, "persistent": true, "hidden": false, "clearOnHide": true, "spellcheck": true, "validate": {"required": true, "minLength": "", "maxLength": "", "pattern": "", "custom": "", "customPrivate": false}, "conditional": {"show": "", "when": null, "eq": ""}, "type": "textfield", "labelPosition": "top", "inputFormat": "plain", "tags": [], "properties": {}, "lockKey": true, "disabled": true}, {"autofocus": false, "input": true, "tableView": true, "inputType": "text", "inputMask": "", "label": "Bridge Name", "key": "bridge_name", "placeholder": "", "prefix": "", "suffix": "", "multiple": false, "defaultValue": "", "protected": false, "unique": false, "persistent": true, "hidden": false, "clearOnHide": true, "spellcheck": true, "validate": {"required": true, "minLength": "", "maxLength": "", "pattern": "", "custom": "", "customPrivate": false}, "conditional": {"show": "", "when": null, "eq": ""}, "type": "textfield", "labelPosition": "top", "inputFormat": "plain", "tags": [], "properties": {}, "lockKey": true}, {"autofocus": false, "input": true, "tableView": false, "inputType": "text", "inputMask": "", "label": "Asset ID", "key": "asset_id", "placeholder": "", "prefix": "", "suffix": "", "multiple": false, "defaultValue": "", "protected": false, "unique": false, "persistent": true, "hidden": false, "clearOnHide": false, "spellcheck": false, "validate": {"required": true, "minLength": "", "maxLength": "", "pattern": "", "custom": "", "customPrivate": false}, "conditional": {"show": "", "when": null, "eq": ""}, "type": "textfield", "labelPosition": "top", "inputFormat": "plain", "tags": [], "properties": {}, "lockKey": true, "tooltip": "This correspons to the bucket in S3 for this asset. Only used to select asset_id in KPI."}, {"autofocus": false, "input": true, "tableView": false, "inputType": "text", "inputMask": "", "label": "Sharepoint Name", "key": "sharepoint_name", "placeholder": "", "prefix": "", "suffix": "", "multiple": false, "defaultValue": "", "protected": false, "unique": false, "persistent": true, "hidden": false, "clearOnHide": false, "spellcheck": false, "validate": {"required": false, "minLength": "", "maxLength": "", "pattern": "", "custom": "", "customPrivate": false}, "conditional": {"show": "", "when": null, "eq": ""}, "type": "textfield", "labelPosition": "top", "inputFormat": "plain", "tags": [], "properties": {}, "lockKey": true, "tooltip": "This corresponds to the top-level Sharepoint folder for all documents on this asset."}], "width": 5, "offset": 0, "push": 0, "pull": 0}, {"components": [{"autofocus": false, "input": true, "tableView": true, "inputType": "text", "inputMask": "", "label": "Structure ID", "key": "structure_id", "placeholder": "", "prefix": "", "suffix": "", "multiple": false, "defaultValue": "", "protected": false, "unique": false, "persistent": true, "hidden": false, "clearOnHide": true, "spellcheck": true, "validate": {"required": true, "minLength": "", "maxLength": "", "pattern": "", "custom": "", "customPrivate": false}, "conditional": {"show": "", "when": null, "eq": ""}, "type": "textfield", "labelPosition": "top", "inputFormat": "plain", "tags": [], "properties": {}, "lockKey": true, "disabled": true}, {"autofocus": false, "input": true, "tableView": true, "label": "Classification", "key": "classification", "placeholder": "", "data": {"values": [{"value": "I-A", "label": "I-A"}, {"value": "I-B", "label": "I-B"}, {"value": "I-C", "label": "I-C"}, {"value": "II", "label": "II"}, {"value": "III", "label": "III"}, {"value": "IV", "label": "IV"}, {"value": "custom", "label": "Custom"}], "json": "", "url": "", "resource": "", "custom": ""}, "dataSrc": "values", "valueProperty": "", "defaultValue": "", "refreshOn": "", "filter": "", "authenticate": false, "template": "<span>{{ item.label }}</span>", "multiple": true, "protected": false, "unique": false, "persistent": true, "hidden": false, "clearOnHide": true, "validate": {"required": true}, "type": "select", "labelPosition": "top", "tags": [], "conditional": {"show": "", "when": null, "eq": ""}, "properties": {}, "lockKey": true}, {"autofocus": false, "input": true, "tableView": false, "inputType": "number", "label": "Version", "key": "_version", "placeholder": "", "prefix": "", "suffix": "", "defaultValue": "0", "protected": false, "persistent": true, "hidden": true, "clearOnHide": false, "validate": {"required": false, "min": "", "max": "", "step": "any", "integer": "", "multiple": "", "custom": ""}, "type": "number", "labelPosition": "top", "tags": [], "conditional": {"show": "", "when": null, "eq": ""}, "properties": {}, "disabled": false, "lockKey": true}, {"autofocus": false, "input": true, "tableView": false, "inputType": "number", "label": "Form Version", "key": "_form_version", "placeholder": "", "prefix": "", "suffix": "", "defaultValue": "0", "protected": false, "persistent": true, "hidden": true, "clearOnHide": false, "validate": {"required": false, "min": "", "max": "", "step": "any", "integer": "", "multiple": "", "custom": ""}, "type": "number", "labelPosition": "top", "tags": [], "conditional": {"show": "", "when": null, "eq": ""}, "properties": {}, "disabled": false, "lockKey": true}], "width": 4, "offset": 0, "push": 0, "pull": 0}, {"components": [{"clearOnHide": false, "key": "columns3Fieldset", "input": false, "tableView": false, "legend": "Actions", "components": [{"autofocus": false, "input": true, "label": "Validate and Save", "tableView": false, "key": "save", "size": "md", "leftIcon": "", "rightIcon": "", "block": true, "action": "custom", "disableOnInvalid": true, "theme": "success", "type": "button", "tags": [], "conditional": {"show": "", "when": null, "eq": ""}, "properties": {}, "lockKey": true, "custom": "data._version = parseInt(data._version) + 1\nform.submit();"}, {"autofocus": false, "input": true, "inputType": "checkbox", "tableView": false, "label": "Save Excel (Update Layout)", "dataGridLabel": false, "key": "save-excel", "defaultValue": false, "protected": false, "persistent": true, "hidden": false, "name": "", "value": "", "clearOnHide": false, "validate": {"required": false}, "type": "checkbox", "labelPosition": "right", "tags": [], "conditional": {"show": "", "when": null, "eq": ""}, "properties": {}, "lockKey": true, "tooltip": "Webhook:\nwebhook/build_layout/mapping-design\nAPIs:\nwebhook_update_metadata(),\nrender -dis template\ntimescale.update\nsave as metadata/...sql", "hideLabel": false}, {"autofocus": false, "input": true, "inputType": "checkbox", "tableView": true, "label": "Update As-Design", "dataGridLabel": false, "key": "update-as-design", "defaultValue": false, "protected": false, "persistent": true, "hidden": false, "name": "", "value": "", "clearOnHide": true, "validate": {"required": false}, "type": "checkbox", "labelPosition": "right", "tags": [], "conditional": {"show": "", "when": null, "eq": ""}, "properties": {}, "lockKey": true, "tooltip": "Webhook: \nwebhook/create_as_design\nAPIs: \nbuild_as_design_data(), \nrender_submission(),  save_submission(),\nupdate_submission()", "hideLabel": false}, {"autofocus": false, "input": true, "inputType": "checkbox", "tableView": true, "label": "Update Metadata", "dataGridLabel": false, "key": "update-metadata", "defaultValue": false, "protected": false, "persistent": true, "hidden": false, "name": "", "value": "", "clearOnHide": true, "validate": {"required": false}, "type": "checkbox", "labelPosition": "right", "tags": [], "conditional": {"show": "", "when": null, "eq": ""}, "properties": {}, "lockKey": true, "tooltip": "Webhook:\nwebhook/update_metadata/mapping-design\nAPIs:\nwebhook_update_metadata(),\nrender -dis template\ntimescale.update\nsave as metadata/...sql", "hideLabel": false}, {"autofocus": false, "input": true, "tableView": true, "label": "JSON Version", "key": "jinja_template", "placeholder": "", "data": {"values": [{"value": "v1.1", "label": "V1.1"}, {"value": "v2.0", "label": "V2.0"}, {"value": "v2.1", "label": "V2.1"}], "json": "", "url": "", "resource": "", "custom": ""}, "dataSrc": "values", "valueProperty": "", "defaultValue": "v2.1", "refreshOn": "", "filter": "", "authenticate": false, "template": "<span>{{ item.label }}</span>", "multiple": false, "protected": false, "unique": false, "persistent": true, "hidden": false, "clearOnHide": true, "validate": {"required": false}, "type": "select", "labelPosition": "left-left", "tags": [], "conditional": {"show": "", "when": null, "eq": ""}, "properties": {}, "lockKey": true, "labelWidth": 30, "labelMargin": 3}, {"autofocus": false, "input": true, "inputType": "checkbox", "tableView": false, "label": "Configuration Locked", "dataGridLabel": false, "key": "lock-configuration", "defaultValue": false, "protected": false, "persistent": true, "hidden": false, "name": "", "value": "", "clearOnHide": false, "validate": {"required": false}, "type": "checkbox", "labelPosition": "right", "tags": [], "conditional": {"show": "", "when": null, "eq": ""}, "properties": {}, "lockKey": true, "hideLabel": false}, {"autofocus": false, "input": true, "label": "Configuration", "tableView": false, "key": "btnConfiguration", "size": "md", "leftIcon": "", "rightIcon": "", "block": true, "action": "custom", "disableOnInvalid": false, "theme": "warning", "type": "button", "tags": [], "conditional": {"show": "true", "when": "lock-configuration", "eq": "false"}, "properties": {}, "custom": "data['display-page']='configuration';\nform.checkData();", "lockKey": true, "tooltip": "Once the 'lock-build' has been set, this button will no longer be visible. Do not change the configuration after a configuration build."}], "type": "fieldset", "hideLabel": false, "tags": [], "conditional": {"show": "", "when": null, "eq": ""}, "properties": {}}], "width": 3, "offset": 0, "push": 0, "pull": 0}], "type": "columns", "tags": [], "conditional": {"show": "", "when": null, "eq": ""}, "properties": {}, "hideLabel": true}, {"clearOnHide": false, "label": "Columns", "input": false, "tableView": false, "key": "columns4", "columns": [{"components": [{"autofocus": false, "input": true, "label": "View Layout", "tableView": false, "key": "columns4ViewSensorLayout2", "size": "md", "leftIcon": "", "rightIcon": "", "block": true, "action": "custom", "disableOnInvalid": false, "theme": "primary", "type": "button", "tags": [], "conditional": {"show": "", "when": null, "eq": ""}, "properties": {}, "headers": [], "url": "http://localhost:8000/panel/action/layout/mapping-design", "custom": "window.open(\"../../view/mapping-design/\" + data.eloque_id, \"layout_md_\" + data.eloque_id).focus();"}], "width": 3, "offset": 0, "push": 0, "pull": 0}, {"components": [{"autofocus": false, "input": true, "label": "Download DIS Excel", "tableView": false, "key": "columns4ViewSensorLayout3", "size": "md", "leftIcon": "", "rightIcon": "", "block": true, "action": "custom", "disableOnInvalid": false, "theme": "primary", "type": "button", "tags": [], "conditional": {"show": "", "when": null, "eq": ""}, "properties": {}, "headers": [], "url": "http://localhost:8000/panel/action/layout/mapping-design", "custom": "window.open(\"../../view_dis/mapping-design/\" + data.eloque_id);"}], "width": 3, "offset": 0, "push": 0, "pull": 0}, {"components": [{"autofocus": false, "input": true, "label": "Map", "tableView": false, "key": "columns3Map", "size": "md", "leftIcon": "", "rightIcon": "", "block": true, "action": "custom", "disableOnInvalid": false, "theme": "info", "type": "button", "tags": [], "conditional": {"show": "", "when": null, "eq": ""}, "properties": {}, "custom": "window.open(\"https://www.google.com/maps/search/?api=1&query=\"+data.coordinates_latitude+\",\" +data.coordinates_longitude, \"_blank\")"}], "width": 2, "offset": 0, "push": 0, "pull": 0}, {"components": [{"autofocus": false, "input": true, "label": "Sharepoint", "tableView": false, "key": "columns3Map2", "size": "md", "leftIcon": "", "rightIcon": "", "block": true, "action": "custom", "disableOnInvalid": false, "theme": "info", "type": "button", "tags": [], "conditional": {"show": "", "when": null, "eq": ""}, "properties": {}, "custom": "window.open(\"https://fihub.sharepoint.com/sites/\" + data.sharepoint_name + \"/Shared%20Documents/Forms/AllItems.aspx\", \"_blank\")"}], "width": 2, "offset": 0, "push": 0, "pull": 0}, {"components": [], "width": 2, "offset": 0, "push": 0, "pull": 0}], "type": "columns", "tags": [], "conditional": {"show": "", "when": null, "eq": ""}, "properties": {}, "hideLabel": true}], "type": "panel", "breadcrumb": "default", "hideLabel": false, "tags": [], "conditional": {"show": "", "when": null, "eq": ""}, "properties": {}}, {"clearOnHide": false, "key": "panel3", "input": false, "title": "Design Steps", "theme": "default", "tableView": false, "components": [{"clearOnHide": false, "label": "Columns", "input": false, "tableView": false, "key": "columns5", "columns": [{"components": [{"autofocus": false, "input": true, "label": "1) Bridge", "tableView": false, "key": "btnBridge", "size": "md", "leftIcon": "", "rightIcon": "", "block": true, "action": "custom", "disableOnInvalid": false, "theme": "primary", "type": "button", "tags": [], "conditional": {"show": "", "when": null, "eq": ""}, "properties": {}, "custom": "data['display-page']='bridge';\nform.checkData();", "lockKey": true}], "width": 3, "offset": 0, "push": 0, "pull": 0}, {"components": [{"autofocus": false, "input": true, "label": "2) Types", "tableView": false, "key": "btnStructure", "size": "md", "leftIcon": "", "rightIcon": "", "block": true, "action": "custom", "disableOnInvalid": false, "theme": "primary", "type": "button", "tags": [], "conditional": {"show": "", "when": null, "eq": ""}, "properties": {}, "custom": "data['display-page']='componentTypes';\nform.checkData();", "lockKey": true}], "width": 3, "offset": 0, "push": 0, "pull": 0}, {"components": [{"autofocus": false, "input": true, "label": "3) Structure", "tableView": false, "key": "btnStructure2", "size": "md", "leftIcon": "", "rightIcon": "", "block": true, "action": "custom", "disableOnInvalid": false, "theme": "primary", "type": "button", "tags": [], "conditional": {"show": "", "when": null, "eq": ""}, "properties": {}, "custom": "data['display-page']='structure';\nform.checkData();", "lockKey": true}], "width": 3, "offset": 0, "push": 0, "pull": 0}, {"components": [{"autofocus": false, "input": true, "label": "4) Layout", "tableView": false, "key": "btnComponents", "size": "md", "leftIcon": "", "rightIcon": "", "block": true, "action": "custom", "disableOnInvalid": false, "theme": "primary", "type": "button", "tags": [], "conditional": {"show": "", "when": null, "eq": ""}, "properties": {}, "custom": "data['display-page']='layout';\nform.checkData();", "lockKey": true}, {"autofocus": false, "input": true, "tableView": false, "inputType": "text", "inputMask": "", "label": "Display Page", "key": "display-page", "placeholder": "", "prefix": "", "suffix": "", "multiple": false, "defaultValue": "bridge", "protected": false, "unique": false, "persistent": true, "hidden": true, "clearOnHide": false, "spellcheck": false, "validate": {"required": false, "minLength": "", "maxLength": "", "pattern": "", "custom": "", "customPrivate": false}, "conditional": {"show": "", "when": null, "eq": ""}, "type": "textfield", "labelPosition": "top", "inputFormat": "plain", "tags": [], "properties": {}, "lockKey": true}], "width": 3, "offset": 0, "push": 0, "pull": 0}], "type": "columns", "tags": [], "conditional": {"show": "", "when": null, "eq": ""}, "properties": {}, "hideLabel": true}], "type": "panel", "breadcrumb": "default", "hideLabel": false, "tags": [], "conditional": {"show": "false", "when": "lock-configuration", "eq": "false"}, "properties": {}, "tooltip": "Follow these steps in order to create new bridge model, enter measurements from site scoping visit, define common component types, layout sensors fibre by fibre to build and review."}, {"clearOnHide": false, "key": "panelBridge", "input": false, "title": "Bridge Deployment", "theme": "default", "tableView": false, "components": [{"clearOnHide": false, "label": "Columns", "input": false, "tableView": false, "key": "panelBridgeColumns", "columns": [{"components": [{"autofocus": false, "input": true, "tableView": false, "inputType": "text", "inputMask": "", "label": "Feature Crossed", "key": "feature_crossed", "placeholder": "", "prefix": "", "suffix": "", "multiple": false, "defaultValue": "", "protected": false, "unique": false, "persistent": true, "hidden": false, "clearOnHide": false, "spellcheck": false, "validate": {"required": true, "minLength": "", "maxLength": "", "pattern": "", "custom": "", "customPrivate": false}, "conditional": {"show": "", "when": null, "eq": ""}, "type": "textfield", "labelPosition": "top", "inputFormat": "plain", "tags": [], "properties": {}, "lockKey": true}, {"autofocus": false, "input": true, "tableView": false, "inputType": "text", "inputMask": "", "label": "Road Name", "key": "road_name", "placeholder": "", "prefix": "", "suffix": "", "multiple": false, "defaultValue": "", "protected": false, "unique": false, "persistent": true, "hidden": false, "clearOnHide": false, "spellcheck": false, "validate": {"required": true, "minLength": "", "maxLength": "", "pattern": "", "custom": "", "customPrivate": false}, "conditional": {"show": "", "when": null, "eq": ""}, "type": "textfield", "labelPosition": "top", "inputFormat": "plain", "tags": [], "properties": {}, "lockKey": true}], "width": 6, "offset": 0, "push": 0, "pull": 0}, {"components": [{"autofocus": false, "input": true, "tableView": false, "inputType": "number", "label": "Latitude", "key": "coordinates_latitude", "placeholder": "", "prefix": "", "suffix": "", "defaultValue": "", "protected": false, "persistent": true, "hidden": false, "clearOnHide": false, "validate": {"required": true, "min": "", "max": "", "step": "any", "integer": "", "multiple": "", "custom": ""}, "type": "number", "labelPosition": "top", "tags": [], "conditional": {"show": "", "when": null, "eq": ""}, "properties": {}, "lockKey": true}, {"autofocus": false, "input": true, "tableView": false, "inputType": "number", "label": "Longitude", "key": "coordinates_longitude", "placeholder": "", "prefix": "", "suffix": "", "defaultValue": "", "protected": false, "persistent": true, "hidden": false, "clearOnHide": false, "validate": {"required": true, "min": "", "max": "", "step": "any", "integer": "", "multiple": "", "custom": ""}, "type": "number", "labelPosition": "top", "tags": [], "conditional": {"show": "", "when": null, "eq": ""}, "properties": {}, "lockKey": true}], "width": 3, "offset": 0, "push": 0, "pull": 0}, {"components": [{"autofocus": false, "input": true, "tableView": false, "inputType": "number", "label": "Deck Width (m)", "key": "deckWidth", "placeholder": "", "prefix": "", "suffix": "", "defaultValue": "0", "protected": false, "persistent": true, "hidden": false, "clearOnHide": false, "validate": {"required": false, "min": "", "max": "", "step": "any", "integer": "", "multiple": "", "custom": ""}, "type": "number", "labelPosition": "top", "tags": [], "conditional": {"show": "", "when": null, "eq": ""}, "properties": {}, "lockKey": true}, {"autofocus": false, "input": true, "tableView": false, "inputType": "number", "label": "Skew Angle", "key": "skew_angle", "placeholder": "", "prefix": "", "suffix": "", "defaultValue": "0", "protected": false, "persistent": true, "hidden": false, "clearOnHide": false, "validate": {"required": true, "min": "", "max": "", "step": "any", "integer": "", "multiple": "", "custom": ""}, "type": "number", "labelPosition": "top", "tags": [], "conditional": {"show": "", "when": null, "eq": ""}, "properties": {}, "lockKey": true}], "width": 3, "offset": 0, "push": 0, "pull": 0}], "type": "columns", "hideLabel": true, "tags": [], "conditional": {"show": "", "when": null, "eq": ""}, "properties": {}}, {"clearOnHide": false, "key": "panelBridgeFieldset", "input": false, "tableView": false, "legend": "Directions Mapping", "components": [{"clearOnHide": false, "label": "Columns", "input": false, "tableView": false, "key": "panelBridgeFieldsetColumns", "columns": [{"components": [{"autofocus": false, "input": true, "tableView": false, "label": "Down", "key": "down", "placeholder": "", "data": {"values": [{"value": "", "label": ""}], "json": "", "url": "", "resource": "", "custom": "/****\n * create girders from these values\n * \n */\n let all_girders = [];\n for (let j = 1; j <= data.totalGirders; j++) {\n    let g = 'G' + pad(j,2);\n    all_girders.push({label: g, value: g});\n }\n\n values = all_girders;\n \n function pad(num, size) {\n   let s = num + \"\"; \n   while (s.length < size) s = \"0\" + s; \n   return s;\n}"}, "dataSrc": "custom", "valueProperty": "", "defaultValue": "", "refreshOn": "", "filter": "", "authenticate": false, "template": "<span>{{ item.label }}</span>", "multiple": false, "protected": false, "unique": false, "persistent": true, "hidden": false, "clearOnHide": false, "validate": {"required": false}, "type": "select", "labelPosition": "top", "tags": [], "conditional": {"show": "", "when": null, "eq": ""}, "properties": {}, "lockKey": true}, {"autofocus": false, "input": true, "tableView": false, "label": "Up", "key": "up", "placeholder": "", "data": {"values": [{"value": "", "label": ""}], "json": "", "url": "", "resource": "", "custom": "/****\n * create girders from these values\n * \n */\n let all_girders = [];\n for (let j = 1; j <= data.totalGirders; j++) {\n    let g = 'G' + pad(j,2);\n    all_girders.push({label: g, value: g});\n }\n values = all_girders;\n \n function pad(num, size) {\n   let s = num + \"\"; \n   while (s.length < size) s = \"0\" + s; \n   return s;\n}"}, "dataSrc": "custom", "valueProperty": "", "defaultValue": "", "refreshOn": "", "filter": "", "authenticate": false, "template": "<span>{{ item.label }}</span>", "multiple": false, "protected": false, "unique": false, "persistent": true, "hidden": false, "clearOnHide": false, "validate": {"required": false}, "type": "select", "labelPosition": "top", "tags": [], "conditional": {"show": "", "when": null, "eq": ""}, "properties": {}, "lockKey": true}], "width": 3, "offset": 0, "push": 0, "pull": 0}, {"components": [{"autofocus": false, "input": true, "tableView": false, "label": "Left", "key": "left", "placeholder": "", "data": {"values": [{"value": "", "label": ""}], "json": "", "url": "", "resource": "", "custom": "/****\n * create girders from these values\n * \n */\n let all_abutments = [];\n for (let j = 1; j <= 2; j++) {\n    let a = 'A' + pad(j,2);\n    all_abutments.push({label: a, value: a});\n }\n values = all_abutments;\n \n function pad(num, size) {\n   let s = num + \"\"; \n   while (s.length < size) s = \"0\" + s; \n   return s;\n}"}, "dataSrc": "custom", "valueProperty": "", "defaultValue": "", "refreshOn": "", "filter": "", "authenticate": false, "template": "<span>{{ item.label }}</span>", "multiple": false, "protected": false, "unique": false, "persistent": true, "hidden": false, "clearOnHide": false, "validate": {"required": false}, "type": "select", "labelPosition": "top", "tags": [], "conditional": {"show": "", "when": null, "eq": ""}, "properties": {}, "lockKey": true}, {"autofocus": false, "input": true, "tableView": false, "label": "Right", "key": "right", "placeholder": "", "data": {"values": [{"value": "", "label": ""}], "json": "", "url": "", "resource": "", "custom": "/****\n * create girders from these values\n * \n */\n let all_abutments = [];\n for (let j = 1; j <= 2; j++) {\n    let a = 'A' + pad(j,2);\n    all_abutments.push({label: a, value: a});\n }\n values = all_abutments;\n \n function pad(num, size) {\n   let s = num + \"\"; \n   while (s.length < size) s = \"0\" + s; \n   return s;\n}"}, "dataSrc": "custom", "valueProperty": "", "defaultValue": "", "refreshOn": "", "filter": "", "authenticate": false, "template": "<span>{{ item.label }}</span>", "multiple": false, "protected": false, "unique": false, "persistent": true, "hidden": false, "clearOnHide": false, "validate": {"required": false}, "type": "select", "labelPosition": "top", "tags": [], "conditional": {"show": "", "when": null, "eq": ""}, "properties": {}, "lockKey": true}], "width": 3, "offset": 0, "push": 0, "pull": 0}, {"components": [{"autofocus": false, "input": true, "tableView": false, "inputType": "text", "inputMask": "", "label": "Left to Right Destination", "key": "left2right", "placeholder": "", "prefix": "", "suffix": "", "multiple": false, "defaultValue": "", "protected": false, "unique": false, "persistent": true, "hidden": false, "clearOnHide": false, "spellcheck": false, "validate": {"required": false, "minLength": "", "maxLength": "", "pattern": "", "custom": "", "customPrivate": false}, "conditional": {"show": "", "when": null, "eq": ""}, "type": "textfield", "labelPosition": "top", "inputFormat": "plain", "tags": [], "properties": {}, "lockKey": true}, {"autofocus": false, "input": true, "tableView": false, "inputType": "text", "inputMask": "", "label": "Right to Left Destination", "key": "right2left", "placeholder": "", "prefix": "", "suffix": "", "multiple": false, "defaultValue": "", "protected": false, "unique": false, "persistent": true, "hidden": false, "clearOnHide": false, "spellcheck": false, "validate": {"required": false, "minLength": "", "maxLength": "", "pattern": "", "custom": "", "customPrivate": false}, "conditional": {"show": "", "when": null, "eq": ""}, "type": "textfield", "labelPosition": "top", "inputFormat": "plain", "tags": [], "properties": {}, "lockKey": true}], "width": 6, "offset": 0, "push": 0, "pull": 0}], "type": "columns", "hideLabel": true, "tags": [], "conditional": {"show": "", "when": null, "eq": ""}, "properties": {}}], "type": "fieldset", "hideLabel": false, "tags": [], "conditional": {"show": "", "when": null, "eq": ""}, "properties": {}}], "type": "panel", "breadcrumb": "default", "hideLabel": false, "tags": [], "conditional": {"show": "true", "when": "display-page", "eq": "bridge"}, "properties": {}, "lockKey": true}, {"clearOnHide": false, "key": "panelLanes", "input": false, "title": "Lanes", "theme": "default", "tableView": false, "components": [{"autofocus": false, "input": true, "tree": true, "components": [{"autofocus": false, "input": true, "tableView": false, "inputType": "text", "inputMask": "", "label": "Transverse ID", "key": "transverse_id", "placeholder": "", "prefix": "", "suffix": "", "multiple": false, "defaultValue": "", "protected": false, "unique": false, "persistent": true, "hidden": false, "clearOnHide": false, "spellcheck": false, "validate": {"required": false, "minLength": "", "maxLength": "", "pattern": "", "custom": "", "customPrivate": false}, "conditional": {"show": "", "when": null, "eq": ""}, "type": "textfield", "inDataGrid": true, "labelPosition": "top", "inputFormat": "plain", "tags": [], "properties": {}, "disabled": true, "lockKey": true}, {"autofocus": false, "input": true, "tableView": false, "label": "Lane Direction", "key": "lane_direction", "placeholder": "", "data": {"values": [{"value": "left2right", "label": "Left to Right"}, {"value": "right2left", "label": "Right to Left"}, {"value": "middle", "label": "Middle"}], "json": "", "url": "", "resource": "", "custom": ""}, "dataSrc": "values", "valueProperty": "", "defaultValue": "", "refreshOn": "", "filter": "", "authenticate": false, "template": "<span>{{ item.label }}</span>", "multiple": false, "protected": false, "unique": false, "persistent": true, "hidden": false, "clearOnHide": false, "validate": {"required": false}, "type": "select", "inDataGrid": true, "labelPosition": "top", "tags": [], "conditional": {"show": "", "when": null, "eq": ""}, "properties": {}, "lockKey": true, "dataGridLabel": false}, {"autofocus": false, "input": true, "tableView": false, "label": "Type", "key": "laneType", "placeholder": "", "data": {"values": [{"value": "traffic", "label": "Traffic"}, {"value": "median", "label": "Median"}, {"value": "turnLane", "label": "Turn Lane"}, {"value": "shoulder", "label": "Shoulder"}, {"value": "footpath", "label": "Footpath"}, {"value": "cycleway", "label": "Cycleway"}, {"value": "transit", "label": "Transit"}], "json": "", "url": "", "resource": "", "custom": ""}, "dataSrc": "values", "valueProperty": "", "defaultValue": "", "refreshOn": "", "filter": "", "authenticate": false, "template": "<span>{{ item.label }}</span>", "multiple": false, "protected": false, "unique": false, "persistent": true, "hidden": false, "clearOnHide": false, "validate": {"required": false}, "type": "select", "inDataGrid": true, "labelPosition": "top", "tags": [], "conditional": {"show": "", "when": null, "eq": ""}, "properties": {}, "lockKey": true}, {"autofocus": false, "input": true, "tableView": false, "label": "Traffic Lane", "key": "lane_id", "placeholder": "", "data": {"values": [{"value": "", "label": ""}], "json": "", "url": "", "resource": "", "custom": "values = data.allTrafficLanesList;"}, "dataSrc": "custom", "valueProperty": "", "defaultValue": "", "refreshOn": "", "filter": "", "authenticate": false, "template": "<span>{{ item.label }}</span>", "multiple": false, "protected": false, "unique": false, "persistent": true, "hidden": false, "clearOnHide": false, "validate": {"required": false}, "type": "select", "inDataGrid": true, "labelPosition": "top", "tags": [], "conditional": {"show": "", "when": null, "eq": ""}, "properties": {}, "lockKey": true}, {"autofocus": false, "input": true, "tableView": false, "inputType": "number", "label": "Width (m)", "key": "lane_width", "placeholder": "", "prefix": "", "suffix": "", "defaultValue": "", "protected": false, "persistent": true, "hidden": false, "clearOnHide": false, "validate": {"required": false, "min": "", "max": "", "step": "any", "integer": "", "multiple": "", "custom": ""}, "type": "number", "inDataGrid": true, "labelPosition": "top", "tags": [], "conditional": {"show": "", "when": null, "eq": ""}, "properties": {}, "lockKey": true}, {"autofocus": false, "input": true, "tableView": false, "inputType": "number", "label": "Transverse Coordinates (m)", "key": "transverse_coordinates", "placeholder": "", "prefix": "", "suffix": "", "defaultValue": "", "protected": false, "persistent": true, "hidden": false, "clearOnHide": false, "validate": {"required": false, "min": "", "max": "", "step": "any", "integer": "", "multiple": "", "custom": ""}, "type": "number", "inDataGrid": true, "labelPosition": "top", "tags": [], "conditional": {"show": "", "when": null, "eq": ""}, "properties": {}, "lockKey": true, "disabled": true, "calculateValue": "let transverse = 0;\nfor (let r of data.lanes) {\n    if (r.transverse_id < row.transverse_id) {\n        transverse += r.lane_width;\n    }\n}\nvalue = Math.round(transverse * 10) / 10;", "decimalLimit": 2}], "tableView": false, "label": "Lanes", "key": "lanes", "protected": false, "persistent": true, "hidden": false, "clearOnHide": false, "type": "datagrid", "addAnotherPosition": "bottom", "tags": [], "conditional": {"show": "", "when": null, "eq": ""}, "properties": {}, "addAnother": "Do Not Use - Set in Configuration", "lockKey": true, "hideLabel": true, "validate": {"minLength": 1, "maxLength": 1}}], "type": "panel", "breadcrumb": "default", "hideLabel": false, "tags": [], "conditional": {"show": "true", "when": "display-page", "eq": "bridge"}, "properties": {}, "lockKey": true}, {"clearOnHide": false, "key": "panelStructure", "input": false, "title": "Structure Components", "theme": "default", "tableView": false, "components": [{"autofocus": false, "input": true, "tree": true, "components": [{"clearOnHide": false, "label": "Columns", "input": false, "tableView": false, "key": "superstructureColumns", "columns": [{"components": [{"autofocus": false, "input": true, "tableView": false, "inputType": "text", "inputMask": "", "label": "Component ID", "key": "componentId", "placeholder": "", "prefix": "", "suffix": "", "multiple": false, "defaultValue": "", "protected": false, "unique": false, "persistent": true, "hidden": false, "clearOnHide": false, "spellcheck": false, "validate": {"required": false, "minLength": "", "maxLength": "", "pattern": "", "custom": "", "customPrivate": false}, "conditional": {"show": "", "when": null, "eq": ""}, "type": "textfield", "inDataGrid": true, "labelPosition": "top", "inputFormat": "plain", "tags": [], "properties": {}, "disabled": true, "dataGridLabel": true, "lockKey": true}], "width": 4, "offset": 0, "push": 0, "pull": 0}, {"components": [{"autofocus": false, "input": true, "tableView": false, "label": "Component Type", "key": "componentType", "placeholder": "", "data": {"values": [{"value": "", "label": ""}], "json": "", "url": "", "resource": "", "custom": "/****\n * create componentType values\n * \n */\nlet all_types = [];\nfor (let t of data.componentTypes) {\n    all_types.push({label: t.componentType, value: t.componentType});\n}\nvalues = all_types;"}, "dataSrc": "custom", "valueProperty": "", "defaultValue": "", "refreshOn": "", "filter": "", "authenticate": false, "template": "<span>{{ item.label }}</span>", "multiple": false, "protected": false, "unique": false, "persistent": true, "hidden": false, "clearOnHide": false, "validate": {"required": false, "custom": "input = input.value;\nvalid = true;"}, "type": "select", "inDataGrid": true, "labelPosition": "top", "tags": [], "conditional": {"show": "", "when": null, "eq": ""}, "properties": {}, "lockKey": true, "dataGridLabel": true, "reference": false}], "width": 4, "offset": 0, "push": 0, "pull": 0}, {"components": [{"autofocus": false, "input": true, "tableView": false, "label": "Lane", "key": "superstructureLane", "placeholder": "", "data": {"values": [{"value": "", "label": ""}], "json": "", "url": "", "resource": "", "custom": "values = data.allTransverseLanesList;"}, "dataSrc": "custom", "valueProperty": "", "defaultValue": "", "refreshOn": "", "filter": "", "authenticate": false, "template": "<span>{{ item.label }}</span>", "multiple": false, "protected": false, "unique": false, "persistent": true, "hidden": false, "clearOnHide": false, "validate": {"required": false}, "type": "select", "inDataGrid": true, "labelPosition": "top", "tags": [], "conditional": {"show": "", "when": null, "eq": ""}, "properties": {}, "lockKey": true, "dataGridLabel": true}], "width": 4, "offset": 0, "push": 0, "pull": 0}], "type": "columns", "inDataGrid": true, "hideLabel": true, "tags": [], "conditional": {"show": "", "when": null, "eq": ""}, "properties": {}}], "tableView": false, "label": "Spans and Girders", "key": "structure", "protected": false, "persistent": true, "hidden": false, "clearOnHide": false, "type": "datagrid", "addAnotherPosition": "bottom", "tags": [], "conditional": {"show": "", "when": null, "eq": ""}, "properties": {}, "lockKey": true, "hideLabel": true, "addAnother": "Do Not Use - Set in Configuration", "validate": {"minLength": 1, "maxLength": 1}}], "type": "panel", "breadcrumb": "default", "hideLabel": false, "tags": [], "conditional": {"show": "true", "when": "display-page", "eq": "structure"}, "properties": {}, "lockKey": true}, {"clearOnHide": false, "key": "panelComponentTypes", "input": false, "title": "Component Types", "theme": "default", "tableView": false, "components": [{"autofocus": false, "input": true, "tree": true, "components": [{"clearOnHide": false, "label": "Columns", "input": false, "tableView": false, "key": "substructureColumns", "columns": [{"components": [{"autofocus": false, "input": true, "tableView": false, "inputType": "text", "inputMask": "", "label": "Component Type", "key": "componentType", "placeholder": "", "prefix": "", "suffix": "", "multiple": false, "defaultValue": "", "protected": false, "unique": false, "persistent": true, "hidden": false, "clearOnHide": false, "spellcheck": false, "validate": {"required": false, "minLength": "", "maxLength": "", "pattern": "", "custom": "", "customPrivate": false}, "conditional": {"show": "", "when": null, "eq": ""}, "type": "textfield", "labelPosition": "top", "inputFormat": "plain", "tags": [], "properties": {}, "lockKey": true, "dataGridLabel": true}, {"autofocus": false, "input": true, "tableView": false, "label": "Structure Type", "key": "structureType", "placeholder": "", "data": {"values": [{"value": "girder", "label": "Girder"}, {"value": "pier", "label": "Pier"}, {"value": "pierColumn", "label": "Pier Column"}, {"value": "pierCrosshead", "label": "Pier Crosshead"}, {"value": "abutment", "label": "Abutment"}], "json": "", "url": "", "resource": "", "custom": ""}, "dataSrc": "values", "valueProperty": "", "defaultValue": "", "refreshOn": "", "filter": "", "authenticate": false, "template": "<span>{{ item.label }}</span>", "multiple": false, "protected": false, "unique": false, "persistent": true, "hidden": false, "clearOnHide": false, "validate": {"required": false}, "type": "select", "labelPosition": "top", "tags": [], "conditional": {"show": "", "when": null, "eq": ""}, "properties": {}, "dataGridLabel": true, "lockKey": true}, {"autofocus": false, "input": true, "tableView": false, "label": "Structure Sub-Type", "key": "structureSubType", "placeholder": "", "data": {"values": [{"value": "i-a", "label": "I-A"}, {"value": "i-b", "label": "I-B"}, {"value": "i-c", "label": "I-C"}], "json": "", "url": "", "resource": "", "custom": ""}, "dataSrc": "values", "valueProperty": "", "defaultValue": "", "refreshOn": "", "filter": "", "authenticate": false, "template": "<span>{{ item.label }}</span>", "multiple": false, "protected": false, "unique": false, "persistent": true, "hidden": false, "clearOnHide": false, "validate": {"required": false}, "type": "select", "labelPosition": "top", "tags": [], "conditional": {"show": "", "when": null, "eq": ""}, "properties": {}, "dataGridLabel": true, "lockKey": true}, {"autofocus": false, "input": true, "tableView": false, "inputType": "number", "label": "Flange Width 1", "key": "flangeWidth1", "placeholder": "", "prefix": "", "suffix": "", "defaultValue": "", "protected": false, "persistent": true, "hidden": false, "clearOnHide": false, "validate": {"required": false, "min": "", "max": "", "step": "any", "integer": "", "multiple": "", "custom": ""}, "type": "number", "labelPosition": "top", "tags": [], "conditional": {"show": "true", "when": "structureSubType", "eq": "i-c"}, "properties": {}, "dataGridLabel": true, "lockKey": true}, {"autofocus": false, "input": true, "tableView": false, "inputType": "number", "label": "Flange Width 2", "key": "flangeWidth2", "placeholder": "", "prefix": "", "suffix": "", "defaultValue": "", "protected": false, "persistent": true, "hidden": false, "clearOnHide": false, "validate": {"required": false, "min": "", "max": "", "step": "any", "integer": "", "multiple": "", "custom": ""}, "type": "number", "labelPosition": "top", "tags": [], "conditional": {"show": "true", "when": "structureSubType", "eq": "i-c"}, "properties": {}, "dataGridLabel": true, "lockKey": true}], "width": 4, "offset": 0, "push": 0, "pull": 0}, {"components": [{"key": "substructureColumnsContent", "label": "Content", "input": false, "tag": "b", "attrs": [{"value": "", "attr": ""}], "className": "", "content": "Overall Dimenstions (m)", "type": "htmlelement", "tags": [], "conditional": {"show": "", "when": null, "eq": ""}, "properties": {}, "hideLabel": true}, {"autofocus": false, "input": true, "tableView": false, "inputType": "number", "label": "Length", "key": "length", "placeholder": "", "prefix": "", "suffix": "", "defaultValue": "", "protected": false, "persistent": true, "hidden": false, "clearOnHide": false, "validate": {"required": false, "min": "", "max": "", "step": "any", "integer": "", "multiple": "", "custom": ""}, "type": "number", "labelPosition": "top", "tags": [], "conditional": {"show": "", "when": null, "eq": ""}, "properties": {}, "dataGridLabel": true, "lockKey": true}, {"autofocus": false, "input": true, "tableView": false, "inputType": "number", "label": "Height", "key": "height", "placeholder": "", "prefix": "", "suffix": "", "defaultValue": "", "protected": false, "persistent": true, "hidden": false, "clearOnHide": false, "validate": {"required": false, "min": "", "max": "", "step": "any", "integer": "", "multiple": "", "custom": ""}, "type": "number", "labelPosition": "top", "tags": [], "conditional": {"show": "", "when": null, "eq": ""}, "properties": {}, "dataGridLabel": true, "lockKey": true}, {"autofocus": false, "input": true, "tableView": false, "inputType": "number", "label": "Width", "key": "width", "placeholder": "", "prefix": "", "suffix": "", "defaultValue": "", "protected": false, "persistent": true, "hidden": false, "clearOnHide": false, "validate": {"required": false, "min": "", "max": "", "step": "any", "integer": "", "multiple": "", "custom": ""}, "type": "number", "labelPosition": "top", "tags": [], "conditional": {"show": "", "when": null, "eq": ""}, "properties": {}, "dataGridLabel": true, "lockKey": true}], "width": 4, "offset": 0, "push": 0, "pull": 0}, {"components": [{"key": "substructureColumnsContent2", "label": "Content", "input": false, "tag": "b", "attrs": [{"value": "", "attr": ""}], "className": "", "content": "Material", "type": "htmlelement", "tags": [], "conditional": {"show": "", "when": null, "eq": ""}, "properties": {}, "hideLabel": true}, {"autofocus": false, "input": true, "tableView": false, "inputType": "number", "label": "Youngs Modulus (MPa)", "key": "effective_youngs_modulus", "placeholder": "", "prefix": "", "suffix": "", "defaultValue": "", "protected": false, "persistent": true, "hidden": false, "clearOnHide": false, "validate": {"required": false, "min": "", "max": "", "step": "any", "integer": "", "multiple": "", "custom": ""}, "type": "number", "labelPosition": "top", "tags": [], "conditional": {"show": "", "when": null, "eq": ""}, "properties": {}, "dataGridLabel": true, "lockKey": true}, {"autofocus": false, "input": true, "tableView": false, "inputType": "number", "label": "Shear Modulus (MPa)", "key": "effective_shear_modulus", "placeholder": "", "prefix": "", "suffix": "", "defaultValue": "", "protected": false, "persistent": true, "hidden": false, "clearOnHide": false, "validate": {"required": false, "min": "", "max": "", "step": "any", "integer": "", "multiple": "", "custom": ""}, "type": "number", "labelPosition": "top", "tags": [], "conditional": {"show": "", "when": null, "eq": ""}, "properties": {}, "dataGridLabel": true, "lockKey": true}, {"autofocus": false, "input": true, "tableView": false, "inputType": "number", "label": "Density (kg)", "key": "weight", "placeholder": "", "prefix": "", "suffix": "", "defaultValue": "", "protected": false, "persistent": true, "hidden": false, "clearOnHide": false, "validate": {"required": false, "min": "", "max": "", "step": "any", "integer": "", "multiple": "", "custom": ""}, "type": "number", "labelPosition": "top", "tags": [], "conditional": {"show": "", "when": null, "eq": ""}, "properties": {}, "dataGridLabel": true, "lockKey": true}, {"key": "substructureColumnsContent3", "label": "Content", "input": false, "tag": "b", "attrs": [{"value": "", "attr": ""}], "className": "", "content": "Geometry", "type": "htmlelement", "tags": [], "conditional": {"show": "", "when": null, "eq": ""}, "properties": {}, "hideLabel": true}, {"autofocus": false, "input": true, "tableView": false, "inputType": "number", "label": "Moment of Inertia (mm^4)", "key": "effective_area_moment_of_inertia", "placeholder": "", "prefix": "", "suffix": "", "defaultValue": "", "protected": false, "persistent": true, "hidden": false, "clearOnHide": false, "validate": {"required": false, "min": "", "max": "", "step": "any", "integer": "", "multiple": "", "custom": ""}, "type": "number", "labelPosition": "top", "tags": [], "conditional": {"show": "", "when": null, "eq": ""}, "properties": {}, "dataGridLabel": true, "lockKey": true}, {"autofocus": false, "input": true, "tableView": false, "inputType": "number", "label": "Effective Area (mm^2)", "key": "effective_area", "placeholder": "", "prefix": "", "suffix": "", "defaultValue": "", "protected": false, "persistent": true, "hidden": false, "clearOnHide": false, "validate": {"required": false, "min": "", "max": "", "step": "any", "integer": "", "multiple": "", "custom": ""}, "type": "number", "labelPosition": "top", "tags": [], "conditional": {"show": "", "when": null, "eq": ""}, "properties": {}, "dataGridLabel": true, "lockKey": true}], "width": 4, "offset": 0, "push": 0, "pull": 0}], "type": "columns", "inDataGrid": true, "hideLabel": true, "tags": [], "conditional": {"show": "", "when": null, "eq": ""}, "properties": {}}], "tableView": false, "label": "Component Types", "key": "componentTypes", "protected": false, "persistent": true, "hidden": false, "clearOnHide": false, "type": "datagrid", "addAnotherPosition": "bottom", "tags": [], "conditional": {"show": "", "when": null, "eq": ""}, "properties": {}, "lockKey": true, "hideLabel": true, "addAnother": "Add New Component Type"}], "type": "panel", "breadcrumb": "default", "hideLabel": false, "tags": [], "conditional": {"show": "true", "when": "display-page", "eq": "componentTypes"}, "properties": {}, "lockKey": true}, {"clearOnHide": false, "key": "panel2", "input": false, "title": "Configuration of Bridge", "theme": "default", "tableView": false, "components": [{"clearOnHide": false, "label": "Columns", "input": false, "tableView": false, "key": "fieldsetColumns", "columns": [{"components": [{"autofocus": false, "input": true, "tableView": false, "inputType": "number", "label": "Spans", "key": "totalSpans", "placeholder": "", "prefix": "", "suffix": "", "defaultValue": "", "protected": false, "persistent": true, "hidden": false, "clearOnHide": false, "validate": {"required": false, "min": "", "max": "", "step": "any", "integer": "", "multiple": "", "custom": ""}, "type": "number", "labelPosition": "top", "tags": [], "conditional": {"show": "", "when": null, "eq": ""}, "properties": {}, "lockKey": true}, {"autofocus": false, "input": true, "tableView": false, "inputType": "number", "label": "Maximum Girders per Span", "key": "totalGirders", "placeholder": "", "prefix": "", "suffix": "", "defaultValue": "", "protected": false, "persistent": true, "hidden": false, "clearOnHide": false, "validate": {"required": false, "min": "", "max": "", "step": "any", "integer": "", "multiple": "", "custom": ""}, "type": "number", "labelPosition": "top", "tags": [], "conditional": {"show": "", "when": null, "eq": ""}, "properties": {}, "lockKey": true}, {"autofocus": false, "input": true, "tableView": false, "label": "All Components List", "key": "allComponentsList", "placeholder": "", "data": {"values": [{"value": "", "label": ""}], "json": "", "url": "", "resource": "", "custom": "values = [{name: 'S01', value: 'S01'}];"}, "dataSrc": "values", "valueProperty": "", "defaultValue": "", "refreshOn": "", "filter": "", "authenticate": false, "template": "<span>{{ item.label }}</span>", "multiple": false, "protected": false, "unique": false, "persistent": true, "hidden": true, "clearOnHide": false, "validate": {"required": false}, "type": "select", "labelPosition": "top", "tags": [], "conditional": {"show": "", "when": null, "eq": ""}, "properties": {}, "lockKey": true, "disabled": false}], "width": 3, "offset": 0, "push": 0, "pull": 0}, {"components": [{"autofocus": false, "input": true, "tableView": false, "inputType": "number", "label": "Piers", "key": "totalPiers", "placeholder": "", "prefix": "", "suffix": "", "defaultValue": "", "protected": false, "persistent": true, "hidden": false, "clearOnHide": false, "validate": {"required": false, "min": "", "max": "", "step": "any", "integer": "", "multiple": "", "custom": ""}, "type": "number", "labelPosition": "top", "tags": [], "conditional": {"show": "", "when": null, "eq": ""}, "properties": {}, "lockKey": true}, {"autofocus": false, "input": true, "tableView": false, "inputType": "number", "label": "Crossheads per Pier", "key": "totalPierCrossheads", "placeholder": "", "prefix": "", "suffix": "", "defaultValue": "", "protected": false, "persistent": true, "hidden": false, "clearOnHide": false, "validate": {"required": false, "min": "", "max": "", "step": "any", "integer": "", "multiple": "", "custom": ""}, "type": "number", "labelPosition": "top", "tags": [], "conditional": {"show": "", "when": null, "eq": ""}, "properties": {}, "lockKey": true}, {"autofocus": false, "input": true, "tableView": false, "inputType": "number", "label": "Columns per Pier", "key": "totalPierColumns", "placeholder": "", "prefix": "", "suffix": "", "defaultValue": "", "protected": false, "persistent": true, "hidden": false, "clearOnHide": false, "validate": {"required": false, "min": "", "max": "", "step": "any", "integer": "", "multiple": "", "custom": ""}, "type": "number", "labelPosition": "top", "tags": [], "conditional": {"show": "", "when": null, "eq": ""}, "properties": {}, "lockKey": true}], "width": 3, "offset": 0, "push": 0, "pull": 0}, {"components": [{"autofocus": false, "input": true, "tableView": false, "inputType": "number", "label": "Transverse IDs", "key": "totalTransverseLanes", "placeholder": "", "prefix": "", "suffix": "", "defaultValue": "", "protected": false, "persistent": true, "hidden": false, "clearOnHide": false, "validate": {"required": false, "min": "", "max": "", "step": "any", "integer": "", "multiple": "", "custom": ""}, "type": "number", "labelPosition": "top", "tags": [], "conditional": {"show": "", "when": null, "eq": ""}, "properties": {}, "lockKey": true, "tooltip": "Total number of transverse road sections to be identified: i.e. shoulder, traffic, median, etc."}, {"autofocus": false, "input": true, "tableView": false, "inputType": "number", "label": "Traffic Lanes", "key": "totalLanes", "placeholder": "", "prefix": "", "suffix": "", "defaultValue": "", "protected": false, "persistent": true, "hidden": false, "clearOnHide": false, "validate": {"required": false, "min": "", "max": "", "step": "any", "integer": "", "multiple": "", "custom": ""}, "type": "number", "labelPosition": "top", "tags": [], "conditional": {"show": "", "when": null, "eq": ""}, "properties": {}, "lockKey": true}, {"autofocus": false, "input": true, "tableView": false, "label": "All Transverse Lanes", "key": "allTransverseLanesList", "placeholder": "", "data": {"values": [{"value": "", "label": ""}], "json": "", "url": "", "resource": "", "custom": ""}, "dataSrc": "values", "valueProperty": "", "defaultValue": "", "refreshOn": "", "filter": "", "authenticate": false, "template": "<span>{{ item.label }}</span>", "multiple": false, "protected": false, "unique": false, "persistent": true, "hidden": true, "clearOnHide": false, "validate": {"required": false}, "type": "select", "labelPosition": "top", "tags": [], "conditional": {"show": "", "when": null, "eq": ""}, "properties": {}, "lockKey": true, "disabled": false}, {"autofocus": false, "input": true, "tableView": false, "label": "All Lanes", "key": "allTrafficLanesList", "placeholder": "", "data": {"values": [{"value": "", "label": ""}], "json": "", "url": "", "resource": "", "custom": ""}, "dataSrc": "values", "valueProperty": "", "defaultValue": "", "refreshOn": "", "filter": "", "authenticate": false, "template": "<span>{{ item.label }}</span>", "multiple": false, "protected": false, "unique": false, "persistent": true, "hidden": true, "clearOnHide": false, "validate": {"required": false}, "type": "select", "labelPosition": "top", "tags": [], "conditional": {"show": "", "when": null, "eq": ""}, "properties": {}, "lockKey": true}], "width": 3, "offset": 0, "push": 0, "pull": 0}, {"components": [{"autofocus": false, "input": true, "tableView": false, "label": "Fiber Type", "key": "fiberType", "placeholder": "", "data": {"values": [{"value": "", "label": ""}], "json": "", "url": "../../../../form/fiberlibrary/submission", "resource": "627dee6d354a3c1fd22c5889", "custom": "", "headers": [{"value": "", "key": ""}]}, "dataSrc": "url", "valueProperty": "data.id", "defaultValue": "", "refreshOn": "", "filter": "", "authenticate": false, "template": "<span>{{ item.data.id }}</span>", "multiple": false, "protected": false, "unique": false, "persistent": true, "hidden": false, "clearOnHide": false, "validate": {"required": false}, "type": "select", "labelPosition": "top", "tags": [], "conditional": {"show": "", "when": null, "eq": ""}, "properties": {}, "labelWidth": 30, "labelMargin": 3, "lockKey": true, "searchField": "data.id__regex"}, {"autofocus": false, "input": true, "tableView": false, "inputType": "number", "label": "Total Fibers", "key": "totalFibers", "placeholder": "", "prefix": "", "suffix": "", "defaultValue": "", "protected": false, "persistent": true, "hidden": false, "clearOnHide": false, "validate": {"required": false, "min": "", "max": "", "step": "any", "integer": "", "multiple": "", "custom": ""}, "type": "number", "labelPosition": "top", "tags": [], "conditional": {"show": "", "when": null, "eq": ""}, "properties": {}, "lockKey": true}, {"autofocus": false, "input": true, "tableView": false, "label": "All Fibers List", "key": "allFibersList", "placeholder": "", "data": {"values": [{"value": "", "label": ""}], "json": "", "url": "", "resource": "", "custom": ""}, "dataSrc": "values", "valueProperty": "", "defaultValue": "", "refreshOn": "", "filter": "", "authenticate": false, "template": "<span>{{ item.label }}</span>", "multiple": false, "protected": false, "unique": false, "persistent": true, "hidden": true, "clearOnHide": false, "validate": {"required": false}, "type": "select", "labelPosition": "top", "tags": [], "conditional": {"show": "", "when": null, "eq": ""}, "properties": {}, "lockKey": true}, {"autofocus": false, "input": true, "label": "Build Configuration", "tableView": false, "key": "btnBuildAll2", "size": "md", "leftIcon": "", "rightIcon": "", "block": true, "action": "custom", "disableOnInvalid": false, "theme": "warning", "type": "button", "tags": [], "conditional": {"show": "true", "when": "lock-configuration", "eq": "false"}, "properties": {}, "custom": "/****\n * create girders from these values\n * \n */\n let all_components = [];\n let structure = [];\n for (let i = 1; i <= data.totalSpans; i++)\n {\n     for (let j = 1; j <= data.totalGirders; j++) {\n        let s = 'S' + pad(i,2);\n        let g = 'G' + pad(j,2);\n        let f = s + g;\n        all_components.push({label: 'Span/Girder: ' + f, value: f});\n        structure.push({componentId: f, componentType: select(s + '-Girder')});\n         \n     }\n }\n\n /***\n  * create columns from these values\n  * \n  */\n \n for (let i = 1; i <= data.totalPiers; i++)\n {\n    let p = 'P' + pad(i,2);\n    all_components.push({label: 'Pier: ' + p, value: p});\n\n    for (let j = 1; j <= data. totalPierCrossheads; j++) {\n        let cr = p + 'CR' + pad(j,2);\n        structure.push({componentId: cr, componentType: select('PierCrosshead01')});\n        all_components.push({label: 'Crosshead: ' + cr, value: cr});\n    }\n\n    for (let j = 1; j <= data. totalPierColumns; j++) {\n        let c = p + 'C' + pad(j,2);\n        structure.push({componentId: c, componentType: select('PierColumn01')});\n        all_components.push({label: 'Column: ' + c, value: c});\n     }\n }\n \n/***\n  * create abutments\n  * \n  */\nlet abutments = [];\n for (let i = 1; i <= 2; i++)\n {\n    let a = 'A' + pad(i,2);\n    structure.push({componentId: a, componentType: select('Abutment01')});\n    all_components.push({label: 'Abutment: ' + a, value: a});\n}\n\ndata.structure = structure;\ndata.allComponentsList = all_components;\n\n /***\n * Create Fibers\n */\n let all_fibers = [];\n let fibers = [];\n for (let i = 1; i <= data.totalFibers; i++)\n {\n    let s = 'F' + pad(i,2);\n    all_fibers.push({label: s, value: s});\n    fibers.push({fiberId: s});\n} \ndata.allFibersList = all_fibers;\ndata.fibers = fibers;\n\n/****\n * create lanes from totalTransverseLanes\n * \n */\n let all_transverse_lanes = [];\n let all_lanes = [];\n for (let j = 1; j <= data.totalTransverseLanes; j++) {\n   let l = 'W' + pad(j,2);\n   all_transverse_lanes.push({label: l, value: l});\n   all_lanes.push({transverse_id: l});\n }\n data.lanes = all_lanes;\n data.allTransverseLanesList = all_transverse_lanes;\n \n /****\n * create Traffic Lanes\n * \n */\nlet all_traffic_lanes = [];\nall_traffic_lanes.push({label: '', value: ''});\nfor (let j = 1; j <= data.totalLanes; j++) {\n  let l = 'L' + pad(j,2);\n  all_traffic_lanes.push({label: l, value: l});\n}\ndata.allTrafficLanesList = all_traffic_lanes;\n\n/***\n * Create default component Types\n ***/\nlet componentTypes = [];\nfor (let i = 1; i <= data.totalSpans; i++)\n{\n    let s = 'S' + pad(i,2);\n    componentTypes.push({componentType: s + '-Girder', structureType: 'girder'});\n}\ncomponentTypes.push({componentType: \"Pier01\", structureType: 'pier'});\ncomponentTypes.push({componentType: \"PierColumn01\", structureType: 'pierColumn'});\ncomponentTypes.push({componentType: \"PierCrosshead01\", structureType: 'pierCrosshead'});\ncomponentTypes.push({componentType: \"Abutment01\", structureType: 'abutment'});\n\ndata.componentTypes = componentTypes;\n\nfunction pad(num, size) {\n   let s = num + \"\"; \n   while (s.length < size) s = \"0\" + s; \n   return s;\n}\n\nfunction select(f) {\n    return {label: f, value: f}\n}\n\n", "lockKey": true, "tooltip": "Building the Configuration may over-write previously updated Bridge, Types, Structure and Layout. Use with caution."}], "width": 3, "offset": 0, "push": 0, "pull": 0}], "type": "columns", "tags": [], "conditional": {"show": "", "when": null, "eq": ""}, "properties": {}, "hideLabel": true}], "type": "panel", "breadcrumb": "default", "hideLabel": false, "tags": [], "conditional": {"show": "true", "when": "lock-configuration", "eq": "false"}, "properties": {}, "collapsible": true, "collapsed": false, "tooltip": "Enter the maximum number of each of the bridge components in design. If there are different numbers of girders on spans, enter the greatest number. You will then be able to delete un-used girders on the other spans on the Structure tab."}, {"autofocus": false, "input": true, "tree": true, "components": [{"clearOnHide": false, "label": "Fiber Columns", "input": false, "tableView": false, "key": "componentsColumns", "columns": [{"components": [{"clearOnHide": false, "key": "panelFibre", "input": false, "title": "Layout", "theme": "default", "tableView": false, "components": [{"autofocus": false, "input": true, "tableView": false, "inputType": "text", "inputMask": "", "label": "Fiber ID", "key": "fiberId", "placeholder": "", "prefix": "", "suffix": "", "multiple": false, "defaultValue": "", "protected": false, "unique": false, "persistent": true, "hidden": false, "clearOnHide": false, "spellcheck": false, "validate": {"required": false, "minLength": "", "maxLength": "", "pattern": "", "custom": "", "customPrivate": false}, "conditional": {"show": "", "when": null, "eq": ""}, "type": "textfield", "labelPosition": "top", "inputFormat": "plain", "tags": [], "properties": {}, "labelWidth": 30, "labelMargin": 3, "lockKey": true, "disabled": true}, {"autofocus": false, "input": true, "tree": true, "components": [{"clearOnHide": false, "label": "Columns", "input": false, "tableView": false, "key": "fiberComponentColumns", "columns": [{"components": [{"clearOnHide": false, "label": "Columns", "input": false, "tableView": false, "key": "fiberComponentColumnsColumns", "columns": [{"components": [{"clearOnHide": false, "label": "Columns", "input": false, "tableView": false, "key": "componentsColumnsColumns", "columns": [{"components": [{"autofocus": false, "input": true, "tableView": false, "label": "Component", "key": "componentId", "placeholder": "", "data": {"values": [{"value": "", "label": ""}], "json": "", "url": "", "resource": "", "custom": "values = data['allComponentsList']"}, "dataSrc": "custom", "valueProperty": "", "defaultValue": "", "refreshOn": "", "filter": "", "authenticate": false, "template": "<span>{{ item.label }}</span>", "multiple": false, "protected": false, "unique": false, "persistent": true, "hidden": false, "clearOnHide": false, "validate": {"required": false}, "type": "select", "labelPosition": "top", "tags": [], "conditional": {"show": "", "when": null, "eq": ""}, "properties": {}, "lockKey": true}], "width": 4, "offset": 0, "push": 0, "pull": 0}, {"components": [{"autofocus": false, "input": true, "tableView": false, "inputType": "number", "label": "Left Margin", "key": "leftMargin", "placeholder": "", "prefix": "", "suffix": "", "defaultValue": "", "protected": false, "persistent": true, "hidden": false, "clearOnHide": false, "validate": {"required": false, "min": "", "max": "", "step": "any", "integer": "", "multiple": "", "custom": ""}, "type": "number", "labelPosition": "top", "tags": [], "conditional": {"show": "", "when": null, "eq": ""}, "properties": {}, "lockKey": true}], "width": 2, "offset": 0, "push": 0, "pull": 0}, {"components": [{"autofocus": false, "input": true, "tableView": false, "inputType": "number", "label": "Right Margin", "key": "rightMargin", "placeholder": "", "prefix": "", "suffix": "", "defaultValue": "", "protected": false, "persistent": true, "hidden": false, "clearOnHide": false, "validate": {"required": false, "min": "", "max": "", "step": "any", "integer": "", "multiple": "", "custom": ""}, "type": "number", "labelPosition": "top", "tags": [], "conditional": {"show": "", "when": null, "eq": ""}, "properties": {}, "lockKey": true}], "width": 2, "offset": 0, "push": 0, "pull": 0}, {"components": [{"autofocus": false, "input": true, "tableView": false, "inputType": "number", "label": "Top Margin", "key": "topMargin", "placeholder": "", "prefix": "", "suffix": "", "defaultValue": "", "protected": false, "persistent": true, "hidden": false, "clearOnHide": false, "validate": {"required": false, "min": "", "max": "", "step": "any", "integer": "", "multiple": "", "custom": ""}, "type": "number", "labelPosition": "top", "tags": [], "conditional": {"show": "", "when": null, "eq": ""}, "properties": {}, "lockKey": true}], "width": 2, "offset": 0, "push": 0, "pull": 0}, {"components": [{"autofocus": false, "input": true, "tableView": false, "inputType": "number", "label": "Bottom Margin", "key": "bottomMargin", "placeholder": "", "prefix": "", "suffix": "", "defaultValue": "", "protected": false, "persistent": true, "hidden": false, "clearOnHide": false, "validate": {"required": false, "min": "", "max": "", "step": "any", "integer": "", "multiple": "", "custom": ""}, "type": "number", "labelPosition": "top", "tags": [], "conditional": {"show": "", "when": null, "eq": ""}, "properties": {}, "lockKey": true}], "width": 2, "offset": 0, "push": 0, "pull": 0}], "type": "columns", "tags": [], "conditional": {"show": "", "when": null, "eq": ""}, "properties": {}, "inDataGrid": true, "hideLabel": true}, {"autofocus": false, "input": true, "tree": true, "components": [{"clearOnHide": false, "label": "Columns", "input": false, "tableView": false, "key": "componentsColumnsColumns3Columns", "columns": [{"components": [{"autofocus": false, "input": true, "tableView": false, "label": "Type", "key": "sensorType", "placeholder": "", "data": {"values": [{"value": "strainHorizontal", "label": "Strain - Horizontal"}, {"value": "rosette", "label": "Rosette"}, {"value": "temperature", "label": "Temperature"}, {"value": "strainVertical", "label": "Strain - Vertical"}], "json": "", "url": "", "resource": "", "custom": ""}, "dataSrc": "values", "valueProperty": "", "defaultValue": "", "refreshOn": "", "filter": "", "authenticate": false, "template": "<span>{{ item.label }}</span>", "multiple": false, "protected": false, "unique": false, "persistent": true, "hidden": false, "clearOnHide": false, "validate": {"required": false}, "type": "select", "labelPosition": "top", "tags": [], "conditional": {"show": "", "when": null, "eq": ""}, "properties": {}, "lockKey": true}], "width": 3, "offset": 0, "push": 0, "pull": 0}, {"components": [{"autofocus": false, "input": true, "tableView": false, "label": "Position", "key": "position", "placeholder": "", "data": {"values": [{"value": "custom", "label": "Specify X/Y"}, {"value": "R2L", "label": "Right to Left - Girder"}, {"value": "L2R", "label": "Left to Right - Girder"}, {"value": "B2T", "label": "Bottom to Top - Column"}, {"value": "T2B", "label": "Top to Bottom - Column"}], "json": "", "url": "", "resource": "", "custom": ""}, "dataSrc": "values", "valueProperty": "", "defaultValue": "", "refreshOn": "", "filter": "", "authenticate": false, "template": "<span>{{ item.label }}</span>", "multiple": false, "protected": false, "unique": false, "persistent": true, "hidden": false, "clearOnHide": false, "validate": {"required": false}, "type": "select", "labelPosition": "top", "tags": [], "conditional": {"show": "", "when": null, "eq": ""}, "properties": {}, "lockKey": true, "customConditional": "show = data['sensorType']!='custom' && data['sensorType']!='temperature';"}, {"autofocus": false, "input": true, "tableView": false, "label": "Side", "key": "side", "placeholder": "", "data": {"values": [{"value": "left", "label": "Left"}, {"value": "right", "label": "Right"}, {"value": "bottom", "label": "Bottom"}, {"value": "top", "label": "Top"}, {"value": "up", "label": "Up"}, {"value": "down", "label": "Down"}, {"value": "bottom_up", "label": "Bottom Up"}, {"value": "bottom_down", "label": "Bottom Down"}, {"value": "web_up", "label": "Web Up"}, {"value": "web_down", "label": "Web Down"}], "json": "", "url": "", "resource": "", "custom": ""}, "dataSrc": "values", "valueProperty": "", "defaultValue": "", "refreshOn": "", "filter": "", "authenticate": false, "template": "<span>{{ item.label }}</span>", "multiple": false, "protected": false, "unique": false, "persistent": true, "hidden": false, "clearOnHide": false, "validate": {"required": false}, "type": "select", "labelPosition": "top", "tags": [], "conditional": {"show": "", "when": null, "eq": ""}, "properties": {}, "lockKey": true}], "width": 3, "offset": 0, "push": 0, "pull": 0}, {"components": [{"autofocus": false, "input": true, "tableView": false, "inputType": "number", "label": "First", "key": "typeFirst", "placeholder": "", "prefix": "", "suffix": "", "defaultValue": "", "protected": false, "persistent": true, "hidden": false, "clearOnHide": false, "validate": {"required": false, "min": "", "max": "", "step": "any", "integer": "", "multiple": "", "custom": ""}, "type": "number", "labelPosition": "top", "tags": [], "conditional": {"show": "", "when": null, "eq": ""}, "properties": {}, "lockKey": true, "tooltip": "First sensor number to use in this virtual sensor automatic layout"}, {"autofocus": false, "input": true, "tableView": false, "inputType": "number", "label": "Last", "key": "typeLast", "placeholder": "", "prefix": "", "suffix": "", "defaultValue": "", "protected": false, "persistent": true, "hidden": false, "clearOnHide": false, "validate": {"required": false, "min": "", "max": "", "step": "any", "integer": "", "multiple": "", "custom": ""}, "type": "number", "labelPosition": "top", "tags": [], "conditional": {"show": "false", "when": "sensorType", "eq": "rosette"}, "properties": {}, "lockKey": true, "customConditional": "", "tooltip": "Last sensor number to use in this virtual sensor automatic layout"}], "width": 3, "offset": 0, "push": 0, "pull": 0}, {"components": [{"autofocus": false, "input": true, "tableView": false, "inputType": "number", "label": "x", "key": "customX", "placeholder": "", "prefix": "", "suffix": "", "defaultValue": "", "protected": false, "persistent": true, "hidden": false, "clearOnHide": false, "validate": {"required": false, "min": "", "max": "", "step": "any", "integer": "", "multiple": "", "custom": ""}, "type": "number", "labelPosition": "top", "tags": [], "conditional": {"show": "true", "when": "position", "eq": "custom"}, "properties": {}, "lockKey": true, "customConditional": ""}, {"autofocus": false, "input": true, "tableView": false, "inputType": "number", "label": "y", "key": "customY", "placeholder": "", "prefix": "", "suffix": "", "defaultValue": "", "protected": false, "persistent": true, "hidden": false, "clearOnHide": false, "validate": {"required": false, "min": "", "max": "", "step": "any", "integer": "", "multiple": "", "custom": ""}, "type": "number", "labelPosition": "top", "tags": [], "conditional": {"show": "true", "when": "position", "eq": "custom"}, "properties": {}, "lockKey": true, "customConditional": ""}], "width": 3, "offset": 0, "push": 0, "pull": 0}], "type": "columns", "inDataGrid": true, "hideLabel": true, "tags": [], "conditional": {"show": "", "when": null, "eq": ""}, "properties": {}}], "tableView": false, "label": "Sensor Types", "key": "sensorTypes", "protected": false, "persistent": true, "hidden": false, "clearOnHide": false, "type": "datagrid", "addAnotherPosition": "bottom", "tags": [], "conditional": {"show": "", "when": null, "eq": ""}, "properties": {}, "lockKey": true, "addAnother": "Add Virtual Sensor"}], "width": 12, "offset": 0, "push": 0, "pull": 0}], "type": "columns", "tags": [], "conditional": {"show": "", "when": null, "eq": ""}, "properties": {}, "hideLabel": true}], "width": 12, "offset": 0, "push": 0, "pull": 0}], "type": "columns", "inDataGrid": true, "hideLabel": true, "tags": [], "conditional": {"show": "", "when": null, "eq": ""}, "properties": {}}], "tableView": false, "label": "Component", "key": "fiberComponent", "protected": false, "persistent": true, "hidden": false, "clearOnHide": false, "type": "datagrid", "addAnotherPosition": "bottom", "tags": [], "conditional": {"show": "", "when": null, "eq": ""}, "properties": {}, "lockKey": true, "addAnother": "Add Another Component", "hideLabel": true}], "type": "panel", "breadcrumb": "default", "hideLabel": false, "tags": [], "conditional": {"show": "", "when": null, "eq": ""}, "properties": {}, "collapsible": true, "collapsed": false, "lockKey": true}], "width": 12, "offset": 0, "push": 0, "pull": 0}], "type": "columns", "inDataGrid": true, "hideLabel": true, "tags": [], "conditional": {"show": "", "when": null, "eq": ""}, "properties": {}}], "tableView": false, "label": "Layout by Fiber", "key": "fibers", "protected": false, "persistent": true, "hidden": false, "clearOnHide": false, "type": "datagrid", "addAnotherPosition": "bottom", "tags": [], "conditional": {"show": "true", "when": "display-page", "eq": "layout"}, "properties": {}, "hideLabel": true, "addAnother": "Do Not Use - Set in Configuration", "lockKey": true, "validate": {"minLength": 1, "maxLength": 1}}, {"clearOnHide": false, "key": "componentsColumnsPanel", "input": false, "title": "Copy Fiber", "theme": "default", "tableView": false, "components": [{"clearOnHide": false, "label": "Columns", "input": false, "tableView": false, "key": "componentsColumnsPanelColumns", "columns": [{"components": [{"autofocus": false, "input": true, "tableView": false, "label": "From", "key": "copyFiberFrom", "placeholder": "", "data": {"values": [{"value": "", "label": ""}], "json": "", "url": "", "resource": "", "custom": "let existingIds = [];\nfor (let f of data.fibers) {\n    \n    if (typeof f.fiberComponent[0].componentId.value !== 'undefined') {\n        existingIds.push({label: f.fiberId, value: f.fiberId});\n    }\n}\nvalues = existingIds;"}, "dataSrc": "custom", "valueProperty": "", "defaultValue": "", "refreshOn": "", "filter": "", "authenticate": false, "template": "<span>{{ item.label }}</span>", "multiple": false, "protected": false, "unique": false, "persistent": false, "hidden": false, "clearOnHide": false, "validate": {"required": false}, "type": "select", "labelPosition": "left-left", "tags": [], "conditional": {"show": "", "when": null, "eq": ""}, "properties": {}, "lockKey": true, "labelWidth": 30, "labelMargin": 3}], "width": 4, "offset": 0, "push": 0, "pull": 0}, {"components": [{"autofocus": false, "input": true, "tableView": false, "label": "To", "key": "copyFiberTo", "placeholder": "", "data": {"values": [{"value": "", "label": ""}], "json": "", "url": "", "resource": "", "custom": "let existingIds = [];\nlet c = data.fibers;\nfor (let i = 0; i < c.length; i++) {\n    let l = c[i];\n    let v = l.fiberId;\n\n    existingIds.push({label: v, value: v});\n}\nvalues = existingIds;"}, "dataSrc": "custom", "valueProperty": "", "defaultValue": "", "refreshOn": "", "filter": "", "authenticate": false, "template": "<span>{{ item.label }}</span>", "multiple": false, "protected": false, "unique": false, "persistent": false, "hidden": false, "clearOnHide": false, "validate": {"required": false}, "type": "select", "labelPosition": "left-left", "tags": [], "conditional": {"show": "", "when": null, "eq": ""}, "properties": {}, "lockKey": true, "labelWidth": 30, "labelMargin": 3}], "width": 4, "offset": 0, "push": 0, "pull": 0}, {"components": [{"autofocus": false, "input": true, "label": "Copy", "tableView": false, "key": "componentsColumnsPanelColumnsCopy", "size": "md", "leftIcon": "", "rightIcon": "", "block": true, "action": "custom", "disableOnInvalid": false, "theme": "primary", "type": "button", "tags": [], "conditional": {"show": "", "when": null, "eq": ""}, "properties": {}, "custom": "let copy_from = null;\nlet copy_to = null;\nfor (let f in data.fibers) {\n    if (data.fibers[f].fiberId === data.copyFiberFrom.value)  {\n        copy_from = f;\n    }\n    if (data.fibers[f].fiberId === data.copyFiberTo.value)  {\n        copy_to = f;\n    }\n}\nif (copy_from !== null && copy_to !== null) {\n    let copy_data = JSON.parse(JSON.stringify(data.fibers[copy_from]));\n    copy_data.fiberId = data.copyFiberTo.value;\n    data.fibers[copy_to] = copy_data;\n}\nform.checkData();"}], "width": 4, "offset": 0, "push": 0, "pull": 0}], "type": "columns", "hideLabel": true, "tags": [], "conditional": {"show": "", "when": null, "eq": ""}, "properties": {}}], "type": "panel", "breadcrumb": "default", "tags": [], "conditional": {"show": "true", "when": "display-page", "eq": "layout"}, "properties": {}, "hideLabel": false}], "title": "Mapping: Design", "name": "mappingDesign", "path": "mapping-design", "display": "form", "access": [{"roles": ["627ddf364022c583b1b05f0d", "627ddf364022c52b7eb05f0e", "627ddf364022c5eb1bb05f0f"], "type": "read_all"}], "submissionAccess": [], "created": "2022-05-13T05:24:58.564Z", "modified": "2022-08-12T06:08:34.371Z", "machineName": "mapping-design.0.8.0"}