{"_id": "62f5cc8854d20afa0be4bfc7", "type": "form", "tags": ["common", "clone-form", "clone-submissions"], "owner": "627ddf364022c591c1b05f1b", "components": [{"clearOnHide": false, "key": "panel", "input": false, "title": "General Information", "theme": "default", "tableView": false, "components": [{"clearOnHide": false, "label": "Columns", "input": false, "tableView": false, "key": "columns", "columns": [{"components": [{"autofocus": false, "input": true, "tableView": true, "inputType": "text", "inputMask": "", "label": "Eloque ID", "key": "eloque_id", "placeholder": "", "prefix": "", "suffix": "", "multiple": false, "defaultValue": "", "protected": false, "unique": true, "persistent": true, "hidden": false, "clearOnHide": false, "spellcheck": false, "validate": {"required": true, "minLength": "", "maxLength": "", "pattern": "", "custom": "", "customPrivate": false}, "conditional": {"show": "", "when": null, "eq": ""}, "type": "textfield", "labelPosition": "top", "inputFormat": "plain", "tags": [], "properties": {}, "lockKey": true}, {"autofocus": false, "input": true, "tableView": true, "inputType": "text", "inputMask": "", "label": "Bridge Name", "key": "bridge_name", "placeholder": "", "prefix": "", "suffix": "", "multiple": false, "defaultValue": "", "protected": false, "unique": false, "persistent": true, "hidden": false, "clearOnHide": false, "spellcheck": false, "validate": {"required": false, "minLength": "", "maxLength": "", "pattern": "", "custom": "", "customPrivate": false}, "conditional": {"show": "", "when": null, "eq": ""}, "type": "textfield", "labelPosition": "top", "inputFormat": "plain", "tags": [], "properties": {}, "lockKey": true}], "width": 6, "offset": 0, "push": 0, "pull": 0}, {"components": [{"autofocus": false, "input": true, "tableView": true, "label": "Change Status", "key": "changeStatus", "placeholder": "", "data": {"values": [{"value": "started", "label": "Started"}, {"value": "pendingApproval", "label": "Pending Approval"}, {"value": "approved", "label": "Approved"}, {"value": "completed", "label": "Completed"}], "json": "", "url": "", "resource": "", "custom": ""}, "dataSrc": "values", "valueProperty": "", "defaultValue": "completed", "refreshOn": "", "filter": "", "authenticate": false, "template": "<span>{{ item.label }}</span>", "multiple": false, "protected": false, "unique": false, "persistent": true, "hidden": false, "clearOnHide": false, "validate": {"required": false}, "type": "select", "labelPosition": "top", "tags": [], "conditional": {"show": "", "when": null, "eq": ""}, "properties": {}, "lockKey": true}, {"autofocus": false, "input": true, "tableView": true, "label": "Last Change Date", "key": "lastChangeDate", "placeholder": "", "format": "yyyy-MM-dd hh:mm a", "enableDate": true, "enableTime": true, "defaultDate": "", "datepickerMode": "day", "datePicker": {"showWeeks": true, "startingDay": 0, "initDate": "", "minMode": "day", "maxMode": "year", "yearRows": 4, "yearColumns": 5, "minDate": null, "maxDate": null, "datepickerMode": "day"}, "timePicker": {"hourStep": 1, "minuteStep": 1, "showMeridian": true, "readonlyInput": false, "mousewheel": true, "arrowkeys": true}, "protected": false, "persistent": true, "hidden": false, "clearOnHide": true, "validate": {"required": false, "custom": ""}, "type": "datetime", "labelPosition": "top", "tags": [], "conditional": {"show": "", "when": null, "eq": ""}, "properties": {}, "lockKey": true}], "width": 6, "offset": 0, "push": 0, "pull": 0}], "type": "columns", "tags": [], "conditional": {"show": "", "when": null, "eq": ""}, "properties": {}, "hideLabel": true}, {"clearOnHide": false, "label": "Columns", "input": false, "tableView": false, "key": "panelColumns", "columns": [{"components": [{"autofocus": false, "input": true, "tableView": false, "inputType": "text", "inputMask": "", "label": "Form Version", "key": "_form_version", "placeholder": "", "prefix": "", "suffix": "", "multiple": false, "defaultValue": "", "protected": false, "unique": false, "persistent": true, "hidden": true, "clearOnHide": false, "spellcheck": false, "validate": {"required": false, "minLength": "", "maxLength": "", "pattern": "", "custom": "", "customPrivate": false}, "conditional": {"show": "", "when": null, "eq": ""}, "type": "textfield", "labelPosition": "top", "inputFormat": "plain", "tags": [], "properties": {}, "lockKey": true}], "width": 6, "offset": 0, "push": 0, "pull": 0}, {"components": [{"autofocus": false, "input": true, "tableView": false, "inputType": "number", "label": "Version", "key": "_version", "placeholder": "", "prefix": "", "suffix": "", "defaultValue": "0", "protected": false, "persistent": true, "hidden": true, "clearOnHide": false, "validate": {"required": false, "min": "", "max": "", "step": "any", "integer": "", "multiple": "", "custom": ""}, "type": "number", "labelPosition": "top", "tags": [], "conditional": {"show": "", "when": null, "eq": ""}, "properties": {}, "lockKey": true}, {"autofocus": false, "input": true, "tableView": false, "inputType": "text", "inputMask": "", "label": "Show Create KPI Button", "key": "showCreateKpis", "placeholder": "", "prefix": "", "suffix": "", "multiple": false, "defaultValue": "", "protected": false, "unique": false, "persistent": true, "hidden": true, "clearOnHide": false, "spellcheck": false, "validate": {"required": false, "minLength": "", "maxLength": "", "pattern": "", "custom": "", "customPrivate": false}, "conditional": {"show": "", "when": null, "eq": ""}, "type": "textfield", "labelPosition": "top", "inputFormat": "plain", "tags": [], "properties": {}, "lockKey": true, "calculateValue": "let show_build = false;\nif (data.kpi_limits.length === 1) {\n    show_build = true;\n}\nvalue = show_build;\n"}], "width": 6, "offset": 0, "push": 0, "pull": 0}], "type": "columns", "hideLabel": true, "tags": [], "conditional": {"show": "", "when": null, "eq": ""}, "properties": {}}, {"clearOnHide": false, "label": "Columns", "input": false, "tableView": false, "key": "panelColumns2", "columns": [{"components": [{"autofocus": false, "input": true, "label": "Create KPIs", "tableView": false, "key": "createKpIs", "size": "md", "leftIcon": "", "rightIcon": "", "block": false, "action": "custom", "disableOnInvalid": false, "theme": "primary", "type": "button", "tags": [], "conditional": {"show": "true", "when": "showCreateKpis", "eq": "true"}, "properties": {}, "custom": "let kpis = ['Missing Readings','Battery Voltage','Current','Door','Latency','RH Bottom','RH Top','Temp Bottom','Temp Top','CPU Temp','Sampling Rate','# Fibers','Total Sensors','F01 # Sensors','F02 # Sensors','F03 # Sensors','F04 # Sensors','F05 # Sensors','F06 # Sensors','F07 # Sensors','F08 # Sensors'];\nlet toTest = data.kpi_limits;\nfor (let f of kpis) {\n    if (missingKpi(toTest, f)) {\n        data.kpi_limits.push({'kpi_name': f});\n    }\n}\n\nfunction missingKpi(arr, f) {\n    return !arr.find(o => o.kpi_name === f);\n}"}], "width": 8, "offset": 0, "push": 0, "pull": 0}, {"components": [{"autofocus": false, "input": true, "label": "Cancel", "tableView": false, "key": "submit2", "size": "md", "leftIcon": "", "rightIcon": "", "block": true, "action": "custom", "disableOnInvalid": false, "theme": "info", "type": "button", "tags": [], "conditional": {"show": "", "when": null, "eq": ""}, "properties": {}, "custom": "window.close();"}], "width": 2, "offset": 0, "push": 0, "pull": 0}, {"components": [{"autofocus": false, "input": true, "label": "Save", "tableView": false, "key": "submit", "size": "md", "leftIcon": "", "rightIcon": "", "block": true, "action": "custom", "disableOnInvalid": false, "theme": "success", "type": "button", "tags": [], "conditional": {"show": "", "when": null, "eq": ""}, "properties": {}, "custom": "// check status and update Last Change Date\nif (data.changeStatus === 'approved') {\n    var today = new Date();\n    /*\n    var dd = String(today.getDate()).padStart(2, '0');\n    var mm = String(today.getMonth() + 1).padStart(2, '0'); //January is 0!\n    var yyyy = today.getFullYear();\n    today = mm + '/' + dd + '/' + yyyy;\n*/\n\n    data.changeStatus = 'completed';\n    data.lastChangeDate = today;\n}\n\n\nform.submit();\nwindow.close();"}], "width": 2, "offset": 0, "push": 0, "pull": 0}], "type": "columns", "hideLabel": true, "tags": [], "conditional": {"show": "", "when": null, "eq": ""}, "properties": {}}], "type": "panel", "breadcrumb": "default", "hideLabel": false, "tags": [], "conditional": {"show": "", "when": null, "eq": ""}, "properties": {}}, {"clearOnHide": false, "key": "panel2", "input": false, "title": "Change Record", "theme": "default", "tableView": false, "components": [{"clearOnHide": false, "label": "Columns", "input": false, "tableView": false, "key": "columns2", "columns": [{"components": [{"autofocus": false, "input": true, "tableView": true, "label": "Reason for Change", "key": "reasonForChange", "placeholder": "", "prefix": "", "suffix": "", "rows": 5, "multiple": false, "defaultValue": "", "protected": false, "persistent": true, "hidden": false, "wysiwyg": false, "clearOnHide": true, "spellcheck": true, "validate": {"required": false, "minLength": "", "maxLength": "", "pattern": "", "custom": ""}, "type": "textarea", "labelPosition": "top", "inputFormat": "plain", "tags": [], "conditional": {"show": "", "when": null, "eq": ""}, "properties": {}, "lockKey": true}], "width": 6, "offset": 0, "push": 0, "pull": 0}, {"components": [{"autofocus": false, "input": true, "tableView": true, "label": "All Alerts", "key": "allAlertStatus", "placeholder": "", "data": {"values": [{"value": "on", "label": "On"}, {"value": "off", "label": "Off"}], "json": "", "url": "", "resource": "", "custom": ""}, "dataSrc": "values", "valueProperty": "", "defaultValue": "on", "refreshOn": "", "filter": "", "authenticate": false, "template": "<span>{{ item.label }}</span>", "multiple": false, "protected": false, "unique": false, "persistent": true, "hidden": false, "clearOnHide": true, "validate": {"required": false}, "type": "select", "labelPosition": "top", "tags": [], "conditional": {"show": "", "when": null, "eq": ""}, "properties": {}, "labelWidth": 30, "labelMargin": 3, "lockKey": true}, {"autofocus": false, "input": true, "tableView": true, "label": "Approver", "key": "approver", "placeholder": "", "data": {"values": [{"value": "", "label": ""}], "json": "", "url": "", "resource": "627ddf364022c5ad12b05f10", "custom": ""}, "dataSrc": "resource", "valueProperty": "data.email", "defaultValue": "", "refreshOn": "", "filter": "", "authenticate": false, "template": "<span>{{ item.data.email }}</span>", "multiple": false, "protected": false, "unique": false, "persistent": true, "hidden": false, "clearOnHide": true, "validate": {"required": false}, "type": "select", "labelPosition": "top", "tags": [], "conditional": {"show": "", "when": null, "eq": ""}, "properties": {}, "searchField": "data.email__regex", "lockKey": true}], "width": 6, "offset": 0, "push": 0, "pull": 0}], "type": "columns", "tags": [], "conditional": {"show": "", "when": null, "eq": ""}, "properties": {}, "hideLabel": true}], "type": "panel", "breadcrumb": "default", "hideLabel": false, "tags": [], "conditional": {"show": "false", "when": "changeStatus", "eq": "completed"}, "properties": {}}, {"clearOnHide": false, "key": "panelManageLimits", "input": false, "title": "Manage Limits and Notifications", "theme": "default", "tableView": false, "components": [{"autofocus": false, "input": true, "tree": true, "components": [{"clearOnHide": false, "label": "Columns", "input": false, "tableView": false, "key": "kpiLimitsColumns", "columns": [{"components": [{"clearOnHide": false, "label": "Columns", "input": false, "tableView": false, "key": "kpisColumnsColumns2", "columns": [{"components": [{"autofocus": false, "input": true, "tableView": false, "inputType": "text", "inputMask": "", "label": "KPI Name", "key": "kpi_name", "placeholder": "", "prefix": "", "suffix": "", "multiple": false, "defaultValue": "", "protected": false, "unique": false, "persistent": true, "hidden": false, "clearOnHide": false, "spellcheck": false, "validate": {"required": false, "minLength": "", "maxLength": "", "pattern": "", "custom": "", "customPrivate": false}, "conditional": {"show": "", "when": null, "eq": ""}, "type": "textfield", "inDataGrid": true, "labelPosition": "top", "inputFormat": "plain", "tags": [], "properties": {}, "lockKey": true, "disabled": true, "dataGridLabel": true}, {"autofocus": false, "input": true, "inputType": "checkbox", "tableView": true, "label": "Alert when Limit crossed?", "dataGridLabel": false, "key": "alertsOn", "defaultValue": false, "protected": false, "persistent": true, "hidden": false, "name": "", "value": "", "clearOnHide": true, "validate": {"required": false}, "type": "checkbox", "labelPosition": "right", "hideLabel": false, "tags": [], "conditional": {"show": "", "when": null, "eq": ""}, "properties": {}, "lockKey": true}], "width": 3, "offset": 0, "push": 0, "pull": 0}, {"components": [{"autofocus": false, "input": true, "tableView": false, "inputType": "number", "label": "Min", "key": "min", "placeholder": "", "prefix": "", "suffix": "", "defaultValue": "", "protected": false, "persistent": true, "hidden": false, "clearOnHide": false, "validate": {"required": false, "min": "", "max": "", "step": "any", "integer": "", "multiple": "", "custom": ""}, "type": "number", "inDataGrid": true, "labelPosition": "top", "tags": [], "conditional": {"show": "", "when": null, "eq": ""}, "properties": {}, "lockKey": true, "labelWidth": 30, "labelMargin": 3, "dataGridLabel": true}], "width": 1, "offset": 0, "push": 0, "pull": 0}, {"components": [{"autofocus": false, "input": true, "tableView": false, "inputType": "number", "label": "Low-3", "key": "lll", "placeholder": "", "prefix": "", "suffix": "", "defaultValue": "", "protected": false, "persistent": true, "hidden": false, "clearOnHide": false, "validate": {"required": false, "min": "", "max": "", "step": "any", "integer": "", "multiple": "", "custom": ""}, "type": "number", "inDataGrid": true, "labelPosition": "top", "tags": [], "conditional": {"show": "", "when": null, "eq": ""}, "properties": {}, "lockKey": true, "labelWidth": 30, "labelMargin": 3, "dataGridLabel": true}], "width": 1, "offset": 0, "push": 0, "pull": 0}, {"components": [{"autofocus": false, "input": true, "tableView": false, "inputType": "number", "label": "Low-2", "key": "ll", "placeholder": "", "prefix": "", "suffix": "", "defaultValue": "", "protected": false, "persistent": true, "hidden": false, "clearOnHide": false, "validate": {"required": false, "min": "", "max": "", "step": "any", "integer": "", "multiple": "", "custom": ""}, "type": "number", "inDataGrid": true, "labelPosition": "top", "tags": [], "conditional": {"show": "", "when": null, "eq": ""}, "properties": {}, "lockKey": true, "labelWidth": 30, "labelMargin": 3, "dataGridLabel": true}], "width": 1, "offset": 0, "push": 0, "pull": 0}, {"components": [{"clearOnHide": false, "label": "Columns", "input": false, "tableView": false, "key": "kpisColumns", "columns": [{"components": [{"autofocus": false, "input": true, "tableView": false, "inputType": "number", "label": "Low", "key": "l", "placeholder": "", "prefix": "", "suffix": "", "defaultValue": "", "protected": false, "persistent": true, "hidden": false, "clearOnHide": false, "validate": {"required": false, "min": "", "max": "", "step": "any", "integer": "", "multiple": "", "custom": ""}, "type": "number", "inDataGrid": true, "labelPosition": "top", "tags": [], "conditional": {"show": "", "when": null, "eq": ""}, "properties": {}, "lockKey": true, "dataGridLabel": true, "labelWidth": 30, "labelMargin": 3}], "width": 12, "offset": 0, "push": 0, "pull": 0}], "type": "columns", "inDataGrid": true, "tags": [], "conditional": {"show": "", "when": null, "eq": ""}, "properties": {}, "hideLabel": true}], "width": 1, "offset": 0, "push": 0, "pull": 0}, {"components": [{"autofocus": false, "input": true, "tableView": false, "inputType": "number", "label": "Target", "key": "Target", "placeholder": "", "prefix": "", "suffix": "", "defaultValue": "", "protected": false, "persistent": true, "hidden": false, "clearOnHide": false, "validate": {"required": false, "min": "", "max": "", "step": "any", "integer": "", "multiple": "", "custom": ""}, "type": "number", "inDataGrid": true, "labelPosition": "top", "tags": [], "conditional": {"show": "", "when": null, "eq": ""}, "properties": {}, "lockKey": true, "labelWidth": 30, "labelMargin": 3, "dataGridLabel": true}], "width": 1, "offset": 0, "push": 0, "pull": 0}, {"components": [{"autofocus": false, "input": true, "tableView": false, "inputType": "number", "label": "High", "key": "h", "placeholder": "", "prefix": "", "suffix": "", "defaultValue": "", "protected": false, "persistent": true, "hidden": false, "clearOnHide": false, "validate": {"required": false, "min": "", "max": "", "step": "any", "integer": "", "multiple": "", "custom": ""}, "type": "number", "inDataGrid": true, "labelPosition": "top", "tags": [], "conditional": {"show": "", "when": null, "eq": ""}, "properties": {}, "lockKey": true, "labelWidth": 30, "labelMargin": 3, "dataGridLabel": true}], "width": 1, "offset": 0, "push": 0, "pull": 0}, {"components": [{"autofocus": false, "input": true, "tableView": false, "inputType": "number", "label": "High+2", "key": "hh", "placeholder": "", "prefix": "", "suffix": "", "defaultValue": "", "protected": false, "persistent": true, "hidden": false, "clearOnHide": false, "validate": {"required": false, "min": "", "max": "", "step": "any", "integer": "", "multiple": "", "custom": ""}, "type": "number", "inDataGrid": true, "labelPosition": "top", "tags": [], "conditional": {"show": "", "when": null, "eq": ""}, "properties": {}, "lockKey": true, "labelWidth": 30, "labelMargin": 3, "dataGridLabel": true}], "width": 1, "offset": 0, "push": 0, "pull": 0}, {"components": [{"autofocus": false, "input": true, "tableView": false, "inputType": "number", "label": "High+3", "key": "hhh", "placeholder": "", "prefix": "", "suffix": "", "defaultValue": "", "protected": false, "persistent": true, "hidden": false, "clearOnHide": false, "validate": {"required": false, "min": "", "max": "", "step": "any", "integer": "", "multiple": "", "custom": ""}, "type": "number", "inDataGrid": true, "labelPosition": "top", "tags": [], "conditional": {"show": "", "when": null, "eq": ""}, "properties": {}, "lockKey": true, "dataGridLabel": true, "labelWidth": 30, "labelMargin": 3}], "width": 1, "offset": 0, "push": 0, "pull": 0}, {"components": [{"autofocus": false, "input": true, "tableView": false, "inputType": "number", "label": "Max", "key": "max", "placeholder": "", "prefix": "", "suffix": "", "defaultValue": "", "protected": false, "persistent": true, "hidden": false, "clearOnHide": false, "validate": {"required": false, "min": "", "max": "", "step": "any", "integer": "", "multiple": "", "custom": ""}, "type": "number", "inDataGrid": true, "labelPosition": "top", "tags": [], "conditional": {"show": "", "when": null, "eq": ""}, "properties": {}, "lockKey": true, "labelWidth": 30, "labelMargin": 3, "dataGridLabel": true}], "width": 1, "offset": 0, "push": 0, "pull": 0}], "type": "columns", "tags": [], "conditional": {"show": "", "when": null, "eq": ""}, "properties": {}, "inDataGrid": true, "hideLabel": true}], "width": 12, "offset": 0, "push": 0, "pull": 0}], "type": "columns", "inDataGrid": true, "hideLabel": true, "tags": [], "conditional": {"show": "", "when": null, "eq": ""}, "properties": {}}], "tableView": false, "label": "KPIs", "key": "kpi_limits", "protected": false, "persistent": true, "hidden": false, "clearOnHide": false, "type": "datagrid", "addAnotherPosition": "bottom", "tags": [], "conditional": {"show": "", "when": null, "eq": ""}, "properties": {}, "hideLabel": true, "lockKey": true, "addAnother": "Add KPI", "validate": {"minLength": 0, "maxLength": null}}], "type": "panel", "breadcrumb": "default", "hideLabel": false, "tags": [], "conditional": {"show": "true", "when": "showCreateKpis", "eq": "false"}, "properties": {}, "lockKey": true}], "title": "OPS Control Panel Limits", "name": "opsControlPanelLimits", "path": "ops-limits", "display": "form", "access": [{"roles": ["627ddf364022c583b1b05f0d", "627ddf364022c52b7eb05f0e", "627ddf364022c5eb1bb05f0f"], "type": "read_all"}], "submissionAccess": [], "created": "2022-05-13T05:40:37.236Z", "modified": "2022-08-12T06:08:17.032Z", "machineName": "ops-limits.0.5.0"}