{"_id": "62f5ccae54d20a9a0fe4c035", "owner": "627ddf364022c591c1b05f1b", "roles": [], "data": {"eloque_id": "AU-03KAL-BR1051", "bridge_name": "Kalkallo", "asset_id": "SN1051_KALKALLO", "sharepoint_name": "3KAL-51", "structure_id": "SN1051", "classification": ["I-A"], "save-excel": false, "jinja_template": "", "lock-configuration": false, "coordinates_latitude": -37.52816, "coordinates_longitude": 144.94768, "totalSpans": "", "totalGirders": "", "totalPiers": "", "totalPierCrossheads": "", "totalPierColumns": "", "totalTransverseLanes": "", "totalLanes": "", "fiberType": "", "totalFibers": "", "path": "mapping-sensors"}, "access": [], "form": "62f5ccad54d20a5d9ae4c033", "externalIds": [], "created": "2022-08-12T03:44:46.043Z", "modified": "2022-08-12T06:08:57.373Z"}