{"_id": "62f5ccb854d20ae433e4c051", "type": "resource", "tags": ["common", "clone-form", "clone-submissions"], "owner": "627ddf364022c591c1b05f1b", "components": [{"clearOnHide": false, "key": "panel", "input": false, "title": "Form", "theme": "default", "tableView": false, "components": [{"clearOnHide": false, "label": "Columns", "input": false, "tableView": false, "key": "panelColumns", "columns": [{"components": [{"autofocus": false, "input": true, "tableView": true, "inputType": "text", "inputMask": "", "label": "Form Path", "key": "id", "placeholder": "", "prefix": "", "suffix": "", "multiple": false, "defaultValue": "", "protected": false, "unique": false, "persistent": true, "hidden": false, "clearOnHide": false, "spellcheck": false, "validate": {"required": true, "minLength": "", "maxLength": "", "pattern": "", "custom": "", "customPrivate": false}, "conditional": {"show": "", "when": null, "eq": ""}, "type": "textfield", "labelPosition": "top", "inputFormat": "plain", "tags": [], "properties": {}, "lockKey": true}], "width": 4, "offset": 0, "push": 0, "pull": 0}, {"components": [{"autofocus": false, "input": true, "tableView": true, "inputType": "text", "inputMask": "", "label": "Description", "key": "description", "placeholder": "", "prefix": "", "suffix": "", "multiple": false, "defaultValue": "", "protected": false, "unique": false, "persistent": true, "hidden": false, "clearOnHide": false, "spellcheck": false, "validate": {"required": true, "minLength": "", "maxLength": "", "pattern": "", "custom": "", "customPrivate": false}, "conditional": {"show": "", "when": null, "eq": ""}, "type": "textfield", "labelPosition": "top", "inputFormat": "plain", "tags": [], "properties": {}, "lockKey": true}], "width": 8, "offset": 0, "push": 0, "pull": 0}], "type": "columns", "hideLabel": true, "tags": [], "conditional": {"show": "", "when": null, "eq": ""}, "properties": {}}, {"clearOnHide": false, "label": "Columns", "input": false, "tableView": false, "key": "panelColumns2", "columns": [{"components": [{"autofocus": false, "input": true, "tableView": true, "inputType": "text", "inputMask": "", "label": "Key Field ID", "key": "keyfield", "placeholder": "", "prefix": "", "suffix": "", "multiple": false, "defaultValue": "", "protected": false, "unique": false, "persistent": true, "hidden": false, "clearOnHide": false, "spellcheck": false, "validate": {"required": true, "minLength": "", "maxLength": "", "pattern": "", "custom": "", "customPrivate": false}, "conditional": {"show": "", "when": null, "eq": ""}, "type": "textfield", "labelPosition": "top", "inputFormat": "plain", "tags": [], "properties": {}, "lockKey": true}], "width": 4, "offset": 0, "push": 0, "pull": 0}, {"components": [{"autofocus": false, "input": true, "tableView": true, "label": "Use Group", "key": "app_useage", "placeholder": "", "data": {"values": [{"value": "applicationResources", "label": "Application Resources"}, {"value": "submissions", "label": "Submissions"}, {"value": "dataTenancy", "label": "Data Tenancy"}, {"value": "documents", "label": "Documents"}, {"value": "promotion", "label": "Promotion"}, {"value": "application", "label": "Application"}, {"value": "internal", "label": "Internal"}], "json": "", "url": "", "resource": "", "custom": ""}, "dataSrc": "values", "valueProperty": "", "defaultValue": "", "refreshOn": "", "filter": "", "authenticate": false, "template": "<span>{{ item.label }}</span>", "multiple": false, "protected": false, "unique": false, "persistent": true, "hidden": false, "clearOnHide": false, "validate": {"required": true}, "type": "select", "labelPosition": "top", "tags": [], "conditional": {"show": "", "when": null, "eq": ""}, "properties": {}, "lockKey": true}], "width": 4, "offset": 0, "push": 0, "pull": 0}, {"components": [{"autofocus": false, "input": true, "inputType": "checkbox", "tableView": true, "label": "Add Workflow?", "dataGridLabel": false, "key": "panelColumns2AddWorkflow", "defaultValue": false, "protected": false, "persistent": true, "hidden": false, "name": "", "value": "", "clearOnHide": true, "validate": {"required": false}, "type": "checkbox", "labelPosition": "top", "hideLabel": false, "tags": [], "conditional": {"show": "", "when": null, "eq": ""}, "properties": {}}], "width": 4, "offset": 0, "push": 0, "pull": 0}], "type": "columns", "hideLabel": true, "tags": [], "conditional": {"show": "", "when": null, "eq": ""}, "properties": {}}, {"autofocus": false, "input": true, "tableView": false, "inputType": "text", "inputMask": "", "label": "Version", "key": "_version", "placeholder": "", "prefix": "", "suffix": "", "multiple": false, "defaultValue": "0", "protected": false, "unique": false, "persistent": true, "hidden": true, "clearOnHide": false, "spellcheck": false, "validate": {"required": false, "minLength": "", "maxLength": "", "pattern": "", "custom": "", "customPrivate": false}, "conditional": {"show": "", "when": null, "eq": ""}, "type": "textfield", "labelPosition": "top", "inputFormat": "plain", "tags": [], "properties": {}, "lockKey": true}, {"autofocus": false, "input": true, "tableView": false, "inputType": "text", "inputMask": "", "label": "Form Version", "key": "_form_version", "placeholder": "", "prefix": "", "suffix": "", "multiple": false, "defaultValue": "", "protected": false, "unique": false, "persistent": true, "hidden": true, "clearOnHide": false, "spellcheck": false, "validate": {"required": false, "minLength": "", "maxLength": "", "pattern": "", "custom": "", "customPrivate": false}, "conditional": {"show": "", "when": null, "eq": ""}, "type": "textfield", "labelPosition": "top", "inputFormat": "plain", "tags": [], "properties": {}, "lockKey": true}], "type": "panel", "breadcrumb": "default", "hideLabel": false, "tags": [], "conditional": {"show": "", "when": null, "eq": ""}, "properties": {}}, {"clearOnHide": false, "key": "panel2", "input": false, "title": "Post Submit Workflows", "theme": "default", "tableView": false, "components": [{"autofocus": false, "input": true, "tree": true, "components": [{"clearOnHide": false, "label": "Columns", "input": false, "tableView": false, "key": "actionsColumns", "columns": [{"components": [{"clearOnHide": false, "label": "Columns", "input": false, "tableView": false, "key": "panel2Columns", "columns": [{"components": [{"autofocus": false, "input": true, "tableView": false, "inputType": "text", "inputMask": "", "label": "Description", "key": "title", "placeholder": "", "prefix": "", "suffix": "", "multiple": false, "defaultValue": "", "protected": false, "unique": false, "persistent": true, "hidden": false, "clearOnHide": false, "spellcheck": false, "validate": {"required": true, "minLength": "", "maxLength": "", "pattern": "", "custom": "", "customPrivate": false}, "conditional": {"show": "", "when": null, "eq": ""}, "type": "textfield", "inDataGrid": true, "labelPosition": "top", "inputFormat": "plain", "tags": [], "properties": {}, "lockKey": true}], "width": 4, "offset": 0, "push": 0, "pull": 0}, {"components": [{"autofocus": false, "input": true, "tableView": false, "label": "When this field is 'true'", "key": "trigger_field_id", "placeholder": "", "data": {"values": [{"value": "", "label": "always trigger"}, {"value": "update-metadata", "label": "Update Metadata"}, {"value": "update-as-design", "label": "Update As-Design"}, {"value": "update-as-built", "label": "Update As-Built"}, {"value": "update-json", "label": "Update JSON"}, {"value": "save-excel", "label": "Save Excel"}, {"value": "other", "label": "Other"}, {"value": "always", "label": "Always"}], "json": "", "url": "", "resource": "", "custom": ""}, "dataSrc": "values", "valueProperty": "", "defaultValue": "", "refreshOn": "", "filter": "", "authenticate": false, "template": "<span>{{ item.label }}</span>", "multiple": false, "protected": false, "unique": false, "persistent": true, "hidden": false, "clearOnHide": false, "validate": {"required": false}, "type": "select", "inDataGrid": true, "labelPosition": "top", "tags": [], "conditional": {"show": "", "when": null, "eq": ""}, "properties": {}, "lockKey": true, "tooltip": "Some Actions are automatic when Save is pressed:"}], "width": 4, "offset": 0, "push": 0, "pull": 0}, {"components": [{"autofocus": false, "input": true, "tableView": false, "inputType": "text", "inputMask": "", "label": "Other Trigger Field ID", "key": "panel2ColumnsFieldId", "placeholder": "", "prefix": "", "suffix": "", "multiple": false, "defaultValue": "", "protected": false, "unique": false, "persistent": true, "hidden": false, "clearOnHide": false, "spellcheck": false, "validate": {"required": false, "minLength": "", "maxLength": "", "pattern": "", "custom": "", "customPrivate": false}, "conditional": {"show": "true", "when": "trigger_field_id", "eq": "other"}, "type": "textfield", "labelPosition": "top", "inputFormat": "plain", "tags": [], "properties": {}}], "width": 4, "offset": 0, "push": 0, "pull": 0}], "type": "columns", "tags": [], "conditional": {"show": "", "when": null, "eq": ""}, "properties": {}, "hideLabel": true}, {"autofocus": false, "input": true, "tree": true, "components": [{"autofocus": false, "input": true, "tableView": false, "label": "Method", "key": "method", "placeholder": "", "data": {"values": [{"value": "update_initial_mapping", "label": "Update Initial Mapping"}, {"value": "update_metadata", "label": "Update Metadata"}, {"value": "build_json", "label": "Update JSON"}, {"value": "resource", "label": "Save Resource JSON"}, {"value": "promote_form", "label": "Promote"}, {"value": "change_password", "label": "Change Password"}, {"value": "save_excel", "label": "Save Excel"}, {"value": "build_layout", "label": "Build Layout"}, {"value": "map_data", "label": "Map Data"}, {"value": "save_map_data", "label": "Save Mapped Data"}, {"value": "save_layout", "label": "Save Layout"}], "json": "", "url": "", "resource": "", "custom": ""}, "dataSrc": "values", "valueProperty": "", "defaultValue": "", "refreshOn": "", "filter": "", "authenticate": false, "template": "<span>{{ item.label }}</span>", "multiple": false, "protected": false, "unique": false, "persistent": true, "hidden": false, "clearOnHide": false, "validate": {"required": false}, "type": "select", "inDataGrid": true, "labelPosition": "top", "tags": [], "conditional": {"show": "", "when": null, "eq": ""}, "properties": {}, "lockKey": true}, {"autofocus": false, "input": true, "tableView": true, "inputType": "text", "inputMask": "", "label": "Argument", "key": "argument", "placeholder": "", "prefix": "", "suffix": "", "multiple": false, "defaultValue": "", "protected": false, "unique": false, "persistent": true, "hidden": false, "clearOnHide": true, "spellcheck": true, "validate": {"required": false, "minLength": "", "maxLength": "", "pattern": "", "custom": "", "customPrivate": false}, "conditional": {"show": "", "when": null, "eq": ""}, "type": "textfield", "inDataGrid": true, "labelPosition": "top", "inputFormat": "plain", "tags": [], "properties": {}, "lockKey": true}], "tableView": false, "label": "Actions", "key": "workflowActions", "protected": false, "persistent": true, "hidden": false, "clearOnHide": false, "type": "datagrid", "addAnotherPosition": "bottom", "tags": [], "conditional": {"show": "", "when": null, "eq": ""}, "properties": {}, "addAnother": "Action", "lockKey": true, "hideLabel": false}], "width": 12, "offset": 0, "push": 0, "pull": 0}], "type": "columns", "inDataGrid": true, "hideLabel": true, "tags": [], "conditional": {"show": "", "when": null, "eq": ""}, "properties": {}}], "tableView": true, "label": "Workflow", "key": "workflows", "protected": false, "persistent": true, "hidden": false, "clearOnHide": false, "type": "datagrid", "addAnotherPosition": "bottom", "tags": [], "conditional": {"show": "", "when": null, "eq": ""}, "properties": {}, "hideLabel": true, "lockKey": true, "addAnother": "Workflow"}], "type": "panel", "breadcrumb": "default", "hideLabel": false, "tags": [], "conditional": {"show": "true", "when": "panelColumns2AddWorkflow", "eq": "true"}, "properties": {}}, {"clearOnHide": false, "label": "Columns", "input": false, "tableView": false, "key": "columns", "columns": [{"components": [], "width": 8, "offset": 0, "push": 0, "pull": 0}, {"components": [{"autofocus": false, "input": true, "label": "Cancel", "tableView": false, "key": "submit2", "size": "md", "leftIcon": "", "rightIcon": "", "block": true, "action": "custom", "disableOnInvalid": false, "theme": "info", "type": "button", "tags": [], "conditional": {"show": "", "when": null, "eq": ""}, "properties": {}, "custom": "window.close();"}], "width": 2, "offset": 0, "push": 0, "pull": 0}, {"components": [{"autofocus": false, "input": true, "label": "Save", "tableView": false, "key": "submit", "size": "md", "leftIcon": "", "rightIcon": "", "block": true, "action": "custom", "disableOnInvalid": false, "theme": "success", "type": "button", "tags": [], "conditional": {"show": "", "when": null, "eq": ""}, "properties": {}, "custom": "data._version = parseInt(data._version) + 1\nform.submit();\nwindow.close();"}], "width": 2, "offset": 0, "push": 0, "pull": 0}], "type": "columns", "hideLabel": true, "tags": [], "conditional": {"show": "", "when": null, "eq": ""}, "properties": {}}], "display": "form", "submissionAccess": [{"roles": ["627ddf364022c52b7eb05f0e"], "type": "create_own"}, {"roles": ["627ddf364022c52b7eb05f0e"], "type": "read_own"}, {"roles": ["627ddf364022c52b7eb05f0e"], "type": "update_own"}, {"roles": ["627ddf364022c52b7eb05f0e"], "type": "delete_own"}], "title": "Application Forms", "name": "applicationForms", "path": "app-forms", "access": [{"roles": ["627ddf364022c583b1b05f0d", "627ddf364022c52b7eb05f0e", "627ddf364022c5eb1bb05f0f"], "type": "read_all"}], "created": "2022-05-16T02:41:41.430Z", "modified": "2022-08-12T06:09:11.741Z", "machineName": "app-forms.0.10.0"}