{"_id": "62f5cc8954d20ae550e4bfcb", "type": "form", "tags": ["common", "tools", "bridges", "canRename", "clone-form", "clone-submissions"], "owner": "627ddf364022c591c1b05f1b", "components": [{"clearOnHide": false, "key": "panel", "input": false, "title": "New Asset", "theme": "default", "tableView": false, "components": [{"clearOnHide": false, "label": "Columns", "input": false, "tableView": false, "key": "panelColumns", "columns": [{"components": [{"autofocus": false, "input": true, "tableView": false, "label": "Country", "key": "country", "placeholder": "", "data": {"values": [{"value": "AU", "label": "Australia"}, {"value": "US", "label": "United States"}, {"value": "NZ", "label": "New Zealand"}], "json": "", "url": "../../../../form/country/submission", "resource": "62c388c1d39bf86c0e70ff87", "custom": "", "headers": [{"value": "", "key": ""}]}, "dataSrc": "url", "valueProperty": "", "defaultValue": "", "refreshOn": "", "filter": "", "authenticate": false, "template": "<span>{{ item.data.id }} - {{ item.data.description }}</span>", "multiple": false, "protected": false, "unique": false, "persistent": false, "hidden": false, "clearOnHide": false, "validate": {"required": true}, "type": "select", "labelPosition": "top", "tags": [], "conditional": {"show": "", "when": null, "eq": ""}, "properties": {}, "lockKey": true, "selectFields": "data"}, {"autofocus": false, "input": true, "tableView": false, "label": "State/Territory", "key": "state", "placeholder": "", "data": {"values": [{"value": "03", "label": "Victoria"}, {"value": "WA", "label": "Washington"}, {"value": "CA", "label": "California"}], "json": "", "url": "", "resource": "", "custom": "table = JSON.parse(data.country.data.json_table );\nvalues = table.json_table;"}, "dataSrc": "custom", "valueProperty": "", "defaultValue": "", "refreshOn": "country", "filter": "", "authenticate": false, "template": "<span>{{ item.label }}</span>", "multiple": false, "protected": false, "unique": false, "persistent": false, "hidden": false, "clearOnHide": false, "validate": {"required": true}, "type": "select", "labelPosition": "top", "tags": [], "conditional": {"show": "", "when": null, "eq": ""}, "properties": {}, "lockKey": true, "clearOnRefresh": true}, {"autofocus": false, "input": true, "tableView": false, "inputType": "text", "inputMask": "", "label": "Changed Location", "key": "asset_location", "placeholder": "", "prefix": "", "suffix": "", "multiple": false, "defaultValue": "", "protected": false, "unique": false, "persistent": false, "hidden": false, "clearOnHide": false, "spellcheck": false, "validate": {"required": true, "minLength": 3, "maxLength": 3, "pattern": "", "custom": "", "customPrivate": false}, "conditional": {"show": "", "when": null, "eq": ""}, "type": "textfield", "labelPosition": "top", "inputFormat": "plain", "tags": [], "properties": {}, "lockKey": true}, {"autofocus": false, "input": true, "tableView": false, "label": "Asset Type", "key": "asset_type", "placeholder": "", "data": {"values": [{"value": "BR", "label": "Bridge"}, {"value": "RD", "label": "Road"}, {"value": "RL", "label": "Rail"}], "json": "", "url": "", "resource": "", "custom": ""}, "dataSrc": "values", "valueProperty": "", "defaultValue": "", "refreshOn": "", "filter": "", "authenticate": false, "template": "<span>{{ item.label }}</span>", "multiple": false, "protected": false, "unique": false, "persistent": false, "hidden": false, "clearOnHide": false, "validate": {"required": true}, "type": "select", "labelPosition": "top", "tags": [], "conditional": {"show": "", "when": null, "eq": ""}, "properties": {}, "lockKey": true, "isNew": false}, {"autofocus": false, "input": true, "tableView": false, "inputType": "text", "inputMask": "", "label": "Bridge ID/Project Number", "key": "bridge_id", "placeholder": "", "prefix": "", "suffix": "", "multiple": false, "defaultValue": "", "protected": false, "unique": false, "persistent": false, "hidden": false, "clearOnHide": false, "spellcheck": false, "validate": {"required": true, "minLength": null, "maxLength": null, "pattern": "", "custom": "", "customPrivate": false}, "conditional": {"show": "", "when": null, "eq": ""}, "type": "textfield", "labelPosition": "top", "inputFormat": "plain", "tags": [], "properties": {}, "lockKey": true}, {"autofocus": false, "input": true, "tableView": false, "inputType": "text", "inputMask": "", "label": "Eloque ID", "key": "built_eloque_id", "placeholder": "", "prefix": "", "suffix": "", "multiple": false, "defaultValue": "", "protected": false, "unique": false, "persistent": false, "hidden": false, "clearOnHide": false, "spellcheck": false, "validate": {"required": false, "minLength": "", "maxLength": "", "pattern": "", "custom": "", "customPrivate": false}, "conditional": {"show": "", "when": null, "eq": ""}, "type": "textfield", "labelPosition": "top", "inputFormat": "plain", "tags": [], "properties": {}, "lockKey": true, "calculateValue": "value = data.country.data.id + \"-\" + data.state.value + data.asset_location + \"-\" + data.asset_type + data.bridge_id"}, {"autofocus": false, "input": true, "label": "Update Asset Number", "tableView": false, "key": "panelUpdateAssetNumber", "size": "md", "leftIcon": "", "rightIcon": "", "block": false, "action": "custom", "disableOnInvalid": false, "theme": "primary", "type": "button", "tags": [], "conditional": {"show": "", "when": null, "eq": ""}, "properties": {}, "custom": "data.eloque_id = data.built_eloque_id;"}], "width": 6, "offset": 0, "push": 0, "pull": 0}], "type": "columns", "hideLabel": true, "tags": [], "conditional": {"show": "", "when": null, "eq": ""}, "properties": {}}], "type": "panel", "breadcrumb": "default", "hideLabel": false, "tags": [], "conditional": {"show": "true", "when": "eloque_id", "eq": ""}, "properties": {}}, {"clearOnHide": false, "key": "panelGeneralInformation", "input": false, "title": "General Information", "theme": "default", "tableView": false, "components": [{"clearOnHide": false, "label": "Columns", "input": false, "tableView": false, "key": "columnsGeneralInformation", "columns": [{"components": [{"autofocus": false, "input": true, "tableView": true, "inputType": "text", "inputMask": "", "label": "Eloque ID", "key": "eloque_id", "placeholder": "", "prefix": "", "suffix": "", "multiple": false, "defaultValue": "", "protected": false, "unique": true, "persistent": true, "hidden": false, "clearOnHide": false, "spellcheck": false, "validate": {"required": false, "minLength": "", "maxLength": "", "pattern": "", "custom": "", "customPrivate": false}, "conditional": {"show": "", "when": null, "eq": ""}, "type": "textfield", "labelPosition": "top", "inputFormat": "plain", "tags": [], "properties": {}, "lockKey": true, "disabled": true, "tooltip": "", "customConditional": "show=data.eloque_id2 === ''"}, {"autofocus": false, "input": true, "label": "Reset Eloque ID", "tableView": false, "key": "columnsGeneralInformationClearEloqueId", "size": "md", "leftIcon": "", "rightIcon": "", "block": false, "action": "custom", "disableOnInvalid": false, "theme": "primary", "type": "button", "tags": [], "conditional": {"show": "true", "when": "eloque_id2", "eq": ""}, "properties": {}, "custom": "data.eloque_id = \"\";"}, {"autofocus": false, "input": true, "tableView": false, "inputType": "text", "inputMask": "", "label": "Eloque ID", "key": "eloque_id2", "placeholder": "", "prefix": "", "suffix": "", "multiple": false, "defaultValue": "", "protected": false, "unique": false, "persistent": true, "hidden": false, "clearOnHide": false, "spellcheck": false, "validate": {"required": false, "minLength": "", "maxLength": "", "pattern": "", "custom": "", "customPrivate": false}, "conditional": {"show": "true", "when": "eloque_id", "eq": ""}, "type": "textfield", "labelPosition": "top", "inputFormat": "plain", "tags": [], "properties": {}, "lockKey": true, "disabled": true, "tooltip": "", "calculateValue": "", "customConditional": "show=data.eloque_id2 !== ''", "mask": false}, {"autofocus": false, "input": true, "tableView": true, "inputType": "text", "inputMask": "", "label": "Bridge Name", "key": "bridge_name", "placeholder": "", "prefix": "", "suffix": "", "multiple": false, "defaultValue": "", "protected": false, "unique": false, "persistent": true, "hidden": false, "clearOnHide": false, "spellcheck": false, "validate": {"required": false, "minLength": "", "maxLength": "", "pattern": "", "custom": "", "customPrivate": false}, "conditional": {"show": "", "when": null, "eq": ""}, "type": "textfield", "labelPosition": "top", "inputFormat": "plain", "tags": [], "properties": {}, "lockKey": true}, {"autofocus": false, "input": true, "tableView": true, "inputType": "text", "inputMask": "", "label": "Asset ID", "key": "asset_id", "placeholder": "", "prefix": "", "suffix": "", "multiple": false, "defaultValue": "", "protected": false, "unique": false, "persistent": true, "hidden": false, "clearOnHide": false, "spellcheck": false, "validate": {"required": false, "minLength": "", "maxLength": "", "pattern": "", "custom": "", "customPrivate": false}, "conditional": {"show": "", "when": null, "eq": ""}, "type": "textfield", "labelPosition": "top", "inputFormat": "plain", "tags": [], "properties": {}, "lockKey": true, "tooltip": "This correspons to the bucket in S3 for this asset. Only used to select asset_id in KPI."}, {"autofocus": false, "input": true, "tableView": true, "inputType": "text", "inputMask": "", "label": "Sharepoint Name", "key": "sharepoint_name", "placeholder": "", "prefix": "", "suffix": "", "multiple": false, "defaultValue": "", "protected": false, "unique": false, "persistent": true, "hidden": false, "clearOnHide": false, "spellcheck": false, "validate": {"required": true, "minLength": "", "maxLength": "", "pattern": "", "custom": "", "customPrivate": false}, "conditional": {"show": "", "when": null, "eq": ""}, "type": "textfield", "labelPosition": "top", "inputFormat": "plain", "tags": [], "properties": {}, "lockKey": true, "tooltip": "This corresponds to the top-level Sharepoint folder for all documents on this asset."}, {"autofocus": false, "input": true, "tableView": false, "inputType": "number", "label": "Version", "key": "_version", "placeholder": "", "prefix": "", "suffix": "", "defaultValue": "0", "protected": false, "persistent": true, "hidden": true, "clearOnHide": false, "validate": {"required": false, "min": "", "max": "", "step": "any", "integer": "", "multiple": "", "custom": ""}, "type": "number", "labelPosition": "top", "tags": [], "conditional": {"show": "", "when": null, "eq": ""}, "properties": {}, "calculateValue": "", "lockKey": true, "disabled": true}, {"autofocus": false, "input": true, "tableView": false, "inputType": "number", "label": "Form Version", "key": "_form_version", "placeholder": "", "prefix": "", "suffix": "", "defaultValue": "0", "protected": false, "persistent": true, "hidden": true, "clearOnHide": false, "validate": {"required": false, "min": "", "max": "", "step": "any", "integer": "", "multiple": "", "custom": ""}, "type": "number", "labelPosition": "top", "tags": [], "conditional": {"show": "", "when": null, "eq": ""}, "properties": {}, "calculateValue": "", "lockKey": true, "disabled": true}], "width": 5, "offset": 0, "push": 0, "pull": 0}, {"components": [{"autofocus": false, "input": true, "tableView": true, "inputType": "text", "inputMask": "", "label": "RAS Structure ID", "key": "structure_id", "placeholder": "", "prefix": "", "suffix": "", "multiple": false, "defaultValue": "", "protected": false, "unique": false, "persistent": true, "hidden": false, "clearOnHide": false, "spellcheck": false, "validate": {"required": false, "minLength": "", "maxLength": "", "pattern": "", "custom": "", "customPrivate": false}, "conditional": {"show": "", "when": null, "eq": ""}, "type": "textfield", "labelPosition": "top", "inputFormat": "plain", "tags": [], "properties": {}, "lockKey": true}, {"autofocus": false, "input": true, "tableView": true, "label": "Asset Owner", "key": "asset_owner", "placeholder": "", "data": {"values": [{"value": "", "label": ""}], "json": "", "url": "../../../../form/company/submission", "resource": "62c391b0d39bf8252f70ff8d", "custom": "", "headers": [{"value": "", "key": ""}]}, "dataSrc": "url", "valueProperty": "data.id", "defaultValue": "", "refreshOn": "", "filter": "", "authenticate": false, "template": "<span>{{ item.data.id }} - {{ item.data.description }}</span>", "multiple": false, "protected": false, "unique": false, "persistent": true, "hidden": false, "clearOnHide": true, "validate": {"required": false}, "type": "select", "labelPosition": "top", "tags": [], "conditional": {"show": "", "when": null, "eq": ""}, "properties": {}, "lockKey": true, "searchField": "data.id__regex"}, {"autofocus": false, "input": true, "tableView": true, "label": "Classification", "key": "classification", "placeholder": "", "data": {"values": [{"value": "I-A", "label": "I-A"}, {"value": "I-B", "label": "I-B"}, {"value": "I-C", "label": "I-C"}, {"value": "II", "label": "II"}, {"value": "III", "label": "III"}, {"value": "IV", "label": "IV"}, {"value": "V", "label": "V"}, {"value": "custom", "label": "Custom"}], "json": "", "url": "", "resource": "", "custom": ""}, "dataSrc": "values", "valueProperty": "", "defaultValue": "", "refreshOn": "", "filter": "", "authenticate": false, "template": "<span>{{ item.label }}</span>", "multiple": true, "protected": false, "unique": false, "persistent": true, "hidden": false, "clearOnHide": false, "validate": {"required": false}, "type": "select", "labelPosition": "top", "tags": [], "conditional": {"show": "", "when": null, "eq": ""}, "properties": {}, "lockKey": true}, {"autofocus": false, "input": true, "tableView": true, "label": "Status", "key": "design_status", "placeholder": "", "data": {"values": [{"value": "new", "label": "New"}, {"value": "assigned", "label": "Assigned"}, {"value": "started", "label": "Started"}, {"value": "initialDesign", "label": "Initial Design"}, {"value": "siteVisit", "label": "Site Visit"}, {"value": "designUpdate", "label": "Design Update"}, {"value": "as-design", "label": "As Designed"}, {"value": "as-built", "label": "As Built"}, {"value": "enabled", "label": "Enabled"}], "json": "", "url": "", "resource": "", "custom": ""}, "dataSrc": "values", "valueProperty": "", "defaultValue": "", "refreshOn": "", "filter": "", "authenticate": false, "template": "<span>{{ item.label }}</span>", "multiple": false, "protected": false, "unique": false, "persistent": true, "hidden": false, "clearOnHide": true, "validate": {"required": false}, "type": "select", "labelPosition": "top", "tags": [], "conditional": {"show": "", "when": null, "eq": ""}, "properties": {}, "lockKey": true}, {"autofocus": false, "input": true, "tableView": false, "inputType": "radio", "label": "Sensor Type", "key": "sensor_type", "values": [{"value": "eloque-fiber", "label": "Eloque Fibre", "shortcut": ""}, {"value": "packaged", "label": "Pre-packaged", "shortcut": ""}], "defaultValue": "eloque-fiber", "protected": false, "fieldSet": false, "persistent": true, "hidden": false, "clearOnHide": false, "validate": {"required": false, "custom": "", "customPrivate": false}, "type": "radio", "labelPosition": "top", "optionsLabelPosition": "right", "tags": [], "conditional": {"show": "", "when": null, "eq": ""}, "properties": {}, "lockKey": true, "inline": true}], "width": 4, "offset": 0, "push": 0, "pull": 0}, {"components": [{"clearOnHide": false, "key": "columnsGeneralInformationFieldset2", "input": false, "tableView": false, "legend": "Actions", "components": [{"autofocus": false, "input": true, "label": "Save Changes", "tableView": false, "key": "submit", "size": "md", "leftIcon": "", "rightIcon": "", "block": true, "action": "custom", "disableOnInvalid": false, "theme": "success", "type": "button", "tags": [], "conditional": {"show": "", "when": null, "eq": ""}, "properties": {}, "custom": "data._version = parseInt(data._version) + 1\nform.submit();"}], "type": "fieldset", "hideLabel": true, "tags": [], "conditional": {"show": "", "when": null, "eq": ""}, "properties": {}}], "width": 3, "offset": 0, "push": 0, "pull": 0}], "type": "columns", "tags": [], "conditional": {"show": "", "when": null, "eq": ""}, "properties": {}, "lockKey": true, "hideLabel": true}, {"clearOnHide": false, "key": "columnsGeneralInformationFieldset", "input": false, "tableView": false, "legend": "External Resource Links", "components": [{"clearOnHide": false, "label": "Columns", "input": false, "tableView": false, "key": "columnsGeneralInformationFieldsetColumns", "columns": [{"components": [{"autofocus": false, "input": true, "tableView": false, "inputType": "text", "inputMask": "", "label": "OPS Dashboard Link", "key": "ops_dashboard_link", "placeholder": "", "prefix": "", "suffix": "", "multiple": false, "defaultValue": "", "protected": false, "unique": false, "persistent": true, "hidden": false, "clearOnHide": false, "spellcheck": false, "validate": {"required": false, "minLength": "", "maxLength": "", "pattern": "", "custom": "", "customPrivate": false}, "conditional": {"show": "", "when": null, "eq": ""}, "type": "textfield", "labelPosition": "top", "inputFormat": "plain", "tags": [], "properties": {}, "lockKey": true}], "width": 3, "offset": 0, "push": 0, "pull": 0}, {"components": [{"autofocus": false, "input": true, "tableView": false, "inputType": "text", "inputMask": "", "label": "SI Dashboard Link", "key": "app_dashboard_link", "placeholder": "", "prefix": "", "suffix": "", "multiple": false, "defaultValue": "", "protected": false, "unique": false, "persistent": true, "hidden": false, "clearOnHide": false, "spellcheck": false, "validate": {"required": false, "minLength": "", "maxLength": "", "pattern": "", "custom": "", "customPrivate": false}, "conditional": {"show": "", "when": null, "eq": ""}, "type": "textfield", "labelPosition": "top", "inputFormat": "plain", "tags": [], "properties": {}, "lockKey": true}], "width": 3, "offset": 0, "push": 0, "pull": 0}, {"components": [{"autofocus": false, "input": true, "tableView": false, "inputType": "number", "label": "Latitude", "key": "coordinates_latitude", "placeholder": "", "prefix": "", "suffix": "", "defaultValue": "", "protected": false, "persistent": true, "hidden": false, "clearOnHide": false, "validate": {"required": true, "min": "", "max": "", "step": "any", "integer": "", "multiple": "", "custom": ""}, "type": "number", "labelPosition": "top", "tags": [], "conditional": {"show": "", "when": null, "eq": ""}, "properties": {}, "lockKey": true}], "width": 3, "offset": 0, "push": 0, "pull": 0}, {"components": [{"autofocus": false, "input": true, "tableView": false, "inputType": "number", "label": "Longitude", "key": "coordinates_longitude", "placeholder": "", "prefix": "", "suffix": "", "defaultValue": "", "protected": false, "persistent": true, "hidden": false, "clearOnHide": false, "validate": {"required": true, "min": "", "max": "", "step": "any", "integer": "", "multiple": "", "custom": ""}, "type": "number", "labelPosition": "top", "tags": [], "conditional": {"show": "", "when": null, "eq": ""}, "properties": {}, "lockKey": true}], "width": 3, "offset": 0, "push": 0, "pull": 0}], "type": "columns", "hideLabel": true, "tags": [], "conditional": {"show": "", "when": null, "eq": ""}, "properties": {}}], "type": "fieldset", "tags": [], "conditional": {"show": "", "when": null, "eq": ""}, "properties": {}, "hideLabel": true}, {"clearOnHide": false, "label": "Coordinates", "input": false, "tableView": false, "key": "coordinates2", "columns": [{"components": [{"autofocus": false, "input": true, "label": "View Change Log", "tableView": false, "key": "view-initial-layout4", "size": "md", "leftIcon": "", "rightIcon": "", "block": true, "action": "custom", "disableOnInvalid": false, "theme": "info", "type": "button", "tags": [], "conditional": {"show": "", "when": null, "eq": ""}, "properties": {}, "custom": "window.open(\"../../log/bridge-design-change-log/\" + data.eloque_id, \"change_\" + data.eloque_id).focus();", "lockKey": true}], "width": 3, "offset": 0, "push": 0, "pull": 0}, {"components": [], "width": 3, "offset": 0, "push": 0, "pull": 0}, {"components": [{"autofocus": false, "input": true, "label": "Map", "tableView": false, "key": "coordinatesMap3", "size": "md", "leftIcon": "", "rightIcon": "", "block": true, "action": "custom", "disableOnInvalid": false, "theme": "info", "type": "button", "tags": [], "conditional": {"show": "", "when": null, "eq": ""}, "properties": {}, "custom": "window.open(\"https://www.google.com/maps/search/?api=1&query=\"+data.coordinates_latitude+\",\" +data.coordinates_longitude, \"_blank\")"}], "width": 2, "offset": 0, "push": 0, "pull": 0}, {"components": [{"autofocus": false, "input": true, "label": "Sharepoint", "tableView": false, "key": "coordinatesMap4", "size": "md", "leftIcon": "", "rightIcon": "", "block": true, "action": "custom", "disableOnInvalid": false, "theme": "info", "type": "button", "tags": [], "conditional": {"show": "", "when": null, "eq": ""}, "properties": {}, "custom": "window.open(\"https://fihub.sharepoint.com/sites/\" + data.sharepoint_name + \"/Shared%20Documents/Forms/AllItems.aspx\", \"_blank\")"}], "width": 2, "offset": 0, "push": 0, "pull": 0}], "type": "columns", "tags": [], "conditional": {"show": "", "when": null, "eq": ""}, "properties": {}, "lockKey": true, "hideLabel": true}], "type": "panel", "breadcrumb": "default", "hideLabel": false, "tags": [], "conditional": {"show": "true", "when": "eloque_id", "eq": ""}, "properties": {}, "lockKey": true, "customConditional": "show = data.eloque_id !== \"\";"}, {"clearOnHide": false, "key": "panelWorkflow", "input": false, "title": "Workflow", "theme": "default", "tableView": false, "components": [{"clearOnHide": false, "label": "Columns", "input": false, "tableView": false, "key": "panelWorkflowColumns2", "columns": [{"components": [{"clearOnHide": false, "key": "panelWorkflowFieldset", "input": false, "tableView": false, "legend": "Mapping: Design", "components": [{"clearOnHide": false, "label": "Columns", "input": false, "tableView": false, "key": "panelWorkflowFieldsetColumns", "columns": [{"components": [{"autofocus": false, "input": true, "label": "Update Design", "tableView": false, "key": "initialMapping", "size": "md", "leftIcon": "", "rightIcon": "", "block": true, "action": "custom", "disableOnInvalid": false, "theme": "primary", "type": "button", "tags": [], "conditional": {"show": "", "when": null, "eq": ""}, "properties": {}, "custom": "window.open(\"../mapping-design/\" + data.eloque_id, \"update_md_\" + data.eloque_id).focus();"}], "width": 6, "offset": 0, "push": 0, "pull": 0}, {"components": [{"autofocus": false, "input": true, "label": "View Design", "tableView": false, "key": "view-initial-layout", "size": "md", "leftIcon": "", "rightIcon": "", "block": true, "action": "custom", "disableOnInvalid": false, "theme": "info", "type": "button", "tags": [], "conditional": {"show": "", "when": null, "eq": ""}, "properties": {}, "custom": "window.open(\"../../view/mapping-design/\" + data.eloque_id, \"layout_md_\" + data.eloque_id).focus();", "lockKey": true}], "width": 6, "offset": 0, "push": 0, "pull": 0}], "type": "columns", "hideLabel": true, "tags": [], "conditional": {"show": "", "when": null, "eq": ""}, "properties": {}}], "type": "fieldset", "tags": [], "conditional": {"show": "", "when": null, "eq": ""}, "properties": {}, "hideLabel": true}], "width": 6, "offset": 0, "push": 0, "pull": 0}, {"components": [{"key": "panelWorkflowColumns2Content", "label": "Content", "input": false, "tag": "p", "attrs": [{"value": "", "attr": ""}], "className": "", "content": "<b>Use the Mapping: Design Form to:</b>\n<ul>\n<li>Describe Bridge details, location, component mapping</li>\n<li>Specify the total number of each component type</li>\n<li>Capture overall measurements of lanes and components</li>\n<li>Specify component metrics</li>\n<li>Layout virtual sensors for each fiber</li>\n</ul>", "type": "htmlelement", "hideLabel": true, "tags": [], "conditional": {"show": "", "when": null, "eq": ""}, "properties": {}}], "width": 6, "offset": 0, "push": 0, "pull": 0}], "type": "columns", "hideLabel": true, "tags": [], "conditional": {"show": "", "when": null, "eq": ""}, "properties": {}, "customConditional": "show = data.sensor_type == 'eloque-fiber'"}, {"clearOnHide": false, "label": "Columns", "input": false, "tableView": false, "key": "panelWorkflowColumns3", "columns": [{"components": [{"clearOnHide": false, "key": "panelWorkflowFieldset3", "input": false, "tableView": false, "legend": "Mapping: Pre-Packaged Sensors", "components": [{"clearOnHide": false, "label": "Columns", "input": false, "tableView": false, "key": "panelWorkflowFieldsetColumns3", "columns": [{"components": [{"autofocus": false, "input": true, "label": "Update Design", "tableView": false, "key": "initialMapping3", "size": "md", "leftIcon": "", "rightIcon": "", "block": true, "action": "custom", "disableOnInvalid": false, "theme": "primary", "type": "button", "tags": [], "conditional": {"show": "", "when": null, "eq": ""}, "properties": {}, "custom": "window.open(\"../mapping-sensors/\" + data.eloque_id, \"update_md_\" + data.eloque_id).focus();"}], "width": 6, "offset": 0, "push": 0, "pull": 0}, {"components": [{"autofocus": false, "input": true, "label": "View Design", "tableView": false, "key": "view-initial-layout3", "size": "md", "leftIcon": "", "rightIcon": "", "block": true, "action": "custom", "disableOnInvalid": false, "theme": "info", "type": "button", "tags": [], "conditional": {"show": "", "when": null, "eq": ""}, "properties": {}, "custom": "window.open(\"../../view/mapping-sensors/\" + data.eloque_id, \"layout_md_\" + data.eloque_id).focus();", "lockKey": true}], "width": 6, "offset": 0, "push": 0, "pull": 0}], "type": "columns", "hideLabel": true, "tags": [], "conditional": {"show": "", "when": null, "eq": ""}, "properties": {}}], "type": "fieldset", "tags": [], "conditional": {"show": "", "when": null, "eq": ""}, "properties": {}, "hideLabel": true}], "width": 6, "offset": 0, "push": 0, "pull": 0}, {"components": [{"key": "panelWorkflowColumns2Content4", "label": "Content", "input": false, "tag": "p", "attrs": [{"value": "", "attr": ""}], "className": "", "content": "<b>Use the Mapping: Pre-Packaged Sensors Form to:</b>\n<ul>\n<li>Describe Bridge details, location, component mapping</li>\n<li>Specify the total number of each component type</li>\n<li>Capture overall measurements of lanes and components</li>\n<li>Specify component metrics</li>\n<li>Layout physical sensors packages for each channel</li>\n</ul>", "type": "htmlelement", "hideLabel": true, "tags": [], "conditional": {"show": "", "when": null, "eq": ""}, "properties": {}}], "width": 6, "offset": 0, "push": 0, "pull": 0}], "type": "columns", "hideLabel": true, "tags": [], "conditional": {"show": "", "when": null, "eq": ""}, "properties": {}, "customConditional": "show = data.sensor_type == 'packaged'"}, {"key": "panelWorkflowContent2", "label": "Content", "input": false, "tag": "hr", "attrs": [{"value": "", "attr": ""}], "className": "", "content": "", "type": "htmlelement", "hideLabel": true, "tags": [], "conditional": {"show": "", "when": null, "eq": ""}, "properties": {}}, {"clearOnHide": false, "label": "Columns", "input": false, "tableView": false, "key": "panelWorkflowColumns5", "columns": [{"components": [{"clearOnHide": false, "key": "panelWorkflowFieldset2", "input": false, "tableView": false, "legend": "DIS: As-Design", "components": [{"clearOnHide": false, "label": "Columns", "input": false, "tableView": false, "key": "panelWorkflowFieldsetColumns2", "columns": [{"components": [{"autofocus": false, "input": true, "label": "Update As-Design", "tableView": false, "key": "initialMapping2", "size": "md", "leftIcon": "", "rightIcon": "", "block": true, "action": "custom", "disableOnInvalid": false, "theme": "primary", "type": "button", "tags": [], "conditional": {"show": "", "when": null, "eq": ""}, "properties": {}, "custom": "window.open(\"../dis-as-design/\" + data.eloque_id, \"update_ad_\" + data.eloque_id).focus();"}], "width": 6, "offset": 0, "push": 0, "pull": 0}, {"components": [{"autofocus": false, "input": true, "label": "View As-Design", "tableView": false, "key": "view-initial-layout2", "size": "md", "leftIcon": "", "rightIcon": "", "block": true, "action": "custom", "disableOnInvalid": false, "theme": "info", "type": "button", "tags": [], "conditional": {"show": "", "when": null, "eq": ""}, "properties": {}, "custom": "window.open(\"../../view/dis-as-design/\" + data.eloque_id, \"layout_ad_\" + data.eloque_id).focus();", "lockKey": true}, {"autofocus": false, "input": true, "label": "View JSON", "tableView": false, "key": "view-as-design4", "size": "md", "leftIcon": "", "rightIcon": "", "block": true, "action": "custom", "disableOnInvalid": false, "theme": "info", "type": "button", "tags": [], "conditional": {"show": "", "when": null, "eq": ""}, "properties": {}, "custom": "window.open(\"../../view_json/dis-as-design/\" + data.eloque_id, \"json_ad_\" + data.eloque_id).focus();", "lockKey": true}], "width": 6, "offset": 0, "push": 0, "pull": 0}], "type": "columns", "hideLabel": true, "tags": [], "conditional": {"show": "", "when": null, "eq": ""}, "properties": {}}], "type": "fieldset", "tags": [], "conditional": {"show": "", "when": null, "eq": ""}, "properties": {}, "hideLabel": true}], "width": 6, "offset": 0, "push": 0, "pull": 0}, {"components": [{"key": "panelWorkflowColumns2Content2", "label": "Content", "input": false, "tag": "p", "attrs": [{"value": "", "attr": ""}], "className": "", "content": "<b>Use the DIS: As-Design Form to:</b>\n<ul>\n<li>Update Bridge details, location, component mapping</li>\n<li>Update overall measurements of lanes and components</li>\n<li>Update component metrics</li>\n<li>Update fiber positions</li>\n<li>Update algorithym sensors</li>\n</ul>", "type": "htmlelement", "tags": [], "conditional": {"show": "", "when": null, "eq": ""}, "properties": {}, "hideLabel": true}], "width": 6, "offset": 0, "push": 0, "pull": 0}], "type": "columns", "hideLabel": true, "tags": [], "conditional": {"show": "", "when": null, "eq": ""}, "properties": {}, "customConditional": "show = data.design_status == 'enabled' || data.design_status == 'as-built' || data.design_status == 'as-design';"}, {"key": "panelWorkflowContent", "label": "Content", "input": false, "tag": "hr", "attrs": [{"value": "", "attr": ""}], "className": "", "content": "", "type": "htmlelement", "tags": [], "conditional": {"show": "", "when": null, "eq": ""}, "properties": {}, "hideLabel": true}, {"clearOnHide": false, "label": "Columns", "input": false, "tableView": false, "key": "panelWorkflowColumns4", "columns": [{"components": [{"clearOnHide": false, "key": "panelWorkflowFieldsetFieldset2", "input": false, "tableView": false, "legend": "DIS: As-Built", "components": [{"clearOnHide": false, "label": "Columns", "input": false, "tableView": false, "key": "panelWorkflowFieldsetFieldset2Columns", "columns": [{"components": [{"autofocus": false, "input": true, "label": "Update As-Built", "tableView": false, "key": "dis-as-built", "size": "md", "leftIcon": "", "rightIcon": "", "block": true, "action": "custom", "disableOnInvalid": false, "theme": "primary", "type": "button", "tags": [], "conditional": {"show": "", "when": null, "eq": ""}, "properties": {}, "custom": "window.open(\"../dis-as-built/\" + data.eloque_id, \"update_ab_\" + data.eloque_id).focus();", "lockKey": true}], "width": 6, "offset": 0, "push": 0, "pull": 0}, {"components": [{"autofocus": false, "input": true, "label": "View As-Built", "tableView": false, "key": "view-as-design3", "size": "md", "leftIcon": "", "rightIcon": "", "block": true, "action": "custom", "disableOnInvalid": false, "theme": "info", "type": "button", "tags": [], "conditional": {"show": "", "when": null, "eq": ""}, "properties": {}, "custom": "window.open(\"../../view/dis-as-built/\" + data.eloque_id, \"layout_ab_\" + data.eloque_id).focus();", "lockKey": true}, {"autofocus": false, "input": true, "label": "View Comparison", "tableView": false, "key": "view-as-design5", "size": "md", "leftIcon": "", "rightIcon": "", "block": true, "action": "custom", "disableOnInvalid": false, "theme": "info", "type": "button", "tags": [], "conditional": {"show": "", "when": null, "eq": ""}, "properties": {}, "custom": "window.open(\"../../report/dis-comparison/\" + data.eloque_id, \"report_\" + data.eloque_id).focus();", "lockKey": true}, {"autofocus": false, "input": true, "label": "View JSON", "tableView": false, "key": "view-as-design2", "size": "md", "leftIcon": "", "rightIcon": "", "block": true, "action": "custom", "disableOnInvalid": false, "theme": "info", "type": "button", "tags": [], "conditional": {"show": "", "when": null, "eq": ""}, "properties": {}, "custom": "window.open(\"../../static/bridges/\" + data.eloque_id + \"-as-built.json\", \"json_ab_\" + data.eloque_id).focus();", "lockKey": true}], "width": 6, "offset": 0, "push": 0, "pull": 0}], "type": "columns", "tags": [], "conditional": {"show": "", "when": null, "eq": ""}, "properties": {}, "hideLabel": true}], "type": "fieldset", "tags": [], "conditional": {"show": "", "when": null, "eq": ""}, "properties": {}, "hideLabel": true}], "width": 6, "offset": 0, "push": 0, "pull": 0}, {"components": [{"key": "panelWorkflowColumns2Content3", "label": "Content", "input": false, "tag": "p", "attrs": [{"value": "", "attr": ""}], "className": "", "content": "<b>Use the DIS: As-Built Form to:</b>\n<ul>\n<li>Update Bridge details, location, component mapping</li>\n<li>Update overall measurements of lanes and components</li>\n<li>Update component metrics</li>\n<li>Update sensor positions</li>\n<li>Mark for watch or disable sensors</li>\n<li>Update algorithym sensors</li>\n</ul>", "type": "htmlelement", "tags": [], "conditional": {"show": "", "when": null, "eq": ""}, "properties": {}, "hideLabel": true}], "width": 6, "offset": 0, "push": 0, "pull": 0}], "type": "columns", "tags": [], "conditional": {"show": "", "when": null, "eq": ""}, "properties": {}, "hideLabel": true, "customConditional": "show = data.design_status == 'enabled' || data.design_status == 'as-built';"}], "type": "panel", "breadcrumb": "default", "hideLabel": false, "tags": [], "conditional": {"show": "true", "when": "design_status", "eq": "new"}, "properties": {}, "lockKey": true, "customConditional": "show = data.eloque_id2 !== \"\""}], "title": "Bridge: Overview", "name": "bridgeOverview", "path": "bridge-overview", "display": "form", "access": [{"roles": ["627ddf364022c583b1b05f0d", "627ddf364022c52b7eb05f0e", "627ddf364022c5eb1bb05f0f"], "type": "read_all"}], "submissionAccess": [], "created": "2022-05-13T05:12:19.763Z", "modified": "2022-08-12T06:08:18.022Z", "machineName": "bridge-overview.0.14.2"}