{"_id": "62f5cc8f54d20ac568e4bfe8", "type": "form", "tags": ["common", "clone-form"], "owner": "627ddf364022c591c1b05f1b", "components": [{"clearOnHide": false, "key": "panelChangeEven", "input": false, "title": "Change Event", "theme": "default", "tableView": false, "components": [{"clearOnHide": false, "label": "Columns", "input": false, "tableView": false, "key": "panelChangeEvenColumns", "columns": [{"components": [{"autofocus": false, "input": true, "tableView": true, "inputType": "text", "inputMask": "", "label": "Eloque ID", "key": "eloque_id", "placeholder": "", "prefix": "", "suffix": "", "multiple": false, "defaultValue": "", "protected": false, "unique": false, "persistent": true, "hidden": false, "clearOnHide": false, "spellcheck": false, "validate": {"required": false, "minLength": "", "maxLength": "", "pattern": "", "custom": "", "customPrivate": false}, "conditional": {"show": "", "when": null, "eq": ""}, "type": "textfield", "labelPosition": "top", "inputFormat": "plain", "tags": [], "properties": {}, "lockKey": true, "disabled": true}, {"autofocus": false, "input": true, "tableView": false, "inputType": "number", "label": "Version", "key": "logFormVersion", "placeholder": "", "prefix": "", "suffix": "", "defaultValue": "", "protected": false, "persistent": true, "hidden": false, "clearOnHide": false, "validate": {"required": false, "min": "", "max": "", "step": "any", "integer": "", "multiple": "", "custom": ""}, "type": "number", "labelPosition": "top", "tags": [], "conditional": {"show": "", "when": null, "eq": ""}, "properties": {}, "disabled": true, "lockKey": true}], "width": 4, "offset": 0, "push": 0, "pull": 0}, {"components": [{"autofocus": false, "input": true, "tableView": true, "inputType": "text", "inputMask": "", "label": "Form Name", "key": "form_name", "placeholder": "", "prefix": "", "suffix": "", "multiple": false, "defaultValue": "", "protected": false, "unique": false, "persistent": true, "hidden": false, "clearOnHide": false, "spellcheck": false, "validate": {"required": false, "minLength": "", "maxLength": "", "pattern": "", "custom": "", "customPrivate": false}, "conditional": {"show": "", "when": null, "eq": ""}, "type": "textfield", "labelPosition": "top", "inputFormat": "plain", "tags": [], "properties": {}, "lockKey": true, "disabled": true, "mask": false}], "width": 4, "offset": 0, "push": 0, "pull": 0}, {"components": [{"autofocus": false, "input": true, "tableView": true, "label": "Date/Time", "key": "logDateTime", "placeholder": "", "format": "yyyy-MM-dd hh:mm a", "enableDate": true, "enableTime": true, "defaultDate": "", "datepickerMode": "day", "datePicker": {"showWeeks": true, "startingDay": 0, "initDate": "", "minMode": "day", "maxMode": "year", "yearRows": 4, "yearColumns": 5, "minDate": null, "maxDate": null, "datepickerMode": "day"}, "timePicker": {"hourStep": 1, "minuteStep": 1, "showMeridian": true, "readonlyInput": false, "mousewheel": true, "arrowkeys": true}, "protected": false, "persistent": true, "hidden": false, "clearOnHide": false, "validate": {"required": false, "custom": ""}, "type": "datetime", "labelPosition": "top", "tags": [], "conditional": {"show": "", "when": null, "eq": ""}, "properties": {}, "disabled": true, "lockKey": true}, {"autofocus": false, "input": true, "tableView": true, "inputType": "text", "inputMask": "", "label": "User", "key": "logUser", "placeholder": "", "prefix": "", "suffix": "", "multiple": false, "defaultValue": "", "protected": false, "unique": false, "persistent": true, "hidden": false, "clearOnHide": false, "spellcheck": false, "validate": {"required": false, "minLength": "", "maxLength": "", "pattern": "", "custom": "", "customPrivate": false}, "conditional": {"show": "", "when": null, "eq": ""}, "type": "textfield", "labelPosition": "top", "inputFormat": "plain", "tags": [], "properties": {}, "lockKey": true, "disabled": true}], "width": 4, "offset": 0, "push": 0, "pull": 0}], "type": "columns", "hideLabel": true, "tags": [], "conditional": {"show": "", "when": null, "eq": ""}, "properties": {}}], "type": "panel", "breadcrumb": "default", "hideLabel": false, "tags": [], "conditional": {"show": "", "when": null, "eq": ""}, "properties": {}, "lockKey": true}, {"clearOnHide": false, "key": "panelChangeAction", "input": false, "title": "Change Action", "theme": "default", "tableView": false, "components": [{"autofocus": false, "input": true, "tableView": true, "inputType": "text", "inputMask": "", "label": "Action", "key": "logAction", "placeholder": "", "prefix": "", "suffix": "", "multiple": false, "defaultValue": "", "protected": false, "unique": false, "persistent": true, "hidden": false, "clearOnHide": false, "spellcheck": false, "validate": {"required": false, "minLength": "", "maxLength": "", "pattern": "", "custom": "", "customPrivate": false}, "conditional": {"show": "", "when": null, "eq": ""}, "type": "textfield", "labelPosition": "top", "inputFormat": "plain", "tags": [], "properties": {}, "disabled": true, "lockKey": true}, {"autofocus": false, "input": true, "tableView": true, "label": "Comment", "key": "logComment", "placeholder": "", "prefix": "", "suffix": "", "rows": 3, "multiple": false, "defaultValue": "", "protected": false, "persistent": true, "hidden": false, "wysiwyg": false, "clearOnHide": true, "spellcheck": true, "validate": {"required": false, "minLength": "", "maxLength": "", "pattern": "", "custom": ""}, "type": "textarea", "labelPosition": "top", "inputFormat": "plain", "tags": [], "conditional": {"show": "", "when": null, "eq": ""}, "properties": {}, "lockKey": true}], "type": "panel", "breadcrumb": "default", "hideLabel": false, "tags": [], "conditional": {"show": "", "when": null, "eq": ""}, "properties": {}, "lockKey": true}, {"autofocus": false, "input": true, "label": "Submit", "tableView": false, "key": "submit", "size": "md", "leftIcon": "", "rightIcon": "", "block": false, "action": "submit", "disableOnInvalid": false, "theme": "primary", "type": "button"}], "title": "Bridge Design Change Log", "name": "bridgeDesignChangeLog", "path": "bridge-design-change-log", "display": "form", "access": [{"roles": ["627ddf364022c583b1b05f0d", "627ddf364022c52b7eb05f0e", "627ddf364022c5eb1bb05f0f"], "type": "read_all"}], "submissionAccess": [], "created": "2022-05-13T05:38:26.494Z", "modified": "2022-08-12T06:08:25.661Z", "machineName": "bridge-design-change-log.0.3.0"}