{"_id": "62f5ccae54d20aa69ee4c03d", "type": "form", "tags": ["common", "clone-form"], "owner": "627ddf364022c591c1b05f1b", "components": [{"clearOnHide": false, "key": "panel", "input": false, "title": "Promote", "theme": "default", "tableView": false, "components": [{"clearOnHide": false, "label": "Columns", "input": false, "tableView": false, "key": "panelColumns", "columns": [{"components": [{"autofocus": false, "input": true, "tableView": true, "label": "Authorised User", "key": "promoteUser", "placeholder": "", "data": {"values": [{"value": "", "label": ""}], "json": "", "url": "../../../../form/user/submission", "resource": "627ddf364022c5ad12b05f10", "custom": "", "headers": [{"value": "", "key": ""}]}, "dataSrc": "url", "valueProperty": "data.email", "defaultValue": "", "refreshOn": "", "filter": "", "authenticate": false, "template": "<span>{{ item.data.email }}</span>", "multiple": false, "protected": false, "unique": false, "persistent": true, "hidden": false, "clearOnHide": false, "validate": {"required": false}, "type": "select", "labelPosition": "top", "tags": [], "conditional": {"show": "", "when": null, "eq": ""}, "properties": {}, "lockKey": true, "searchField": "data.email__regex"}, {"autofocus": false, "input": true, "tableView": true, "label": "Promote From Host", "key": "promote_from_host", "placeholder": "", "data": {"values": [{"value": "", "label": ""}], "json": "", "url": "../../../../form/formio-hosts/submission", "resource": "6281b426354a3cb2f42c58c0", "custom": "", "headers": [{"value": "", "key": ""}]}, "dataSrc": "url", "valueProperty": "data.id", "defaultValue": "", "refreshOn": "", "filter": "", "authenticate": false, "template": "<span>{{ item.data.id }} - {{ item.data.description }}</span>", "multiple": false, "protected": false, "unique": false, "persistent": true, "hidden": false, "clearOnHide": false, "validate": {"required": true}, "type": "select", "labelPosition": "top", "tags": [], "conditional": {"show": "", "when": null, "eq": ""}, "properties": {}, "lockKey": true, "searchField": "item.id__regex", "reference": false}, {"autofocus": false, "input": true, "tableView": true, "label": "Promote To Host", "key": "promote_to_host", "placeholder": "", "data": {"values": [{"value": "", "label": ""}], "json": "", "url": "../../../../form/formio-hosts/submission", "resource": "6281b426354a3cb2f42c58c0", "custom": "", "headers": [{"value": "", "key": ""}]}, "dataSrc": "url", "valueProperty": "data.id", "defaultValue": "", "refreshOn": "", "filter": "", "authenticate": false, "template": "<span>{{ item.data.id }} - {{ item.data.description }}</span>", "multiple": false, "protected": false, "unique": false, "persistent": true, "hidden": false, "clearOnHide": false, "validate": {"required": true}, "type": "select", "labelPosition": "top", "tags": [], "conditional": {"show": "", "when": null, "eq": ""}, "properties": {}, "searchField": "item.id__regex", "lockKey": true, "reference": false}, {"autofocus": false, "input": true, "tableView": false, "inputType": "text", "inputMask": "", "label": "Version", "key": "version", "placeholder": "", "prefix": "", "suffix": "", "multiple": false, "defaultValue": "", "protected": false, "unique": false, "persistent": true, "hidden": true, "clearOnHide": false, "spellcheck": false, "validate": {"required": false, "minLength": "", "maxLength": "", "pattern": "", "custom": "", "customPrivate": false}, "conditional": {"show": "", "when": null, "eq": ""}, "type": "textfield", "labelPosition": "top", "inputFormat": "plain", "tags": [], "properties": {}, "lockKey": true}, {"autofocus": false, "input": true, "tableView": true, "inputType": "text", "inputMask": "", "label": "ID", "key": "id", "placeholder": "", "prefix": "", "suffix": "", "multiple": false, "defaultValue": "entry-form", "protected": false, "unique": false, "persistent": true, "hidden": true, "clearOnHide": false, "spellcheck": false, "validate": {"required": false, "minLength": "", "maxLength": "", "pattern": "", "custom": "", "customPrivate": false}, "conditional": {"show": "", "when": null, "eq": ""}, "type": "textfield", "labelPosition": "top", "inputFormat": "plain", "tags": [], "properties": {}, "lockKey": true}], "width": 6, "offset": 0, "push": 0, "pull": 0}, {"components": [{"autofocus": false, "input": true, "tableView": true, "label": "Form Path", "key": "path", "placeholder": "", "data": {"values": [{"value": "", "label": ""}], "json": "", "url": "../../../../form/app-forms/submission", "resource": "6281b9e5354a3cd6d82c58c5", "custom": "", "headers": [{"value": "", "key": ""}]}, "dataSrc": "url", "valueProperty": "data.id", "defaultValue": "", "refreshOn": "", "filter": "", "authenticate": false, "template": "<span>{{ item.data.id }} - {{ item.data.description }}</span>", "multiple": false, "protected": false, "unique": false, "persistent": true, "hidden": false, "clearOnHide": false, "validate": {"required": false}, "type": "select", "labelPosition": "top", "tags": [], "conditional": {"show": "", "when": null, "eq": ""}, "properties": {}, "lockKey": true, "searchField": "data.id__regex"}, {"autofocus": false, "input": true, "tableView": true, "label": "Promote Type", "key": "promote_type", "placeholder": "", "data": {"values": [{"value": "form", "label": "Form"}, {"value": "submission", "label": "Submission"}], "json": "", "url": "", "resource": "", "custom": ""}, "dataSrc": "values", "valueProperty": "", "defaultValue": "form", "refreshOn": "", "filter": "", "authenticate": false, "template": "<span>{{ item.label }}</span>", "multiple": false, "protected": false, "unique": false, "persistent": true, "hidden": false, "clearOnHide": false, "validate": {"required": false}, "type": "select", "labelPosition": "top", "tags": [], "conditional": {"show": "", "when": null, "eq": ""}, "properties": {}, "lockKey": true}, {"autofocus": false, "input": true, "tableView": false, "label": "Index Field", "key": "index_field", "placeholder": "", "data": {"values": [{"value": "eloque_id", "label": "Eloque ID"}, {"value": "id", "label": "Resource ID"}, {"value": "email", "label": "User ID"}], "json": "", "url": "", "resource": "", "custom": ""}, "dataSrc": "values", "valueProperty": "", "defaultValue": "", "refreshOn": "", "filter": "", "authenticate": false, "template": "<span>{{ item.label }}</span>", "multiple": false, "protected": false, "unique": false, "persistent": true, "hidden": false, "clearOnHide": true, "validate": {"required": false}, "type": "select", "labelPosition": "top", "tags": [], "conditional": {"show": "true", "when": "promote_type", "eq": "submission"}, "properties": {}, "lockKey": true}, {"autofocus": false, "input": true, "tableView": false, "inputType": "text", "inputMask": "", "label": "Index Field Value", "key": "key_value", "placeholder": "", "prefix": "", "suffix": "", "multiple": false, "defaultValue": "", "protected": false, "unique": false, "persistent": true, "hidden": false, "clearOnHide": true, "spellcheck": false, "validate": {"required": false, "minLength": "", "maxLength": "", "pattern": "", "custom": "", "customPrivate": false}, "conditional": {"show": "true", "when": "promote_type", "eq": "submission"}, "type": "textfield", "labelPosition": "top", "inputFormat": "plain", "tags": [], "properties": {}, "lockKey": true, "tooltip": "For Forms use 'Eloque ID' and for Resources use 'ID'"}, {"autofocus": false, "input": true, "tableView": false, "label": "Promote Date/Time", "key": "promoteDateTime", "placeholder": "", "format": "yyyy-MM-dd hh:mm a", "enableDate": true, "enableTime": true, "defaultDate": "", "datepickerMode": "day", "datePicker": {"showWeeks": true, "startingDay": 0, "initDate": "", "minMode": "day", "maxMode": "year", "yearRows": 4, "yearColumns": 5, "minDate": null, "maxDate": null, "datepickerMode": "day"}, "timePicker": {"hourStep": 1, "minuteStep": 1, "showMeridian": true, "readonlyInput": false, "mousewheel": true, "arrowkeys": true}, "protected": false, "persistent": true, "hidden": true, "clearOnHide": false, "validate": {"required": false, "custom": ""}, "type": "datetime", "labelPosition": "top", "tags": [], "conditional": {"show": "", "when": null, "eq": ""}, "properties": {}, "disabled": false, "lockKey": true}], "width": 6, "offset": 0, "push": 0, "pull": 0}], "type": "columns", "tags": [], "conditional": {"show": "", "when": null, "eq": ""}, "properties": {}, "hideLabel": true}, {"autofocus": false, "input": true, "tableView": false, "label": "Description of Changes", "key": "description", "placeholder": "", "prefix": "", "suffix": "", "rows": 6, "multiple": false, "defaultValue": "", "protected": false, "persistent": true, "hidden": false, "wysiwyg": false, "clearOnHide": false, "spellcheck": true, "validate": {"required": false, "minLength": "", "maxLength": "", "pattern": "", "custom": ""}, "type": "textarea", "labelPosition": "top", "inputFormat": "html", "tags": [], "conditional": {"show": "", "when": null, "eq": ""}, "properties": {}, "lockKey": true}, {"clearOnHide": false, "label": "Columns", "input": false, "tableView": false, "key": "panelColumns2", "columns": [{"components": [{"autofocus": false, "input": true, "tableView": false, "label": "Direction", "key": "direction", "placeholder": "", "data": {"values": [{"value": "push", "label": "Push"}, {"value": "pull", "label": "Pull"}], "json": "", "url": "", "resource": "", "custom": ""}, "dataSrc": "values", "valueProperty": "", "defaultValue": "", "refreshOn": "", "filter": "", "authenticate": false, "template": "<span>{{ item.label }}</span>", "multiple": false, "protected": false, "unique": false, "persistent": true, "hidden": false, "clearOnHide": false, "validate": {"required": false}, "type": "select", "labelPosition": "left-left", "tags": [], "conditional": {"show": "", "when": null, "eq": ""}, "properties": {}, "labelWidth": 30, "labelMargin": 3, "lockKey": true, "tooltip": "When Pulling Form or Submission, the version number is not changed."}], "width": 4, "offset": 0, "push": 0, "pull": 0}, {"components": [{"autofocus": false, "input": true, "tableView": false, "label": "Version", "key": "update_version", "placeholder": "", "data": {"values": [{"value": "patch", "label": "Patch"}, {"value": "minor", "label": "Minor"}, {"value": "major", "label": "Major"}], "json": "", "url": "", "resource": "", "custom": ""}, "dataSrc": "values", "valueProperty": "", "defaultValue": "patch", "refreshOn": "", "filter": "", "authenticate": false, "template": "<span>{{ item.label }}</span>", "multiple": false, "protected": false, "unique": false, "persistent": true, "hidden": false, "clearOnHide": false, "validate": {"required": true}, "type": "select", "labelPosition": "left-left", "tags": [], "conditional": {"show": "true", "when": "direction", "eq": "push"}, "properties": {}, "lockKey": true, "labelWidth": 30, "labelMargin": 3}], "width": 4, "offset": 0, "push": 0, "pull": 0}, {"components": [{"autofocus": false, "input": true, "label": "Execute Promote", "tableView": false, "key": "submit", "size": "md", "leftIcon": "", "rightIcon": "", "block": true, "action": "submit", "disableOnInvalid": false, "theme": "warning", "type": "button", "tags": [], "conditional": {"show": "", "when": null, "eq": ""}, "properties": {}, "headers": [{"value": "application/json", "header": "Content-Type"}], "url": "http://localhost:8000/panel/action/promote", "lockKey": true, "tooltip": "Execute Promote will:\n* Save current verion in local directory\n* Increment version number based on Update Version setting\n* Overwrite the version on the To Host"}], "width": 4, "offset": 0, "push": null, "pull": 0}], "type": "columns", "hideLabel": true, "tags": [], "conditional": {"show": "", "when": null, "eq": ""}, "properties": {}}], "type": "panel", "breadcrumb": "default", "hideLabel": false, "tags": [], "conditional": {"show": "", "when": null, "eq": ""}, "properties": {}}], "display": "form", "title": "Form or Submission Promote", "name": "formOrSubmissionPromote", "path": "form-promote-entry", "access": [{"roles": ["627ddf364022c583b1b05f0d", "627ddf364022c52b7eb05f0e", "627ddf364022c5eb1bb05f0f"], "type": "read_all"}], "submissionAccess": [], "created": "2022-05-18T05:49:17.636Z", "modified": "2022-08-12T06:08:58.402Z", "machineName": "formPromoteEntry"}