{"_id": "62f5ccae54d20a013ae4c038", "type": "resource", "tags": ["common"], "owner": "627ddf364022c591c1b05f1b", "components": [{"autofocus": false, "input": true, "tableView": true, "inputType": "text", "inputMask": "", "label": "Name", "key": "id", "placeholder": "", "prefix": "", "suffix": "", "multiple": false, "defaultValue": "", "protected": false, "unique": false, "persistent": true, "hidden": false, "clearOnHide": false, "spellcheck": false, "validate": {"required": false, "minLength": "", "maxLength": "", "pattern": "", "custom": "", "customPrivate": false}, "conditional": {"show": "", "when": null, "eq": ""}, "type": "textfield", "labelPosition": "top", "inputFormat": "plain", "tags": [], "properties": {}, "lockKey": true}, {"autofocus": false, "input": true, "tableView": true, "inputType": "text", "inputMask": "", "label": "Description", "key": "description", "placeholder": "", "prefix": "", "suffix": "", "multiple": false, "defaultValue": "", "protected": false, "unique": false, "persistent": true, "hidden": false, "clearOnHide": false, "spellcheck": false, "validate": {"required": false, "minLength": "", "maxLength": "", "pattern": "", "custom": "", "customPrivate": false}, "conditional": {"show": "", "when": null, "eq": ""}, "type": "textfield", "labelPosition": "top", "inputFormat": "plain", "tags": [], "properties": {}}, {"autofocus": false, "input": true, "tableView": true, "label": "Report", "key": "report", "placeholder": "", "data": {"values": [{"value": "", "label": ""}], "json": "", "url": "../../../../form/reports/submission", "resource": "", "custom": "", "headers": [{"value": "", "key": ""}]}, "dataSrc": "url", "valueProperty": "data.id", "defaultValue": "", "refreshOn": "", "filter": "", "authenticate": false, "template": "<span>{{ item.data.id }} - {{ item.data.description }}</span>", "multiple": false, "protected": false, "unique": false, "persistent": true, "hidden": false, "clearOnHide": false, "validate": {"required": false}, "type": "select", "labelPosition": "top", "tags": [], "conditional": {"show": "", "when": null, "eq": ""}, "properties": {}, "searchField": "data.id__regex"}, {"clearOnHide": false, "label": "Columns", "input": false, "tableView": false, "key": "columns", "columns": [{"components": [], "width": 8, "offset": 0, "push": 0, "pull": 0}, {"components": [{"autofocus": false, "input": true, "label": "Cancel", "tableView": false, "key": "submit2", "size": "md", "leftIcon": "", "rightIcon": "", "block": true, "action": "custom", "disableOnInvalid": false, "theme": "info", "type": "button", "tags": [], "conditional": {"show": "", "when": null, "eq": ""}, "properties": {}, "custom": "document.close();"}], "width": 2, "offset": 0, "push": 0, "pull": 0}, {"components": [{"autofocus": false, "input": true, "label": "Save", "tableView": false, "key": "submit", "size": "md", "leftIcon": "", "rightIcon": "", "block": true, "action": "custom", "disableOnInvalid": false, "theme": "success", "type": "button", "tags": [], "conditional": {"show": "", "when": null, "eq": ""}, "properties": {}, "custom": "form.submit();\ndocument.close();"}], "width": 2, "offset": 0, "push": 0, "pull": 0}], "type": "columns", "hideLabel": true, "tags": [], "conditional": {"show": "", "when": null, "eq": ""}, "properties": {}}], "display": "form", "submissionAccess": [{"roles": ["627ddf364022c52b7eb05f0e"], "type": "create_own"}, {"roles": ["627ddf364022c52b7eb05f0e"], "type": "read_own"}, {"roles": ["627ddf364022c52b7eb05f0e"], "type": "update_own"}, {"roles": ["627ddf364022c52b7eb05f0e"], "type": "delete_own"}], "title": "Report Requests", "name": "reportRequests", "path": "report-requests", "access": [{"roles": ["627ddf364022c583b1b05f0d", "627ddf364022c52b7eb05f0e", "627ddf364022c5eb1bb05f0f"], "type": "read_all"}], "created": "2022-08-10T04:58:22.607Z", "modified": "2022-08-12T06:08:58.091Z", "machineName": "reportRequests"}