{"_id": "62f5cc7354d20a608fe4bfb8", "type": "resource", "tags": ["clone-form"], "owner": "627df00c354a3ca6d42c588f", "components": [{"type": "email", "persistent": true, "unique": false, "protected": false, "defaultValue": "", "suffix": "", "prefix": "", "placeholder": "Enter your email address", "key": "email", "label": "Email", "inputType": "email", "tableView": true, "input": true, "autofocus": false, "hidden": false, "clearOnHide": true, "kickbox": {"enabled": false}}, {"type": "password", "persistent": true, "protected": true, "suffix": "", "prefix": "", "placeholder": "Enter your password.", "key": "password", "label": "Password", "inputType": "password", "tableView": false, "input": true, "autofocus": false, "hidden": false, "clearOnHide": true, "labelPosition": "top", "tags": [], "conditional": {"show": "", "when": null, "eq": ""}, "properties": {}, "tabindex": "admin@example.com", "validate": {"required": true}}, {"autofocus": false, "input": true, "tableView": true, "label": "Access Groups", "key": "accessGroups", "placeholder": "", "data": {"values": [{"value": "admin", "label": "Admin"}, {"value": "bridges", "label": "Bridges"}, {"value": "allForms", "label": "All Forms"}, {"value": "allowDelete", "label": "Allow Delete"}, {"value": "allowCopy", "label": "Allow Copy"}], "json": "", "url": "", "resource": "", "custom": ""}, "dataSrc": "values", "valueProperty": "", "defaultValue": "", "refreshOn": "", "filter": "", "authenticate": false, "template": "<span>{{ item.label }}</span>", "multiple": true, "protected": false, "unique": false, "persistent": true, "hidden": false, "clearOnHide": true, "validate": {"required": false}, "type": "select", "labelPosition": "top", "tags": [], "conditional": {"show": "", "when": null, "eq": ""}, "properties": {}, "tooltip": "By default, user will have access to bridge list."}, {"autofocus": false, "input": true, "tableView": false, "label": "Access Roles", "key": "accessRoles", "placeholder": "", "data": {"values": [{"value": "", "label": ""}], "json": "", "url": "../../../../form/access-roles/submission", "resource": "62c3bbdfd39bf8ab0a70ff91", "custom": "", "headers": [{"value": "", "key": ""}]}, "dataSrc": "url", "valueProperty": "data.id", "defaultValue": "", "refreshOn": "", "filter": "", "authenticate": false, "template": "<span>{{ item.data.id }} {{ item.data.description }}</span>", "multiple": true, "protected": false, "unique": false, "persistent": true, "hidden": false, "clearOnHide": false, "validate": {"required": false}, "type": "select", "labelPosition": "top", "tags": [], "conditional": {"show": "", "when": null, "eq": ""}, "properties": {}, "searchField": "data.id__regex"}, {"autofocus": false, "input": true, "tableView": false, "inputType": "text", "inputMask": "", "label": "Version", "key": "_version", "placeholder": "", "prefix": "", "suffix": "", "multiple": false, "defaultValue": "0", "protected": false, "unique": false, "persistent": true, "hidden": true, "clearOnHide": false, "spellcheck": false, "validate": {"required": false, "minLength": "", "maxLength": "", "pattern": "", "custom": "", "customPrivate": false}, "conditional": {"show": "", "when": null, "eq": ""}, "type": "textfield", "labelPosition": "top", "inputFormat": "plain", "tags": [], "properties": {}, "lockKey": true}, {"autofocus": false, "input": true, "tableView": false, "inputType": "text", "inputMask": "", "label": "Form Version", "key": "_form_version", "placeholder": "", "prefix": "", "suffix": "", "multiple": false, "defaultValue": "", "protected": false, "unique": false, "persistent": true, "hidden": true, "clearOnHide": false, "spellcheck": false, "validate": {"required": false, "minLength": "", "maxLength": "", "pattern": "", "custom": "", "customPrivate": false}, "conditional": {"show": "", "when": null, "eq": ""}, "type": "textfield", "labelPosition": "top", "inputFormat": "plain", "tags": [], "properties": {}, "lockKey": true}, {"clearOnHide": false, "label": "Columns", "input": false, "tableView": false, "key": "columns", "columns": [{"components": [], "width": 8, "offset": 0, "push": 0, "pull": 0}, {"components": [{"type": "button", "theme": "info", "disableOnInvalid": false, "action": "custom", "block": true, "rightIcon": "", "leftIcon": "", "size": "md", "key": "submit2", "tableView": false, "label": "Cancel", "input": true, "autofocus": false, "tags": [], "conditional": {"show": "", "when": null, "eq": ""}, "properties": {}, "custom": "window.close();"}], "width": 2, "offset": 0, "push": 0, "pull": 0}, {"components": [{"type": "button", "theme": "success", "disableOnInvalid": true, "action": "custom", "block": true, "rightIcon": "", "leftIcon": "", "size": "md", "key": "submit", "tableView": false, "label": "Save", "input": true, "autofocus": false, "tags": [], "conditional": {"show": "", "when": null, "eq": ""}, "properties": {}, "custom": "form.submit();\nwindow.close();"}], "width": 2, "offset": 0, "push": 0, "pull": 0}], "type": "columns", "hideLabel": true, "tags": [], "conditional": {"show": "", "when": null, "eq": ""}, "properties": {}}], "title": "User", "name": "user", "path": "user", "submissionAccess": [{"roles": ["627ddf364022c583b1b05f0d"], "type": "create_all"}, {"roles": ["627ddf364022c583b1b05f0d"], "type": "read_all"}, {"roles": ["627ddf364022c583b1b05f0d"], "type": "update_all"}, {"roles": ["627ddf364022c583b1b05f0d"], "type": "delete_all"}, {"roles": [], "type": "create_own"}, {"roles": [], "type": "read_own"}, {"roles": [], "type": "update_own"}, {"roles": [], "type": "delete_own"}], "access": [{"roles": ["627ddf364022c5eb1bb05f0f", "627ddf364022c52b7eb05f0e", "627ddf364022c583b1b05f0d"], "type": "read_all"}], "machineName": "user.0.7.0", "created": "2022-05-13T04:31:50.265Z", "modified": "2022-08-12T06:08:56.799Z", "display": "form"}