{"_id": "62f5ccbb54d20a66c9e4c073", "owner": "627ddf364022c591c1b05f1b", "roles": [], "data": {"id": "TEST", "description": "A Testing Type", "vendor": "", "model": "", "number_of_connections": "", "vendor_url": "", "picture": "<img src=../../../static/sensor_images/.png height=150px>", "path": "sensor-types"}, "access": [], "metadata": {"selectData": {"vendor": {"label": "Other"}}, "timezone": "Australia/Melbourne", "offset": 600, "origin": "http://192.168.1.3:8000", "referrer": "http://192.168.1.3:8000/designer/tool/reference/sensor-types", "browserName": "Netscape", "userAgent": "Mozilla/5.0 (Macintosh; Intel Mac OS X 10_15_7) AppleWebKit/537.36 (KHTML, like Gecko) Chrome/102.0.0.0 Safari/537.36", "pathName": "/designer/edit/reference/sensor-types/**%20New%20**", "onLine": true}, "form": "62f5ccba54d20a6894e4c06b", "externalIds": [], "created": "2022-08-12T03:44:59.033Z", "modified": "2022-08-12T06:09:14.333Z"}