{"_id": "62f5ccac54d20a560fe4c02a", "owner": "627ddf364022c591c1b05f1b", "roles": [], "data": {"id": "AU-OPS", "description": "Eloque Operations with VIC DoT Access", "form_read_only_access": [], "form_full_access": ["bridge-overview", "dis-as-built", "fiberlibrary", "dis-as-design", "mapping-design", "mapping-sensors", "sensor-layout", "sensor-types"], "company_read_only_access": [], "company_full_access": ["VIC DoT"], "view_read_only_access": [], "view_full_access": ["OPS Control Panel"], "path": "access-roles"}, "access": [], "metadata": {"browserName": "Netscape", "offset": 600, "onLine": true, "origin": "http://192.168.1.5:8000", "pathName": "/designer/edit/reference/access-roles/**%20New%20**", "referrer": "http://192.168.1.5:8000/designer/tool/reference/access-roles", "selectData": {"companmy_full_access": {"data": {"id": "VIC DoT"}}, "company_full_access": {"data": {"id": "VIC DoT", "description": "Victoria Department of Transportation"}}, "company_read_only_access": {"data": {"description": "Victoria Department of Transportation", "id": "VIC DoT"}}, "company_read_only_access2": {"data": {"id": "WSDOT"}}, "form_full_access": {"data": {"id": "sensor-types", "description": "Sensor Types inventory"}}, "form_read_only_access": {"data": {"id": "sensor-layout", "description": "Sensor Layout for valid locations"}}, "view_full_access": {"data": {"id": "OPS Control Panel", "description": "OPS Control Panel -- Used for setting limits and alerts related to cabinet KPI values"}}, "view_read_only_access": {"data": {"id": "promote_log", "description": "Promote Log Browse"}}}, "timezone": "Australia/Melbourne", "userAgent": "Mozilla/5.0 (Macintosh; Intel Mac OS X 10_15_7) AppleWebKit/537.36 (KHTML, like Gecko) Chrome/102.0.0.0 Safari/537.36"}, "form": "62f5ccac54d20a775ae4c027", "externalIds": [], "created": "2022-08-12T03:44:44.655Z", "modified": "2022-08-12T06:08:56.164Z"}