{"_id": "62fdba3eaab2d348a3f32974", "owner": "62f5cc7454d20ad88be4bfc3", "roles": [], "data": {"id": "manual-tenancy", "templateUse": "html", "description": "Tenancy and User Access", "showPreview": false, "showContent": false, "_version": 3, "_form_version": "", "parent_form": "", "application_function": "", "html_editor": "<h4><strong>Tenancy and User Access</strong></h4><p>The Designer supports multiple tenants within the saved submissions. This allows controlled access to the submissions on any application form. This is done through the meta-data files Company and Roles and configured on a User by User basis.</p><p>Company</p><p>Any submissions with a field named <strong>asset_owner </strong>will be used to isolate data in the system to only be available for view and edit to specific groups of users as identified by Role: Data Access by Company. These fields should be linked to the Company Resource in the first instance, and typically can not be changed once set, (i.e. read only and hidden after being set). If there are additional forms which are created based on the initial form, the transformation template should copy the value to a hidden <strong>asset_owner</strong> in the new submission. Examples of this are included in the processing for DIS Builder workflow.</p><figure class=\"table\"><table><thead><tr><th>Field Name</th><th>Description</th><th>Note</th></tr></thead><tbody><tr><td><p style=\"margin-left:0.0px;\">Company ID</p></td><td><p style=\"margin-left:70.9px;\">Unique Company ID</p></td><td><p style=\"margin-left:0.0px;\">Required</p></td></tr><tr><td>Description</td><td><p style=\"margin-left:0.0px;\">&nbsp;</p></td><td><p style=\"margin-left:0.0px;\">Required</p></td></tr><tr><td>Country</td><td><p style=\"margin-left:0.0px;\">Selection list linked to the Country Resource</p></td><td><p style=\"margin-left:0.0px;\">Required</p></td></tr><tr><td>Adderess</td><td><p style=\"margin-left:0.0px;\">Company Address and/or other identification.</p></td><td><p style=\"margin-left:0.0px;\">&nbsp;</p></td></tr><tr><td>State</td><td><p style=\"margin-left:0.0px;\">Selection list populated by the Country Resource</p></td><td><p style=\"margin-left:0.0px;\">&nbsp;</p></td></tr><tr><td><p style=\"margin-left:0.0px;\"><i>Other</i></p></td><td><p style=\"margin-left:0.0px;\">Additional fields can be added to this Form as required to support various reporting and other maintenance requirements in the future.</p></td><td><p style=\"margin-left:0.0px;\">&nbsp;</p></td></tr></tbody></table></figure><p>Users</p><p>The Designer Tool builds on the <a href=\"http://form.io\">form.io</a> security model and extends functionality to include both Access Groups (original limiting of read/write and view) and newer Access Roles (discussed below).</p><figure class=\"table\"><table><thead><tr><th>Field Name</th><th>Description</th><th>Note</th></tr></thead><tbody><tr><td><p style=\"margin-left:0.0px;\">Email</p></td><td><p style=\"margin-left:0.0px;\">User ID which must in the form of an email address. Only&nbsp; validated for format. Does not need to be an actual email address</p></td><td><p style=\"margin-left:0.0px;\">Required</p></td></tr><tr><td>Password</td><td><p style=\"margin-left:0.0px;\">Never displayed and masked on input. Note that the Save button will not be enabled with this field blank.</p></td><td><p style=\"margin-left:0.0px;\">Required</p></td></tr><tr><td>Access Group</td><td><p style=\"margin-left:0.0px;\">Multiple select which allows access to pre-defined menus: Bridges and/or Admin or All. All other restrictions are part of Roles. To be DEPRECATED</p></td><td><p style=\"margin-left:0.0px;\">&nbsp;</p></td></tr><tr><td>Access Roles</td><td><p style=\"margin-left:0.0px;\">Multiple select populated from Roles Resource. See Roles definitions to see how a Role affects application behaviour.&nbsp;</p></td><td><p style=\"margin-left:0.0px;\">&nbsp;</p></td></tr><tr><td><p style=\"margin-left:0.0px;\"><i>Note</i></p></td><td><p style=\"margin-left:0.0px;\">This form updates the default User form delivered with a fresh <a href=\"http://form.io\">form.io</a> installation. It must be updated and pre-populated with either with <strong>clone_app</strong> or using the Promote function for User form and submission described below.</p></td><td><p style=\"margin-left:0.0px;\">&nbsp;</p></td></tr></tbody></table></figure><p><a href=\"#roles\"><strong>Roles</strong></a></p><p>Roles limit access in all areas of the application to certain data and forms. For application data, the Data Access limits by Form and Company insure that only the correct users will have access to either the application or within the application, the data associated with their <strong>asset_owner</strong> (I.e. Company(s))</p><p>Additionally only nominated Views will be available through menus as specified in the Menu Access section. Views are essentially customisable forms and so are linked to specific form submissions.</p><figure class=\"table\"><table><thead><tr><th>Field Name</th><th>Description</th><th>Note</th></tr></thead><tbody><tr><td><p style=\"margin-left:0.0px;\">Role ID</p></td><td><p style=\"margin-left:0.0px;\">Unique Role ID. Links to User</p></td><td><p style=\"margin-left:0.0px;\">Required</p></td></tr><tr><td>Description</td><td><p style=\"margin-left:0.0px;\">Description of Use for this role</p></td><td><p style=\"margin-left:0.0px;\">Required</p></td></tr><tr><td>Data Access by Form</td><td><p style=\"margin-left:0.0px;\">Multiple select populated from Application Forms Resource, which allows access to application forms, either read-only (can view but no save) or full access. Full access implies read-only as well.</p></td><td><p style=\"margin-left:0.0px;\">&nbsp;</p></td></tr><tr><td>Data Access by Company</td><td><p style=\"margin-left:0.0px;\">Multiple select populated from Company Resource, which allows access to form submissions where <strong>asset_owner</strong> is one of the specified Companies. Access is either read-only (can view but no save) or full access. Full access implies read-only as well.</p></td><td><p style=\"margin-left:0.0px;\">&nbsp;</p></td></tr><tr><td><p style=\"margin-left:0.0px;\">View Access</p></td><td><p style=\"margin-left:0.0px;\">Multiple select populated from View Resource, which allows access to the specified Views. Access is either read-only (can view list and edit but not save) or full access. Full access implies read-only as well.</p></td><td><p style=\"margin-left:0.0px;\">&nbsp;</p></td></tr></tbody></table></figure>", "template_editor": "", "document_content": "<h4><strong>Tenancy and User Access</strong></h4><p>The Designer supports multiple tenants within the saved submissions. This allows controlled access to the submissions on any application form. This is done through the meta-data files Company and Roles and configured on a User by User basis.</p><p>Company</p><p>Any submissions with a field named <strong>asset_owner </strong>will be used to isolate data in the system to only be available for view and edit to specific groups of users as identified by Role: Data Access by Company. These fields should be linked to the Company Resource in the first instance, and typically can not be changed once set, (i.e. read only and hidden after being set). If there are additional forms which are created based on the initial form, the transformation template should copy the value to a hidden <strong>asset_owner</strong> in the new submission. Examples of this are included in the processing for DIS Builder workflow.</p><figure class=\"table\"><table><thead><tr><th>Field Name</th><th>Description</th><th>Note</th></tr></thead><tbody><tr><td><p style=\"margin-left:0.0px;\">Company ID</p></td><td><p style=\"margin-left:70.9px;\">Unique Company ID</p></td><td><p style=\"margin-left:0.0px;\">Required</p></td></tr><tr><td>Description</td><td><p style=\"margin-left:0.0px;\">&nbsp;</p></td><td><p style=\"margin-left:0.0px;\">Required</p></td></tr><tr><td>Country</td><td><p style=\"margin-left:0.0px;\">Selection list linked to the Country Resource</p></td><td><p style=\"margin-left:0.0px;\">Required</p></td></tr><tr><td>Adderess</td><td><p style=\"margin-left:0.0px;\">Company Address and/or other identification.</p></td><td><p style=\"margin-left:0.0px;\">&nbsp;</p></td></tr><tr><td>State</td><td><p style=\"margin-left:0.0px;\">Selection list populated by the Country Resource</p></td><td><p style=\"margin-left:0.0px;\">&nbsp;</p></td></tr><tr><td><p style=\"margin-left:0.0px;\"><i>Other</i></p></td><td><p style=\"margin-left:0.0px;\">Additional fields can be added to this Form as required to support various reporting and other maintenance requirements in the future.</p></td><td><p style=\"margin-left:0.0px;\">&nbsp;</p></td></tr></tbody></table></figure><p>Users</p><p>The Designer Tool builds on the <a href=\"http://form.io\">form.io</a> security model and extends functionality to include both Access Groups (original limiting of read/write and view) and newer Access Roles (discussed below).</p><figure class=\"table\"><table><thead><tr><th>Field Name</th><th>Description</th><th>Note</th></tr></thead><tbody><tr><td><p style=\"margin-left:0.0px;\">Email</p></td><td><p style=\"margin-left:0.0px;\">User ID which must in the form of an email address. Only&nbsp; validated for format. Does not need to be an actual email address</p></td><td><p style=\"margin-left:0.0px;\">Required</p></td></tr><tr><td>Password</td><td><p style=\"margin-left:0.0px;\">Never displayed and masked on input. Note that the Save button will not be enabled with this field blank.</p></td><td><p style=\"margin-left:0.0px;\">Required</p></td></tr><tr><td>Access Group</td><td><p style=\"margin-left:0.0px;\">Multiple select which allows access to pre-defined menus: Bridges and/or Admin or All. All other restrictions are part of Roles. To be DEPRECATED</p></td><td><p style=\"margin-left:0.0px;\">&nbsp;</p></td></tr><tr><td>Access Roles</td><td><p style=\"margin-left:0.0px;\">Multiple select populated from Roles Resource. See Roles definitions to see how a Role affects application behaviour.&nbsp;</p></td><td><p style=\"margin-left:0.0px;\">&nbsp;</p></td></tr><tr><td><p style=\"margin-left:0.0px;\"><i>Note</i></p></td><td><p style=\"margin-left:0.0px;\">This form updates the default User form delivered with a fresh <a href=\"http://form.io\">form.io</a> installation. It must be updated and pre-populated with either with <strong>clone_app</strong> or using the Promote function for User form and submission described below.</p></td><td><p style=\"margin-left:0.0px;\">&nbsp;</p></td></tr></tbody></table></figure><p><a href=\"#roles\"><strong>Roles</strong></a></p><p>Roles limit access in all areas of the application to certain data and forms. For application data, the Data Access limits by Form and Company insure that only the correct users will have access to either the application or within the application, the data associated with their <strong>asset_owner</strong> (I.e. Company(s))</p><p>Additionally only nominated Views will be available through menus as specified in the Menu Access section. Views are essentially customisable forms and so are linked to specific form submissions.</p><figure class=\"table\"><table><thead><tr><th>Field Name</th><th>Description</th><th>Note</th></tr></thead><tbody><tr><td><p style=\"margin-left:0.0px;\">Role ID</p></td><td><p style=\"margin-left:0.0px;\">Unique Role ID. Links to User</p></td><td><p style=\"margin-left:0.0px;\">Required</p></td></tr><tr><td>Description</td><td><p style=\"margin-left:0.0px;\">Description of Use for this role</p></td><td><p style=\"margin-left:0.0px;\">Required</p></td></tr><tr><td>Data Access by Form</td><td><p style=\"margin-left:0.0px;\">Multiple select populated from Application Forms Resource, which allows access to application forms, either read-only (can view but no save) or full access. Full access implies read-only as well.</p></td><td><p style=\"margin-left:0.0px;\">&nbsp;</p></td></tr><tr><td>Data Access by Company</td><td><p style=\"margin-left:0.0px;\">Multiple select populated from Company Resource, which allows access to form submissions where <strong>asset_owner</strong> is one of the specified Companies. Access is either read-only (can view but no save) or full access. Full access implies read-only as well.</p></td><td><p style=\"margin-left:0.0px;\">&nbsp;</p></td></tr><tr><td><p style=\"margin-left:0.0px;\">View Access</p></td><td><p style=\"margin-left:0.0px;\">Multiple select populated from View Resource, which allows access to the specified Views. Access is either read-only (can view list and edit but not save) or full access. Full access implies read-only as well.</p></td><td><p style=\"margin-left:0.0px;\">&nbsp;</p></td></tr></tbody></table></figure>", "path": "documents"}, "access": [], "metadata": {"timezone": "Australia/Melbourne", "offset": 600, "origin": "http://192.168.1.3:8000", "referrer": "http://192.168.1.3:8000/app/tool/reference/documents", "browserName": "Netscape", "userAgent": "Mozilla/5.0 (Macintosh; Intel Mac OS X 10_15_7) AppleWebKit/537.36 (KHTML, like Gecko) Chrome/102.0.0.0 Safari/537.36", "pathName": "/app/edit/reference/documents/**%20New%20**", "onLine": true}, "form": "62f5ccac54d20a014ce4c02c", "externalIds": [], "created": "2022-08-18T04:04:14.984Z", "modified": "2022-08-19T03:20:28.117Z"}