{"_id": "62fdc21aaab2d3682af32975", "owner": "62f5cc7454d20ad88be4bfc3", "roles": [], "data": {"id": "manual-wrapper", "templateUse": "jinja", "description": "HTML Wrapper for Manual", "showPreview": false, "showContent": false, "_version": 22, "_form_version": "", "parent_form": "documents", "application_function": "layout", "html_editor": "", "template_editor": "<!DOCTYPE html>\n<html lang=\"en\">\n  <title>\n    FormsWorking - Manual\n  </title>\n  <link rel='stylesheet' href='https://stackpath.bootstrapcdn.com/bootstrap/4.4.1/css/bootstrap.min.css'>\n  <link rel=\"stylesheet\" href=\"/app/static/sidebars.css\">\n<head>\n</head>\n<body class=\"\">\n<main>\n<div class=\"d-flex flex-column flex-shrink-0 p-3 bg-light overflow-auto\" style=\"width:auto\">\n  <div>\n  <a href=\"/app\" class=\"d-flex align-items-center mb-3 mb-md-0 me-md-auto text-white text-decoration-none\">\n    <img src=\"/app/static/logo-new.png\" style=\"width:200px;\" alt=\"Flander, Beyer and Associates P/L\">\n  </a>\n  <hr>\n  </div>\n\n    {% for menu in data.data.menuSection %}\n    <a class=\"bd-toc-item\">\n    {{menu.sectionName}}\n    </a>\n    \n      <ul class=\"bd-sidenav\">\n  {% for item in menu.menuSectionItems %}\n      <li>\n          <a href=\"./{{item.menuItemUrl}}\">\n          <span>{{item.menuItemLabel}}</span>\n          </a>\n      </li>\n    {% endfor %}\n      </ul>\n  {% endfor %}\n</div>\n<div class=\"b-example-divider\"></div>\n<div class=\"d-flex flex-column flex-shrink-0 w-75 p-3 bg-light overflow-auto\">\n{{document_content}}\n</div>\n</main>\n<script type=\"text/javascript\" charset=\"utf8\" src=\"/app/static/jquery-3.6.0.min.js\"></script>\n<script type=\"text/javascript\" charset=\"utf8\" src=\"/app/static/bootstrap.bundle.min.js\"></script>\n</body>\n</header", "document_content": "<!DOCTYPE html>\n<html lang=\"en\">\n  <title>\n    FormsWorking - Manual\n  </title>\n  <link rel='stylesheet' href='https://stackpath.bootstrapcdn.com/bootstrap/4.4.1/css/bootstrap.min.css'>\n  <link rel=\"stylesheet\" href=\"/app/static/sidebars.css\">\n<head>\n</head>\n<body class=\"\">\n<main>\n<div class=\"d-flex flex-column flex-shrink-0 p-3 bg-light overflow-auto\" style=\"width:auto\">\n  <div>\n  <a href=\"/app\" class=\"d-flex align-items-center mb-3 mb-md-0 me-md-auto text-white text-decoration-none\">\n    <img src=\"/app/static/logo-new.png\" style=\"width:200px;\" alt=\"Flander, Beyer and Associates P/L\">\n  </a>\n  <hr>\n  </div>\n\n    {% for menu in data.data.menuSection %}\n    <a class=\"bd-toc-item\">\n    {{menu.sectionName}}\n    </a>\n    \n      <ul class=\"bd-sidenav\">\n  {% for item in menu.menuSectionItems %}\n      <li>\n          <a href=\"./{{item.menuItemUrl}}\">\n          <span>{{item.menuItemLabel}}</span>\n          </a>\n      </li>\n    {% endfor %}\n      </ul>\n  {% endfor %}\n</div>\n<div class=\"b-example-divider\"></div>\n<div class=\"d-flex flex-column flex-shrink-0 w-75 p-3 bg-light overflow-auto\">\n{{document_content}}\n</div>\n</main>\n<script type=\"text/javascript\" charset=\"utf8\" src=\"/app/static/jquery-3.6.0.min.js\"></script>\n<script type=\"text/javascript\" charset=\"utf8\" src=\"/app/static/bootstrap.bundle.min.js\"></script>\n</body>\n</header", "path": "documents"}, "access": [], "metadata": {"selectData": {"application_function": {"label": "Layout"}, "parent_form": {"data": {"id": "documents", "description": "OPS Portal Jinja Templates"}}}, "timezone": "Australia/Melbourne", "offset": 600, "origin": "http://192.168.1.3:8000", "referrer": "http://192.168.1.3:8000/app/tool/reference/documents", "browserName": "Netscape", "userAgent": "Mozilla/5.0 (Macintosh; Intel Mac OS X 10_15_7) AppleWebKit/537.36 (KHTML, like Gecko) Chrome/102.0.0.0 Safari/537.36", "pathName": "/app/edit/reference/documents/**%20New%20**", "onLine": true}, "form": "62f5ccac54d20a014ce4c02c", "externalIds": [], "created": "2022-08-18T04:37:46.109Z", "modified": "2022-08-18T06:42:28.603Z"}