{"_id": "62fedbfdaab2d3283bf32977", "owner": "62f5cc7454d20ad88be4bfc3", "roles": [], "data": {"id": "manual-documents", "templateUse": "html", "description": " Documents and Tables", "showPreview": false, "showContent": false, "_version": 1, "_form_version": "", "parent_form": "", "application_function": "", "html_editor": "<h4><strong>Documents and Tables</strong></h4><p>Any number of Documents and Tables can be maintained within the system including web site HTML, Application Templates and various data tables for record or linked to any other part of the application or form designs.</p><p><strong>Country</strong></p><p>The Country Resource has the special function of providing the required list of States to populate the linked State selection on any form requiring Country entry. The same result could also be provided by the Tables Resource which was added later and is described below. A feature of this Resource is that it pre-formats states entered in a CSV format into a JSON object which can be used by the Form Select component.</p><figure class=\"table\"><table><tbody><tr><td><p style=\"margin-left:0.0px;\">Country ID</p></td><td><p style=\"margin-left:0.0px;\">Unique Country ID: Should be International standard for consistency.</p></td><td><p style=\"margin-left:0.0px;\">Required</p></td></tr><tr><td>Name</td><td><p style=\"margin-left:0.0px;\">Country Name</p></td><td><p style=\"margin-left:0.0px;\">Required</p></td></tr><tr><td>State values for drop-down</td><td><p style=\"margin-left:0.0px;\">Multiple rows of data in a CSV format where each row is a state name and its unique key value. By definition (different from Tables below), the first field is the Description and the second is the unique key.</p></td><td><p style=\"margin-left:0.0px;\">&nbsp;</p></td></tr><tr><td>Dropdown Values</td><td><p style=\"margin-left:0.0px;\">Automatically formatted JSON string for use in State select. See Company for example usage of Country and State.</p></td><td><p style=\"margin-left:0.0px;\">&nbsp;</p></td></tr></tbody></table></figure><p><strong>Tables</strong></p><p>Tables provide a generic storage for CSV data resources. By entering any CSV data, a JSON table and sample HtML view will be displayed. Currently each Table stands alone so to create joined tables such as those represented in Countries would require adding a table to table link and updating the /formio/form/&lt;path&gt;/submission method to perform the join when requested.</p><figure class=\"table\"><table><tbody><tr><td><p style=\"margin-left:0.0px;\">ID</p></td><td><p style=\"margin-left:0.0px;\">Unique ID of Table</p></td><td><p style=\"margin-left:0.0px;\">Required</p></td></tr><tr><td>Description</td><td><p style=\"margin-left:0.0px;\">Table Use and Source</p></td><td><p style=\"margin-left:0.0px;\">Required</p></td></tr><tr><td>Header Row?</td><td><p style=\"margin-left:0.0px;\">If true, the first row values become the column names in the JSON and column headers in the HTML.</p></td><td><p style=\"margin-left:0.0px;\">&nbsp;</p></td></tr><tr><td>CSV Data</td><td><p style=\"margin-left:0.0px;\">Multiple rows of CSV records with the field values in any order. If the first row is not header row, the names and Labels of the first two columns are label and value and subsequent columns are named and Labeled with the remainder of the first row's values which may make the data difficult (although not impossible) to consume on forms.</p></td><td><p style=\"margin-left:0.0px;\">&nbsp;</p></td></tr><tr><td>JSON Table</td><td><p style=\"margin-left:0.0px;\">The CSV data formatted int a JSON array object named json_table and the array elements being object named as described above.</p></td><td><p style=\"margin-left:0.0px;\">&nbsp;</p></td></tr><tr><td>Table</td><td><p style=\"margin-left:0.0px;\">A simple HTML formatted table representing the CSV list for verification. Persistent for use elsewhere.</p></td><td><p style=\"margin-left:0.0px;\">&nbsp;</p></td></tr></tbody></table></figure><p><strong>Documents / Templates</strong></p><p>The nature of a Flask application and the implementation of Jinja Template rendering used in building the application requires that all templates are disk resident. This has meant that they must be part of the Git repo and changes required updates to that and changes only become visible when pulled into the target application instance.</p><p>The Documents / Templates Resource is an initial step to moving first Transformation templates and eventually the entire website HTML into data object. These can then be promoted along with Form and Submission changes as part of a simplified and constantly managed CI/CD process.</p><figure class=\"table\"><table><tbody><tr><td><p style=\"margin-left:0.0px;\">ID</p></td><td><p style=\"margin-left:0.0px;\">Unique ID of Template</p></td><td><p style=\"margin-left:0.0px;\">Required</p></td></tr><tr><td>Description</td><td><p style=\"margin-left:0.0px;\">Usage Information</p></td><td><p style=\"margin-left:0.0px;\">Required</p></td></tr><tr><td>Template Use</td><td><p style=\"margin-left:0.0px;\">Jinja or HTML. HTML will present a Preview window while Jinja Transformation templates require additional information.</p></td><td><p style=\"margin-left:0.0px;\">&nbsp;</p></td></tr><tr><td>Show Preview</td><td>Select to open HTML formatted Preview window. For HTML documents, this should be the same as what is visible in the HTML Editor.</td><td>&nbsp;</td></tr><tr><td>Show Content</td><td>Select to open Document Content viewer. This is the data which will be available for substitution into template forms. This will allow you to view HTML markup.</td><td>&nbsp;</td></tr></tbody></table></figure><figure class=\"table\"><table><tbody><tr><td><p style=\"margin-left:0.0px;\">Parent Form</p></td><td><p style=\"margin-left:0.0px;\">Selection populated from Application Forms and used to link this Jinja Template to a specific application Webhook function.. Will become the base name for the file when requested and/or saved to the templates/jinja directory</p></td><td><p style=\"margin-left:0.0px;\">Only required if Jinja Use</p></td></tr><tr><td>Application Function</td><td><p style=\"margin-left:0.0px;\">Selection with list of Webhook sub-options. Will become the secondary part of the file when saved. Options are:</p><ul><li>DIS - Used to Create Excel file. See dis-as-built as an example.</li><li>RCS - Creates formatted SQL for use by DB Update webhook in updating any SQL compliant DB. Currently used for VisualKPI.</li><li>JSON - Create formatted JSON content required for Orchestrator processing conforming to Analytics standards - does not require Parent Form.</li><li>Other - Any other Template document. Requires that the extension be specified. No capability for that currently.</li></ul></td><td><p style=\"margin-left:0.0px;\">Only required if Jinja Use</p></td></tr><tr><td>Template Content</td><td><p style=\"margin-left:0.0px;\">Template document text. Should be either valid HTML syntax, or appropriate Jinja template logic.</p></td><td><p style=\"margin-left:0.0px;\">&nbsp;</p></td></tr></tbody></table></figure>", "template_editor": "", "document_content": "<h4><strong>Documents and Tables</strong></h4><p>Any number of Documents and Tables can be maintained within the system including web site HTML, Application Templates and various data tables for record or linked to any other part of the application or form designs.</p><p><strong>Country</strong></p><p>The Country Resource has the special function of providing the required list of States to populate the linked State selection on any form requiring Country entry. The same result could also be provided by the Tables Resource which was added later and is described below. A feature of this Resource is that it pre-formats states entered in a CSV format into a JSON object which can be used by the Form Select component.</p><figure class=\"table\"><table><tbody><tr><td><p style=\"margin-left:0.0px;\">Country ID</p></td><td><p style=\"margin-left:0.0px;\">Unique Country ID: Should be International standard for consistency.</p></td><td><p style=\"margin-left:0.0px;\">Required</p></td></tr><tr><td>Name</td><td><p style=\"margin-left:0.0px;\">Country Name</p></td><td><p style=\"margin-left:0.0px;\">Required</p></td></tr><tr><td>State values for drop-down</td><td><p style=\"margin-left:0.0px;\">Multiple rows of data in a CSV format where each row is a state name and its unique key value. By definition (different from Tables below), the first field is the Description and the second is the unique key.</p></td><td><p style=\"margin-left:0.0px;\">&nbsp;</p></td></tr><tr><td>Dropdown Values</td><td><p style=\"margin-left:0.0px;\">Automatically formatted JSON string for use in State select. See Company for example usage of Country and State.</p></td><td><p style=\"margin-left:0.0px;\">&nbsp;</p></td></tr></tbody></table></figure><p><strong>Tables</strong></p><p>Tables provide a generic storage for CSV data resources. By entering any CSV data, a JSON table and sample HtML view will be displayed. Currently each Table stands alone so to create joined tables such as those represented in Countries would require adding a table to table link and updating the /formio/form/&lt;path&gt;/submission method to perform the join when requested.</p><figure class=\"table\"><table><tbody><tr><td><p style=\"margin-left:0.0px;\">ID</p></td><td><p style=\"margin-left:0.0px;\">Unique ID of Table</p></td><td><p style=\"margin-left:0.0px;\">Required</p></td></tr><tr><td>Description</td><td><p style=\"margin-left:0.0px;\">Table Use and Source</p></td><td><p style=\"margin-left:0.0px;\">Required</p></td></tr><tr><td>Header Row?</td><td><p style=\"margin-left:0.0px;\">If true, the first row values become the column names in the JSON and column headers in the HTML.</p></td><td><p style=\"margin-left:0.0px;\">&nbsp;</p></td></tr><tr><td>CSV Data</td><td><p style=\"margin-left:0.0px;\">Multiple rows of CSV records with the field values in any order. If the first row is not header row, the names and Labels of the first two columns are label and value and subsequent columns are named and Labeled with the remainder of the first row's values which may make the data difficult (although not impossible) to consume on forms.</p></td><td><p style=\"margin-left:0.0px;\">&nbsp;</p></td></tr><tr><td>JSON Table</td><td><p style=\"margin-left:0.0px;\">The CSV data formatted int a JSON array object named json_table and the array elements being object named as described above.</p></td><td><p style=\"margin-left:0.0px;\">&nbsp;</p></td></tr><tr><td>Table</td><td><p style=\"margin-left:0.0px;\">A simple HTML formatted table representing the CSV list for verification. Persistent for use elsewhere.</p></td><td><p style=\"margin-left:0.0px;\">&nbsp;</p></td></tr></tbody></table></figure><p><strong>Documents / Templates</strong></p><p>The nature of a Flask application and the implementation of Jinja Template rendering used in building the application requires that all templates are disk resident. This has meant that they must be part of the Git repo and changes required updates to that and changes only become visible when pulled into the target application instance.</p><p>The Documents / Templates Resource is an initial step to moving first Transformation templates and eventually the entire website HTML into data object. These can then be promoted along with Form and Submission changes as part of a simplified and constantly managed CI/CD process.</p><figure class=\"table\"><table><tbody><tr><td><p style=\"margin-left:0.0px;\">ID</p></td><td><p style=\"margin-left:0.0px;\">Unique ID of Template</p></td><td><p style=\"margin-left:0.0px;\">Required</p></td></tr><tr><td>Description</td><td><p style=\"margin-left:0.0px;\">Usage Information</p></td><td><p style=\"margin-left:0.0px;\">Required</p></td></tr><tr><td>Template Use</td><td><p style=\"margin-left:0.0px;\">Jinja or HTML. HTML will present a Preview window while Jinja Transformation templates require additional information.</p></td><td><p style=\"margin-left:0.0px;\">&nbsp;</p></td></tr><tr><td>Show Preview</td><td>Select to open HTML formatted Preview window. For HTML documents, this should be the same as what is visible in the HTML Editor.</td><td>&nbsp;</td></tr><tr><td>Show Content</td><td>Select to open Document Content viewer. This is the data which will be available for substitution into template forms. This will allow you to view HTML markup.</td><td>&nbsp;</td></tr></tbody></table></figure><figure class=\"table\"><table><tbody><tr><td><p style=\"margin-left:0.0px;\">Parent Form</p></td><td><p style=\"margin-left:0.0px;\">Selection populated from Application Forms and used to link this Jinja Template to a specific application Webhook function.. Will become the base name for the file when requested and/or saved to the templates/jinja directory</p></td><td><p style=\"margin-left:0.0px;\">Only required if Jinja Use</p></td></tr><tr><td>Application Function</td><td><p style=\"margin-left:0.0px;\">Selection with list of Webhook sub-options. Will become the secondary part of the file when saved. Options are:</p><ul><li>DIS - Used to Create Excel file. See dis-as-built as an example.</li><li>RCS - Creates formatted SQL for use by DB Update webhook in updating any SQL compliant DB. Currently used for VisualKPI.</li><li>JSON - Create formatted JSON content required for Orchestrator processing conforming to Analytics standards - does not require Parent Form.</li><li>Other - Any other Template document. Requires that the extension be specified. No capability for that currently.</li></ul></td><td><p style=\"margin-left:0.0px;\">Only required if Jinja Use</p></td></tr><tr><td>Template Content</td><td><p style=\"margin-left:0.0px;\">Template document text. Should be either valid HTML syntax, or appropriate Jinja template logic.</p></td><td><p style=\"margin-left:0.0px;\">&nbsp;</p></td></tr></tbody></table></figure>", "path": "documents"}, "access": [], "metadata": {"timezone": "Australia/Melbourne", "offset": 600, "origin": "http://192.168.1.3:8000", "referrer": "http://192.168.1.3:8000/app/tool/reference/documents", "browserName": "Netscape", "userAgent": "Mozilla/5.0 (Macintosh; Intel Mac OS X 10_15_7) AppleWebKit/537.36 (KHTML, like Gecko) Chrome/102.0.0.0 Safari/537.36", "pathName": "/app/edit/reference/documents/**%20New%20**", "onLine": true}, "form": "62f5ccac54d20a014ce4c02c", "externalIds": [], "created": "2022-08-19T00:40:29.294Z", "modified": "2022-08-19T00:40:29.295Z"}