{"_id": "62ff007eaab2d3c210f3297e", "owner": "62f5cc7454d20ad88be4bfc3", "roles": [], "data": {"id": "manual-assets", "templateUse": "html", "description": "Eloque Assets -- Bridges", "showPreview": false, "showContent": false, "_version": 1, "_form_version": "", "parent_form": "", "application_function": "", "html_editor": "", "template_editor": "", "document_content": "", "path": "documents"}, "access": [], "metadata": {"timezone": "Australia/Melbourne", "offset": 600, "origin": "http://192.168.1.3:8000", "referrer": "http://192.168.1.3:8000/app/tool/reference/documents", "browserName": "Netscape", "userAgent": "Mozilla/5.0 (Macintosh; Intel Mac OS X 10_15_7) AppleWebKit/537.36 (KHTML, like Gecko) Chrome/102.0.0.0 Safari/537.36", "pathName": "/app/edit/reference/documents/**%20New%20**", "onLine": true}, "form": "62f5ccac54d20a014ce4c02c", "externalIds": [], "created": "2022-08-19T03:16:14.536Z", "modified": "2022-08-19T03:16:14.537Z"}