{"_id": "62f5cc8f54d20aad79e4bfed", "owner": "627ddf364022c591c1b05f1b", "roles": [], "data": {"id": "WSDOT", "description": "Washington State Department of Transportation", "country": {"_id": "62c388cfd39bf8546170ff89", "access": [], "created": "2022-07-05T00:41:51.088Z", "data": {"description": "United States", "id": "US", "json_table": "{\"json_table\":[{\"label\":\"Alaska\",\"value\":\"AK\"},{\"label\":\"Arizona\",\"value\":\"AZ\"},{\"label\":\"Arkansas\",\"value\":\"AR\"},{\"label\":\"California\",\"value\":\"CA\"},{\"label\":\"Colorado\",\"value\":\"CO\"},{\"label\":\"Connecticut\",\"value\":\"CT\"},{\"label\":\"Delaware\",\"value\":\"DE\"},{\"label\":\"District of Columbia\",\"value\":\"DC\"},{\"label\":\"Florida\",\"value\":\"FL\"},{\"label\":\"Georgia\",\"value\":\"GA\"},{\"label\":\"Hawaii\",\"value\":\"HI\"},{\"label\":\"Idaho\",\"value\":\"ID\"},{\"label\":\"Illinois\",\"value\":\"IL\"},{\"label\":\"Indiana\",\"value\":\"IN\"},{\"label\":\"Iowa\",\"value\":\"IA\"},{\"label\":\"Kansas\",\"value\":\"KS\"},{\"label\":\"Kentucky\",\"value\":\"KY\"},{\"label\":\"Louisiana\",\"value\":\"LA\"},{\"label\":\"Maine\",\"value\":\"ME\"},{\"label\":\"Maryland\",\"value\":\"MD\"},{\"label\":\"Massachusetts\",\"value\":\"MA\"},{\"label\":\"Michigan\",\"value\":\"MI\"},{\"label\":\"Minnesota\",\"value\":\"MN\"},{\"label\":\"Mississippi\",\"value\":\"MS\"},{\"label\":\"Missouri\",\"value\":\"MO\"},{\"label\":\"Montana\",\"value\":\"MT\"},{\"label\":\"Nebraska\",\"value\":\"NE\"},{\"label\":\"Nevada\",\"value\":\"NV\"},{\"label\":\"New Hampshire\",\"value\":\"NH\"},{\"label\":\"New Jersey\",\"value\":\"NJ\"},{\"label\":\"New Mexico\",\"value\":\"NM\"},{\"label\":\"New York\",\"value\":\"NY\"},{\"label\":\"North Carolina\",\"value\":\"NC\"},{\"label\":\"North Dakota\",\"value\":\"ND\"},{\"label\":\"Ohio\",\"value\":\"OH\"},{\"label\":\"Oklahoma\",\"value\":\"OK\"},{\"label\":\"Oregon\",\"value\":\"OR\"},{\"label\":\"Pennsylvania\",\"value\":\"PA\"},{\"label\":\"Rhode Island\",\"value\":\"RI\"},{\"label\":\"South Carolina\",\"value\":\"SC\"},{\"label\":\"South Dakota\",\"value\":\"SD\"},{\"label\":\"Tennessee\",\"value\":\"TN\"},{\"label\":\"Texas\",\"value\":\"TX\"},{\"label\":\"Utah\",\"value\":\"UT\"},{\"label\":\"Vermont\",\"value\":\"VT\"},{\"label\":\"Virginia\",\"value\":\"VA\"},{\"label\":\"Washington\",\"value\":\"WA\"},{\"label\":\"West Virginia\",\"value\":\"WV\"},{\"label\":\"Wisconsin\",\"value\":\"WI\"},{\"label\":\"Wyoming\",\"value\":\"WY\"}]}", "states": "Alaska,AK\nArizona,AZ\nArkansas,AR\nCalifornia,CA\nColorado,CO\nConnecticut,CT\nDelaware,DE\nDistrict of Columbia,DC\nFlorida,FL\nGeorgia,GA\nHawaii,HI\nIdaho,ID\nIllinois,IL\nIndiana,IN\nIowa,IA\nKansas,KS\nKentucky,KY\nLouisiana,LA\nMaine,ME\nMaryland,MD\nMassachusetts,MA\nMichigan,MI\nMinnesota,MN\nMississippi,MS\nMissouri,MO\nMontana,MT\nNebraska,NE\nNevada,NV\nNew Hampshire,NH\nNew Jersey,NJ\nNew Mexico,NM\nNew York,NY\nNorth Carolina,NC\nNorth Dakota,ND\nOhio,OH\nOklahoma,OK\nOregon,OR\nPennsylvania,PA\nRhode Island,RI\nSouth Carolina,SC\nSouth Dakota,SD\nTennessee,TN\nTexas,TX\nUtah,UT\nVermont,VT\nVirginia,VA\nWashington,WA\nWest Virginia,WV\nWisconsin,WI\nWyoming,WY"}, "externalIds": [], "form": "62c388c1d39bf86c0e70ff87", "metadata": {"browserName": "Netscape", "offset": 600, "onLine": true, "origin": "http://192.168.1.5:8000", "pathName": "/designer/edit/reference/country/US", "referrer": "http://192.168.1.5:8000/designer/tool/reference/country", "timezone": "Australia/Melbourne", "userAgent": "Mozilla/5.0 (Macintosh; Intel Mac OS X 10_15_7) AppleWebKit/537.36 (KHTML, like Gecko) Chrome/102.0.0.0 Safari/537.36"}, "modified": "2022-07-23T03:13:44.196Z", "owner": "627ddf364022c591c1b05f1b", "roles": []}, "address": "", "state": {"label": "Washington", "value": "WA"}, "path": "company"}, "access": [], "metadata": {"timezone": "Australia/Melbourne", "offset": 600, "origin": "http://192.168.1.5:8000", "referrer": "http://192.168.1.5:8000/designer/tool/reference/company", "browserName": "Netscape", "userAgent": "Mozilla/5.0 (Macintosh; Intel Mac OS X 10_15_7) AppleWebKit/537.36 (KHTML, like Gecko) Chrome/102.0.0.0 Safari/537.36", "pathName": "/designer/edit/reference/company/**%20New%20**", "onLine": true}, "form": "62f5cc8f54d20a4b69e4bfea", "externalIds": [], "created": "2022-08-12T03:44:15.892Z", "modified": "2022-08-12T06:08:25.936Z"}