{"_id": "62f5ccba54d20a40ede4c064", "owner": "627ddf364022c591c1b05f1b", "roles": [], "data": {"id": "mapping-sensors", "description": "Pre-packaged Sensor layout", "keyfield": "eloque_id", "app_useage": "application", "panelColumns2AddWorkflow": true, "_version": 8, "_form_version": "", "workflows": [{"panel2ColumnsFieldId": "", "title": "Update As-Design Form", "trigger_field_id": "update-as-design", "workflowActions": [{"argument": "v2.1", "method": "build_layout"}, {"argument": "mapping-sensors", "method": "save_layout"}]}, {"panel2ColumnsFieldId": "", "title": "Save Excel File", "trigger_field_id": "save-excel", "workflowActions": [{"argument": "mapping-sensors", "method": "save_excel"}]}], "path": "app-forms"}, "access": [], "metadata": {"browserName": "Netscape", "offset": 600, "onLine": true, "origin": "http://192.168.1.5:8000", "pathName": "/designer/edit/reference/app-forms/**%20New%20**", "referrer": "http://192.168.1.5:8000/designer/tool/reference/app-forms", "selectData": {"actions": [{"method": {"label": "Build Layout"}, "trigger_field_id": {"label": "Update As-Design"}}, {"method": {"label": "Save Layout"}, "trigger_field_id": {"label": "Update As-Design"}}, {"method": {"label": "Save Excel"}, "trigger_field_id": {"label": "Save Excel"}}], "app_useage": {"label": "Application"}, "workflows": [{"trigger_field_id": {"label": "Update As-Design"}, "workflowActions": [{"method": {"label": "Build Layout"}}, {"method": {"label": "Save Layout"}}]}, {"trigger_field_id": {"label": "Save Excel"}, "workflowActions": [{"method": {"label": "Save Excel"}}]}]}, "timezone": "Australia/Melbourne", "userAgent": "Mozilla/5.0 (Macintosh; Intel Mac OS X 10_15_7) AppleWebKit/537.36 (KHTML, like Gecko) Chrome/102.0.0.0 Safari/537.36"}, "form": "62f5ccb854d20ae433e4c051", "externalIds": [], "created": "2022-08-12T03:44:58.115Z", "modified": "2022-08-12T06:09:12.202Z"}