{"_id": "62f5ccba54d20ad508e4c069", "owner": "627ddf364022c591c1b05f1b", "roles": [], "data": {"id": "menus", "description": "System Menus", "keyfield": "id", "app_useage": "documents", "panelColumns2AddWorkflow": false, "_version": 1, "_form_version": "", "path": "app-forms"}, "access": [], "metadata": {"selectData": {"app_useage": {"label": "Documents"}, "actions": [{"method": {"label": "Save Layout"}, "trigger_field_id": {"label": "Save Excel"}}]}, "timezone": "Australia/Melbourne", "offset": 600, "origin": "http://192.168.1.3:8000", "referrer": "http://192.168.1.3:8000/app/tool/reference/app-forms", "browserName": "Netscape", "userAgent": "Mozilla/5.0 (Macintosh; Intel Mac OS X 10_15_7) AppleWebKit/537.36 (KHTML, like Gecko) Chrome/102.0.0.0 Safari/537.36", "pathName": "/app/edit/reference/app-forms/**%20New%20**", "onLine": true}, "form": "62f5ccb854d20ae433e4c051", "externalIds": [], "created": "2022-08-12T03:44:58.457Z", "modified": "2022-08-12T06:09:13.548Z"}