{"_id": "62f5ccb954d20a62dde4c057", "owner": "627ddf364022c591c1b05f1b", "roles": [], "data": {"id": "fiberlibrary", "description": "Fiber Resource for inclusion in JSON", "keyfield": "id", "app_useage": "applicationResources", "panelColumns2AddWorkflow": true, "_version": 4, "_form_version": "", "workflows": [{"panel2ColumnsFieldId": "", "title": "Export JSON to templates", "trigger_field_id": "always", "workflowActions": [{"argument": "", "method": "resource"}]}], "path": "app-forms"}, "access": [], "metadata": {"browserName": "Netscape", "offset": 600, "onLine": true, "origin": "http://localhost:8000", "pathName": "/panel/edit/reference/app-forms/**%20New%20**", "referrer": "http://localhost:8000/panel/tool/reference/app-forms", "selectData": {"actions": [{"method": {"label": "Save Resource JSON"}, "trigger_field_id": {"label": "Save Excel"}}], "app_useage": {"label": "Application Resources"}, "appl_function": {"label": "Fiber Resource"}, "workflows": [{"trigger_field_id": {"label": "Always"}, "workflowActions": [{"method": {"label": "Save Resource JSON"}}]}]}, "timezone": "Australia/Melbourne", "userAgent": "Mozilla/5.0 (Macintosh; Intel Mac OS X 10_15_7) AppleWebKit/537.36 (KHTML, like Gecko) Chrome/100.0.4896.75 Safari/537.36"}, "form": "62f5ccb854d20ae433e4c051", "externalIds": [], "created": "2022-08-12T03:44:57.160Z", "modified": "2022-08-12T06:09:13.451Z"}