{"_id": "62f5ccb954d20a2cd5e4c061", "owner": "627ddf364022c591c1b05f1b", "roles": [], "data": {"id": "form-promote-entry", "description": "Form & Submission Promote Entry", "keyfield": "id", "app_useage": "promotion", "panelColumns2AddWorkflow": false, "_version": 2, "_form_version": "", "path": "app-forms"}, "access": [], "metadata": {"browserName": "Netscape", "offset": 600, "onLine": true, "origin": "http://localhost:8000", "pathName": "/panel/edit/reference/app-forms/**%20New%20**", "referrer": "http://localhost:8000/panel/tool/reference/app-forms", "selectData": {"actions": [{"method": {"label": "Promote"}, "trigger_field_id": {"label": "Save Excel"}}], "app_useage": {"label": "Promotion"}}, "timezone": "Australia/Melbourne", "userAgent": "Mozilla/5.0 (Macintosh; Intel Mac OS X 10_15_7) AppleWebKit/537.36 (KHTML, like Gecko) Chrome/101.0.0.0 Safari/537.36"}, "form": "62f5ccb854d20ae433e4c051", "externalIds": [], "created": "2022-08-12T03:44:57.912Z", "modified": "2022-08-12T06:09:13.036Z"}