{"_id": "62f5ccb954d20ae92de4c056", "owner": "627ddf364022c591c1b05f1b", "roles": [], "data": {"id": "ops-limits", "description": "OPS Control Panel Limits", "keyfield": "eloque_id", "app_useage": "application", "panelColumns2AddWorkflow": false, "_version": 4, "_form_version": "", "path": "app-forms"}, "access": [], "metadata": {"browserName": "Netscape", "offset": 600, "onLine": true, "origin": "http://localhost:8000", "pathName": "/panel/edit/reference/app-forms/**%20New%20**", "referrer": "http://localhost:8000/panel/tool/reference/app-forms", "selectData": {"actions": [{"method": {"label": "Save Layout"}, "trigger_field_id": {"label": "Save Excel"}}], "app_useage": {"label": "Application"}}, "timezone": "Australia/Melbourne", "userAgent": "Mozilla/5.0 (Macintosh; Intel Mac OS X 10_15_7) AppleWebKit/537.36 (KHTML, like Gecko) Chrome/101.0.0.0 Safari/537.36"}, "form": "62f5ccb854d20ae433e4c051", "externalIds": [], "created": "2022-08-12T03:44:57.094Z", "modified": "2022-08-12T06:09:13.298Z"}