{"_id": "62fee862aab2d368c4f3297d", "owner": "62f5cc7454d20ad88be4bfc3", "roles": [], "data": {"id": "change_log", "logFormVersion": "", "form_name": "view", "logDateTime": "2022-08-19T01:33:21.962Z", "logUser": "terry.flander@eloque.com", "logAction": "update", "logComment": "            'data_type': '',\t\t\t\t      <<br>            'format': '',\t\t\t\t      <<br>            'label': 'First Change',\t\t\t      <<br>            'sort': 'none',\t\t\t\t      <<br>            'submission_field': 'logFirstChange'\t      <<br>        },\t\t\t\t\t\t      <<br>        {\t\t\t\t\t\t      <<br>    'browseLabels': '<th>Date/Time</th><th>Form</th><th>User< |\t    'browseLabels': '<th>Date/Time</th><th>Form</th><th>User<<br>    'dataTableScript': '$(document).ready( function () { \\n   |\t    'dataTableScript': '$(document).ready( function () { \\n  <br>", "path": "change-log"}, "access": [], "form": "62f5cc8f54d20ac568e4bfe8", "externalIds": [], "created": "2022-08-19T01:33:22.810Z", "modified": "2022-08-19T01:33:22.814Z"}