{"_id": "62fee743aab2d30f50f3297b", "owner": "62f5cc7454d20ad88be4bfc3", "roles": [], "data": {"id": "sidenav", "logFormVersion": "", "form_name": "menus", "logDateTime": "2022-08-19T01:28:34.466Z", "logUser": "terry.flander@eloque.com", "logAction": "update", "logComment": "\t\t\t\t\t\t\t      >\t                    'menuItemForm': '',<br>\t\t\t\t\t\t\t      >\t                    'menuItemTool': '',<br>                    'menuItemForm': '',\t\t\t      <<br>                    'menuItemView': 'change_log',\t      <<br>                    'menuItemTool': ''\t\t\t      |\t                    'menuItemView': 'change_log'<br>", "path": "change-log"}, "access": [], "form": "62f5cc8f54d20ac568e4bfe8", "externalIds": [], "created": "2022-08-19T01:28:35.123Z", "modified": "2022-08-19T01:28:35.124Z"}