{"_id": "62ff0300aab2d37a1ef3298a", "owner": "62f5cc7454d20ad88be4bfc3", "roles": [], "data": {"id": "manual-submissions", "logFormVersion": 2, "form_name": "documents", "logDateTime": "2022-08-19T03:26:56.105Z", "logUser": "terry.flander@eloque.com", "logAction": "update", "logComment": "    '_version': 1,\t\t\t\t\t      |\t    '_version': 2,<br>    'html_editor': '',\t\t\t\t\t      |\t    'html_editor': '<h4><strong>Form Submissions</strong></h4<br>    'document_content': ''\t\t\t\t      |\t    'document_content': '<h4><strong>Form Submissions</strong<br>", "path": "change-log"}, "access": [], "form": "62f5cc8f54d20ac568e4bfe8", "externalIds": [], "created": "2022-08-19T03:26:56.954Z", "modified": "2022-08-19T03:26:56.956Z"}