{"_id": "62ff0212aab2d32fe4f32989", "owner": "62f5cc7454d20ad88be4bfc3", "roles": [], "data": {"id": "manual-app-resources", "logFormVersion": 2, "form_name": "documents", "logDateTime": "2022-08-19T03:22:57.397Z", "logUser": "terry.flander@eloque.com", "logAction": "update", "logComment": "    '_version': 1,\t\t\t\t\t      |\t    '_version': 2,<br>    'html_editor': '',\t\t\t\t\t      |\t    'html_editor': '<h4><strong>Application Resources</strong<br>    'document_content': ''\t\t\t\t      |\t    'document_content': '<h4><strong>Application Resources</s<br>", "path": "change-log"}, "access": [], "form": "62f5cc8f54d20ac568e4bfe8", "externalIds": [], "created": "2022-08-19T03:22:58.140Z", "modified": "2022-08-19T03:22:58.141Z"}