{"_id": "62ff0403aab2d31073f3298b", "owner": "62f5cc7454d20ad88be4bfc3", "roles": [], "data": {"id": "manual-promotes", "logFormVersion": 2, "form_name": "documents", "logDateTime": "2022-08-19T03:31:14.511Z", "logUser": "terry.flander@eloque.com", "logAction": "update", "logComment": "    '_version': 1,\t\t\t\t\t      |\t    '_version': 2,<br>    'html_editor': '',\t\t\t\t\t      |\t    'html_editor': '<h4><strong>Promotes</strong></h4><p>The <br>    'document_content': ''\t\t\t\t      |\t    'document_content': '<h4><strong>Promotes</strong></h4><p<br>", "path": "change-log"}, "access": [], "form": "62f5cc8f54d20ac568e4bfe8", "externalIds": [], "created": "2022-08-19T03:31:15.366Z", "modified": "2022-08-19T03:31:15.367Z"}