{"_id": "62f5ccac54d20a4c42e4c021", "owner": "627ddf364022c591c1b05f1b", "roles": [], "data": {"id": "US", "description": "States of the United States", "header_row": true, "csv_data": "label,Abreviation,value\n\"Alabama\",\"Ala.\",\"AL\"\n\"Alaska\",\"Alaska\",\"AK\"\n\"Arizona\",\"Ariz.\",\"AZ\"\n\"Arkansas\",\"Ark.\",\"AR\"\n\"California\",\"Calif.\",\"CA\"\n\"Colorado\",\"Colo.\",\"CO\"\n\"Connecticut\",\"Conn.\",\"CT\"\n\"Delaware\",\"Del.\",\"DE\"\n\"District of Columbia\",\"D.C.\",\"DC\"\n\"Florida\",\"Fla.\",\"FL\"\n\"Georgia\",\"Ga.\",\"GA\"\n\"Hawaii\",\"Hawaii\",\"HI\"\n\"Idaho\",\"Idaho\",\"ID\"\n\"Illinois\",\"Ill.\",\"IL\"\n\"Indiana\",\"Ind.\",\"IN\"\n\"Iowa\",\"Iowa\",\"IA\"\n\"Kansas\",\"Kans.\",\"KS\"\n\"Kentucky\",\"Ky.\",\"KY\"\n\"Louisiana\",\"La.\",\"LA\"\n\"Maine\",\"Maine\",\"ME\"\n\"Maryland\",\"Md.\",\"MD\"\n\"Massachusetts\",\"Mass.\",\"MA\"\n\"Michigan\",\"Mich.\",\"MI\"\n\"Minnesota\",\"Minn.\",\"MN\"\n\"Mississippi\",\"Miss.\",\"MS\"\n\"Missouri\",\"Mo.\",\"MO\"\n\"Montana\",\"Mont.\",\"MT\"\n\"Nebraska\",\"Nebr.\",\"NE\"\n\"Nevada\",\"Nev.\",\"NV\"\n\"New Hampshire\",\"N.H.\",\"NH\"\n\"New Jersey\",\"N.J.\",\"NJ\"\n\"New Mexico\",\"N.M.\",\"NM\"\n\"New York\",\"N.Y.\",\"NY\"\n\"North Carolina\",\"N.C.\",\"NC\"\n\"North Dakota\",\"N.D.\",\"ND\"\n\"Ohio\",\"Ohio\",\"OH\"\n\"Oklahoma\",\"Okla.\",\"OK\"\n\"Oregon\",\"Ore.\",\"OR\"\n\"Pennsylvania\",\"Pa.\",\"PA\"\n\"Rhode Island\",\"R.I.\",\"RI\"\n\"South Carolina\",\"S.C.\",\"SC\"\n\"South Dakota\",\"S.D.\",\"SD\"\n\"Tennessee\",\"Tenn.\",\"TN\"\n\"Texas\",\"Tex.\",\"TX\"\n\"Utah\",\"Utah\",\"UT\"\n\"Vermont\",\"Vt.\",\"VT\"\n\"Virginia\",\"Va.\",\"VA\"\n\"Washington\",\"Wash.\",\"WA\"\n\"West Virginia\",\"W.Va.\",\"WV\"\n\"Wisconsin\",\"Wis.\",\"WI\"\n\"Wyoming\",\"Wyo.\",\"WY\"", "jsonArray": {}, "json_data": "{\"json_table\": [{\"label\": \"Alabama\",\"abreviation\": \"Ala.\",\"value\": \"AL\"}, {\"label\": \"Alaska\",\"abreviation\": \"Alaska\",\"value\": \"AK\"}, {\"label\": \"Arizona\",\"abreviation\": \"Ariz.\",\"value\": \"AZ\"}, {\"label\": \"Arkansas\",\"abreviation\": \"Ark.\",\"value\": \"AR\"}, {\"label\": \"California\",\"abreviation\": \"Calif.\",\"value\": \"CA\"}, {\"label\": \"Colorado\",\"abreviation\": \"Colo.\",\"value\": \"CO\"}, {\"label\": \"Connecticut\",\"abreviation\": \"Conn.\",\"value\": \"CT\"}, {\"label\": \"Delaware\",\"abreviation\": \"Del.\",\"value\": \"DE\"}, {\"label\": \"District of Columbia\",\"abreviation\": \"D.C.\",\"value\": \"DC\"}, {\"label\": \"Florida\",\"abreviation\": \"Fla.\",\"value\": \"FL\"}, {\"label\": \"Georgia\",\"abreviation\": \"Ga.\",\"value\": \"GA\"}, {\"label\": \"Hawaii\",\"abreviation\": \"Hawaii\",\"value\": \"HI\"}, {\"label\": \"Idaho\",\"abreviation\": \"Idaho\",\"value\": \"ID\"}, {\"label\": \"Illinois\",\"abreviation\": \"Ill.\",\"value\": \"IL\"}, {\"label\": \"Indiana\",\"abreviation\": \"Ind.\",\"value\": \"IN\"}, {\"label\": \"Iowa\",\"abreviation\": \"Iowa\",\"value\": \"IA\"}, {\"label\": \"Kansas\",\"abreviation\": \"Kans.\",\"value\": \"KS\"}, {\"label\": \"Kentucky\",\"abreviation\": \"Ky.\",\"value\": \"KY\"}, {\"label\": \"Louisiana\",\"abreviation\": \"La.\",\"value\": \"LA\"}, {\"label\": \"Maine\",\"abreviation\": \"Maine\",\"value\": \"ME\"}, {\"label\": \"Maryland\",\"abreviation\": \"Md.\",\"value\": \"MD\"}, {\"label\": \"Massachusetts\",\"abreviation\": \"Mass.\",\"value\": \"MA\"}, {\"label\": \"Michigan\",\"abreviation\": \"Mich.\",\"value\": \"MI\"}, {\"label\": \"Minnesota\",\"abreviation\": \"Minn.\",\"value\": \"MN\"}, {\"label\": \"Mississippi\",\"abreviation\": \"Miss.\",\"value\": \"MS\"}, {\"label\": \"Missouri\",\"abreviation\": \"Mo.\",\"value\": \"MO\"}, {\"label\": \"Montana\",\"abreviation\": \"Mont.\",\"value\": \"MT\"}, {\"label\": \"Nebraska\",\"abreviation\": \"Nebr.\",\"value\": \"NE\"}, {\"label\": \"Nevada\",\"abreviation\": \"Nev.\",\"value\": \"NV\"}, {\"label\": \"New Hampshire\",\"abreviation\": \"N.H.\",\"value\": \"NH\"}, {\"label\": \"New Jersey\",\"abreviation\": \"N.J.\",\"value\": \"NJ\"}, {\"label\": \"New Mexico\",\"abreviation\": \"N.M.\",\"value\": \"NM\"}, {\"label\": \"New York\",\"abreviation\": \"N.Y.\",\"value\": \"NY\"}, {\"label\": \"North Carolina\",\"abreviation\": \"N.C.\",\"value\": \"NC\"}, {\"label\": \"North Dakota\",\"abreviation\": \"N.D.\",\"value\": \"ND\"}, {\"label\": \"Ohio\",\"abreviation\": \"Ohio\",\"value\": \"OH\"}, {\"label\": \"Oklahoma\",\"abreviation\": \"Okla.\",\"value\": \"OK\"}, {\"label\": \"Oregon\",\"abreviation\": \"Ore.\",\"value\": \"OR\"}, {\"label\": \"Pennsylvania\",\"abreviation\": \"Pa.\",\"value\": \"PA\"}, {\"label\": \"Rhode Island\",\"abreviation\": \"R.I.\",\"value\": \"RI\"}, {\"label\": \"South Carolina\",\"abreviation\": \"S.C.\",\"value\": \"SC\"}, {\"label\": \"South Dakota\",\"abreviation\": \"S.D.\",\"value\": \"SD\"}, {\"label\": \"Tennessee\",\"abreviation\": \"Tenn.\",\"value\": \"TN\"}, {\"label\": \"Texas\",\"abreviation\": \"Tex.\",\"value\": \"TX\"}, {\"label\": \"Utah\",\"abreviation\": \"Utah\",\"value\": \"UT\"}, {\"label\": \"Vermont\",\"abreviation\": \"Vt.\",\"value\": \"VT\"}, {\"label\": \"Virginia\",\"abreviation\": \"Va.\",\"value\": \"VA\"}, {\"label\": \"Washington\",\"abreviation\": \"Wash.\",\"value\": \"WA\"}, {\"label\": \"West Virginia\",\"abreviation\": \"W.Va.\",\"value\": \"WV\"}, {\"label\": \"Wisconsin\",\"abreviation\": \"Wis.\",\"value\": \"WI\"}, {\"label\": \"Wyoming\",\"abreviation\": \"Wyo.\",\"value\": \"WY\"}] }", "table": "<table style='font-size:16px;font-family: \"Trebuchet MS\", Arial, Helvetica, sans-serif;border-collapse: collapse;border-spacing: 0; border: 1px solid grey; width: 100%;'><th style='text-align: left; padding: 8px; padding-top: 11px; padding-bottom: 11px; background-color: #04AA6D; color: white;'>label</th><th style='text-align: left; padding: 8px; padding-top: 11px; padding-bottom: 11px; background-color: #04AA6D; color: white;'>Abreviation</th><th style='text-align: left; padding: 8px; padding-top: 11px; padding-bottom: 11px; background-color: #04AA6D; color: white;'>value</th></tr><tr><td style='text-align: left; padding: 8px; border-bottom: 1px solid grey; border-right: 1px solid grey;'>Alabama</td><td style='text-align: left; padding: 8px; border-bottom: 1px solid grey; border-right: 1px solid grey;'>Ala.</td><td style='text-align: left; padding: 8px; border-bottom: 1px solid grey; border-right: 1px solid grey;'>AL</td></tr><tr><td style='text-align: left; padding: 8px; border-bottom: 1px solid grey; border-right: 1px solid grey;'>Alaska</td><td style='text-align: left; padding: 8px; border-bottom: 1px solid grey; border-right: 1px solid grey;'>Alaska</td><td style='text-align: left; padding: 8px; border-bottom: 1px solid grey; border-right: 1px solid grey;'>AK</td></tr><tr><td style='text-align: left; padding: 8px; border-bottom: 1px solid grey; border-right: 1px solid grey;'>Arizona</td><td style='text-align: left; padding: 8px; border-bottom: 1px solid grey; border-right: 1px solid grey;'>Ariz.</td><td style='text-align: left; padding: 8px; border-bottom: 1px solid grey; border-right: 1px solid grey;'>AZ</td></tr><tr><td style='text-align: left; padding: 8px; border-bottom: 1px solid grey; border-right: 1px solid grey;'>Arkansas</td><td style='text-align: left; padding: 8px; border-bottom: 1px solid grey; border-right: 1px solid grey;'>Ark.</td><td style='text-align: left; padding: 8px; border-bottom: 1px solid grey; border-right: 1px solid grey;'>AR</td></tr><tr><td style='text-align: left; padding: 8px; border-bottom: 1px solid grey; border-right: 1px solid grey;'>California</td><td style='text-align: left; padding: 8px; border-bottom: 1px solid grey; border-right: 1px solid grey;'>Calif.</td><td style='text-align: left; padding: 8px; border-bottom: 1px solid grey; border-right: 1px solid grey;'>CA</td></tr><tr><td style='text-align: left; padding: 8px; border-bottom: 1px solid grey; border-right: 1px solid grey;'>Colorado</td><td style='text-align: left; padding: 8px; border-bottom: 1px solid grey; border-right: 1px solid grey;'>Colo.</td><td style='text-align: left; padding: 8px; border-bottom: 1px solid grey; border-right: 1px solid grey;'>CO</td></tr><tr><td style='text-align: left; padding: 8px; border-bottom: 1px solid grey; border-right: 1px solid grey;'>Connecticut</td><td style='text-align: left; padding: 8px; border-bottom: 1px solid grey; border-right: 1px solid grey;'>Conn.</td><td style='text-align: left; padding: 8px; border-bottom: 1px solid grey; border-right: 1px solid grey;'>CT</td></tr><tr><td style='text-align: left; padding: 8px; border-bottom: 1px solid grey; border-right: 1px solid grey;'>Delaware</td><td style='text-align: left; padding: 8px; border-bottom: 1px solid grey; border-right: 1px solid grey;'>Del.</td><td style='text-align: left; padding: 8px; border-bottom: 1px solid grey; border-right: 1px solid grey;'>DE</td></tr><tr><td style='text-align: left; padding: 8px; border-bottom: 1px solid grey; border-right: 1px solid grey;'>District of Columbia</td><td style='text-align: left; padding: 8px; border-bottom: 1px solid grey; border-right: 1px solid grey;'>D.C.</td><td style='text-align: left; padding: 8px; border-bottom: 1px solid grey; border-right: 1px solid grey;'>DC</td></tr><tr><td style='text-align: left; padding: 8px; border-bottom: 1px solid grey; border-right: 1px solid grey;'>Florida</td><td style='text-align: left; padding: 8px; border-bottom: 1px solid grey; border-right: 1px solid grey;'>Fla.</td><td style='text-align: left; padding: 8px; border-bottom: 1px solid grey; border-right: 1px solid grey;'>FL</td></tr><tr><td style='text-align: left; padding: 8px; border-bottom: 1px solid grey; border-right: 1px solid grey;'>Georgia</td><td style='text-align: left; padding: 8px; border-bottom: 1px solid grey; border-right: 1px solid grey;'>Ga.</td><td style='text-align: left; padding: 8px; border-bottom: 1px solid grey; border-right: 1px solid grey;'>GA</td></tr><tr><td style='text-align: left; padding: 8px; border-bottom: 1px solid grey; border-right: 1px solid grey;'>Hawaii</td><td style='text-align: left; padding: 8px; border-bottom: 1px solid grey; border-right: 1px solid grey;'>Hawaii</td><td style='text-align: left; padding: 8px; border-bottom: 1px solid grey; border-right: 1px solid grey;'>HI</td></tr><tr><td style='text-align: left; padding: 8px; border-bottom: 1px solid grey; border-right: 1px solid grey;'>Idaho</td><td style='text-align: left; padding: 8px; border-bottom: 1px solid grey; border-right: 1px solid grey;'>Idaho</td><td style='text-align: left; padding: 8px; border-bottom: 1px solid grey; border-right: 1px solid grey;'>ID</td></tr><tr><td style='text-align: left; padding: 8px; border-bottom: 1px solid grey; border-right: 1px solid grey;'>Illinois</td><td style='text-align: left; padding: 8px; border-bottom: 1px solid grey; border-right: 1px solid grey;'>Ill.</td><td style='text-align: left; padding: 8px; border-bottom: 1px solid grey; border-right: 1px solid grey;'>IL</td></tr><tr><td style='text-align: left; padding: 8px; border-bottom: 1px solid grey; border-right: 1px solid grey;'>Indiana</td><td style='text-align: left; padding: 8px; border-bottom: 1px solid grey; border-right: 1px solid grey;'>Ind.</td><td style='text-align: left; padding: 8px; border-bottom: 1px solid grey; border-right: 1px solid grey;'>IN</td></tr><tr><td style='text-align: left; padding: 8px; border-bottom: 1px solid grey; border-right: 1px solid grey;'>Iowa</td><td style='text-align: left; padding: 8px; border-bottom: 1px solid grey; border-right: 1px solid grey;'>Iowa</td><td style='text-align: left; padding: 8px; border-bottom: 1px solid grey; border-right: 1px solid grey;'>IA</td></tr><tr><td style='text-align: left; padding: 8px; border-bottom: 1px solid grey; border-right: 1px solid grey;'>Kansas</td><td style='text-align: left; padding: 8px; border-bottom: 1px solid grey; border-right: 1px solid grey;'>Kans.</td><td style='text-align: left; padding: 8px; border-bottom: 1px solid grey; border-right: 1px solid grey;'>KS</td></tr><tr><td style='text-align: left; padding: 8px; border-bottom: 1px solid grey; border-right: 1px solid grey;'>Kentucky</td><td style='text-align: left; padding: 8px; border-bottom: 1px solid grey; border-right: 1px solid grey;'>Ky.</td><td style='text-align: left; padding: 8px; border-bottom: 1px solid grey; border-right: 1px solid grey;'>KY</td></tr><tr><td style='text-align: left; padding: 8px; border-bottom: 1px solid grey; border-right: 1px solid grey;'>Louisiana</td><td style='text-align: left; padding: 8px; border-bottom: 1px solid grey; border-right: 1px solid grey;'>La.</td><td style='text-align: left; padding: 8px; border-bottom: 1px solid grey; border-right: 1px solid grey;'>LA</td></tr><tr><td style='text-align: left; padding: 8px; border-bottom: 1px solid grey; border-right: 1px solid grey;'>Maine</td><td style='text-align: left; padding: 8px; border-bottom: 1px solid grey; border-right: 1px solid grey;'>Maine</td><td style='text-align: left; padding: 8px; border-bottom: 1px solid grey; border-right: 1px solid grey;'>ME</td></tr><tr><td style='text-align: left; padding: 8px; border-bottom: 1px solid grey; border-right: 1px solid grey;'>Maryland</td><td style='text-align: left; padding: 8px; border-bottom: 1px solid grey; border-right: 1px solid grey;'>Md.</td><td style='text-align: left; padding: 8px; border-bottom: 1px solid grey; border-right: 1px solid grey;'>MD</td></tr><tr><td style='text-align: left; padding: 8px; border-bottom: 1px solid grey; border-right: 1px solid grey;'>Massachusetts</td><td style='text-align: left; padding: 8px; border-bottom: 1px solid grey; border-right: 1px solid grey;'>Mass.</td><td style='text-align: left; padding: 8px; border-bottom: 1px solid grey; border-right: 1px solid grey;'>MA</td></tr><tr><td style='text-align: left; padding: 8px; border-bottom: 1px solid grey; border-right: 1px solid grey;'>Michigan</td><td style='text-align: left; padding: 8px; border-bottom: 1px solid grey; border-right: 1px solid grey;'>Mich.</td><td style='text-align: left; padding: 8px; border-bottom: 1px solid grey; border-right: 1px solid grey;'>MI</td></tr><tr><td style='text-align: left; padding: 8px; border-bottom: 1px solid grey; border-right: 1px solid grey;'>Minnesota</td><td style='text-align: left; padding: 8px; border-bottom: 1px solid grey; border-right: 1px solid grey;'>Minn.</td><td style='text-align: left; padding: 8px; border-bottom: 1px solid grey; border-right: 1px solid grey;'>MN</td></tr><tr><td style='text-align: left; padding: 8px; border-bottom: 1px solid grey; border-right: 1px solid grey;'>Mississippi</td><td style='text-align: left; padding: 8px; border-bottom: 1px solid grey; border-right: 1px solid grey;'>Miss.</td><td style='text-align: left; padding: 8px; border-bottom: 1px solid grey; border-right: 1px solid grey;'>MS</td></tr><tr><td style='text-align: left; padding: 8px; border-bottom: 1px solid grey; border-right: 1px solid grey;'>Missouri</td><td style='text-align: left; padding: 8px; border-bottom: 1px solid grey; border-right: 1px solid grey;'>Mo.</td><td style='text-align: left; padding: 8px; border-bottom: 1px solid grey; border-right: 1px solid grey;'>MO</td></tr><tr><td style='text-align: left; padding: 8px; border-bottom: 1px solid grey; border-right: 1px solid grey;'>Montana</td><td style='text-align: left; padding: 8px; border-bottom: 1px solid grey; border-right: 1px solid grey;'>Mont.</td><td style='text-align: left; padding: 8px; border-bottom: 1px solid grey; border-right: 1px solid grey;'>MT</td></tr><tr><td style='text-align: left; padding: 8px; border-bottom: 1px solid grey; border-right: 1px solid grey;'>Nebraska</td><td style='text-align: left; padding: 8px; border-bottom: 1px solid grey; border-right: 1px solid grey;'>Nebr.</td><td style='text-align: left; padding: 8px; border-bottom: 1px solid grey; border-right: 1px solid grey;'>NE</td></tr><tr><td style='text-align: left; padding: 8px; border-bottom: 1px solid grey; border-right: 1px solid grey;'>Nevada</td><td style='text-align: left; padding: 8px; border-bottom: 1px solid grey; border-right: 1px solid grey;'>Nev.</td><td style='text-align: left; padding: 8px; border-bottom: 1px solid grey; border-right: 1px solid grey;'>NV</td></tr><tr><td style='text-align: left; padding: 8px; border-bottom: 1px solid grey; border-right: 1px solid grey;'>New Hampshire</td><td style='text-align: left; padding: 8px; border-bottom: 1px solid grey; border-right: 1px solid grey;'>N.H.</td><td style='text-align: left; padding: 8px; border-bottom: 1px solid grey; border-right: 1px solid grey;'>NH</td></tr><tr><td style='text-align: left; padding: 8px; border-bottom: 1px solid grey; border-right: 1px solid grey;'>New Jersey</td><td style='text-align: left; padding: 8px; border-bottom: 1px solid grey; border-right: 1px solid grey;'>N.J.</td><td style='text-align: left; padding: 8px; border-bottom: 1px solid grey; border-right: 1px solid grey;'>NJ</td></tr><tr><td style='text-align: left; padding: 8px; border-bottom: 1px solid grey; border-right: 1px solid grey;'>New Mexico</td><td style='text-align: left; padding: 8px; border-bottom: 1px solid grey; border-right: 1px solid grey;'>N.M.</td><td style='text-align: left; padding: 8px; border-bottom: 1px solid grey; border-right: 1px solid grey;'>NM</td></tr><tr><td style='text-align: left; padding: 8px; border-bottom: 1px solid grey; border-right: 1px solid grey;'>New York</td><td style='text-align: left; padding: 8px; border-bottom: 1px solid grey; border-right: 1px solid grey;'>N.Y.</td><td style='text-align: left; padding: 8px; border-bottom: 1px solid grey; border-right: 1px solid grey;'>NY</td></tr><tr><td style='text-align: left; padding: 8px; border-bottom: 1px solid grey; border-right: 1px solid grey;'>North Carolina</td><td style='text-align: left; padding: 8px; border-bottom: 1px solid grey; border-right: 1px solid grey;'>N.C.</td><td style='text-align: left; padding: 8px; border-bottom: 1px solid grey; border-right: 1px solid grey;'>NC</td></tr><tr><td style='text-align: left; padding: 8px; border-bottom: 1px solid grey; border-right: 1px solid grey;'>North Dakota</td><td style='text-align: left; padding: 8px; border-bottom: 1px solid grey; border-right: 1px solid grey;'>N.D.</td><td style='text-align: left; padding: 8px; border-bottom: 1px solid grey; border-right: 1px solid grey;'>ND</td></tr><tr><td style='text-align: left; padding: 8px; border-bottom: 1px solid grey; border-right: 1px solid grey;'>Ohio</td><td style='text-align: left; padding: 8px; border-bottom: 1px solid grey; border-right: 1px solid grey;'>Ohio</td><td style='text-align: left; padding: 8px; border-bottom: 1px solid grey; border-right: 1px solid grey;'>OH</td></tr><tr><td style='text-align: left; padding: 8px; border-bottom: 1px solid grey; border-right: 1px solid grey;'>Oklahoma</td><td style='text-align: left; padding: 8px; border-bottom: 1px solid grey; border-right: 1px solid grey;'>Okla.</td><td style='text-align: left; padding: 8px; border-bottom: 1px solid grey; border-right: 1px solid grey;'>OK</td></tr><tr><td style='text-align: left; padding: 8px; border-bottom: 1px solid grey; border-right: 1px solid grey;'>Oregon</td><td style='text-align: left; padding: 8px; border-bottom: 1px solid grey; border-right: 1px solid grey;'>Ore.</td><td style='text-align: left; padding: 8px; border-bottom: 1px solid grey; border-right: 1px solid grey;'>OR</td></tr><tr><td style='text-align: left; padding: 8px; border-bottom: 1px solid grey; border-right: 1px solid grey;'>Pennsylvania</td><td style='text-align: left; padding: 8px; border-bottom: 1px solid grey; border-right: 1px solid grey;'>Pa.</td><td style='text-align: left; padding: 8px; border-bottom: 1px solid grey; border-right: 1px solid grey;'>PA</td></tr><tr><td style='text-align: left; padding: 8px; border-bottom: 1px solid grey; border-right: 1px solid grey;'>Rhode Island</td><td style='text-align: left; padding: 8px; border-bottom: 1px solid grey; border-right: 1px solid grey;'>R.I.</td><td style='text-align: left; padding: 8px; border-bottom: 1px solid grey; border-right: 1px solid grey;'>RI</td></tr><tr><td style='text-align: left; padding: 8px; border-bottom: 1px solid grey; border-right: 1px solid grey;'>South Carolina</td><td style='text-align: left; padding: 8px; border-bottom: 1px solid grey; border-right: 1px solid grey;'>S.C.</td><td style='text-align: left; padding: 8px; border-bottom: 1px solid grey; border-right: 1px solid grey;'>SC</td></tr><tr><td style='text-align: left; padding: 8px; border-bottom: 1px solid grey; border-right: 1px solid grey;'>South Dakota</td><td style='text-align: left; padding: 8px; border-bottom: 1px solid grey; border-right: 1px solid grey;'>S.D.</td><td style='text-align: left; padding: 8px; border-bottom: 1px solid grey; border-right: 1px solid grey;'>SD</td></tr><tr><td style='text-align: left; padding: 8px; border-bottom: 1px solid grey; border-right: 1px solid grey;'>Tennessee</td><td style='text-align: left; padding: 8px; border-bottom: 1px solid grey; border-right: 1px solid grey;'>Tenn.</td><td style='text-align: left; padding: 8px; border-bottom: 1px solid grey; border-right: 1px solid grey;'>TN</td></tr><tr><td style='text-align: left; padding: 8px; border-bottom: 1px solid grey; border-right: 1px solid grey;'>Texas</td><td style='text-align: left; padding: 8px; border-bottom: 1px solid grey; border-right: 1px solid grey;'>Tex.</td><td style='text-align: left; padding: 8px; border-bottom: 1px solid grey; border-right: 1px solid grey;'>TX</td></tr><tr><td style='text-align: left; padding: 8px; border-bottom: 1px solid grey; border-right: 1px solid grey;'>Utah</td><td style='text-align: left; padding: 8px; border-bottom: 1px solid grey; border-right: 1px solid grey;'>Utah</td><td style='text-align: left; padding: 8px; border-bottom: 1px solid grey; border-right: 1px solid grey;'>UT</td></tr><tr><td style='text-align: left; padding: 8px; border-bottom: 1px solid grey; border-right: 1px solid grey;'>Vermont</td><td style='text-align: left; padding: 8px; border-bottom: 1px solid grey; border-right: 1px solid grey;'>Vt.</td><td style='text-align: left; padding: 8px; border-bottom: 1px solid grey; border-right: 1px solid grey;'>VT</td></tr><tr><td style='text-align: left; padding: 8px; border-bottom: 1px solid grey; border-right: 1px solid grey;'>Virginia</td><td style='text-align: left; padding: 8px; border-bottom: 1px solid grey; border-right: 1px solid grey;'>Va.</td><td style='text-align: left; padding: 8px; border-bottom: 1px solid grey; border-right: 1px solid grey;'>VA</td></tr><tr><td style='text-align: left; padding: 8px; border-bottom: 1px solid grey; border-right: 1px solid grey;'>Washington</td><td style='text-align: left; padding: 8px; border-bottom: 1px solid grey; border-right: 1px solid grey;'>Wash.</td><td style='text-align: left; padding: 8px; border-bottom: 1px solid grey; border-right: 1px solid grey;'>WA</td></tr><tr><td style='text-align: left; padding: 8px; border-bottom: 1px solid grey; border-right: 1px solid grey;'>West Virginia</td><td style='text-align: left; padding: 8px; border-bottom: 1px solid grey; border-right: 1px solid grey;'>W.Va.</td><td style='text-align: left; padding: 8px; border-bottom: 1px solid grey; border-right: 1px solid grey;'>WV</td></tr><tr><td style='text-align: left; padding: 8px; border-bottom: 1px solid grey; border-right: 1px solid grey;'>Wisconsin</td><td style='text-align: left; padding: 8px; border-bottom: 1px solid grey; border-right: 1px solid grey;'>Wis.</td><td style='text-align: left; padding: 8px; border-bottom: 1px solid grey; border-right: 1px solid grey;'>WI</td></tr><tr><td style='text-align: left; padding: 8px; border-bottom: 1px solid grey; border-right: 1px solid grey;'>Wyoming</td><td style='text-align: left; padding: 8px; border-bottom: 1px solid grey; border-right: 1px solid grey;'>Wyo.</td><td style='text-align: left; padding: 8px; border-bottom: 1px solid grey; border-right: 1px solid grey;'>WY</td></tr></table>", "path": "tables"}, "access": [], "metadata": {"timezone": "Australia/Melbourne", "offset": 600, "origin": "http://192.168.1.5:8000", "referrer": "http://192.168.1.5:8000/designer/tool/reference/tables", "browserName": "Netscape", "userAgent": "Mozilla/5.0 (Macintosh; Intel Mac OS X 10_15_7) AppleWebKit/537.36 (KHTML, like Gecko) Chrome/102.0.0.0 Safari/537.36", "pathName": "/designer/edit/reference/tables/**%20New%20**", "onLine": true}, "form": "62f5ccac54d20a7128e4c01f", "externalIds": [], "created": "2022-08-12T03:44:44.189Z", "modified": "2022-08-12T06:08:55.469Z"}