{"_id": "62f5ccac54d20a1ce6e4c024", "owner": "627ddf364022c591c1b05f1b", "roles": [], "data": {"id": "AU", "description": "Australian States", "header_row": false, "csv_data": "ACT,ACT\nNSW,NSW\nNT,NT\nQLD,QLD\nSA,SA\nTA,TA\nVIC,VIC\nWA,WA", "jsonArray": {}, "json_data": "{\"json_table\": [{\"label\": \"ACT\",\"value\": \"ACT\"}, {\"label\": \"NSW\",\"value\": \"NSW\"}, {\"label\": \"NT\",\"value\": \"NT\"}, {\"label\": \"QLD\",\"value\": \"QLD\"}, {\"label\": \"SA\",\"value\": \"SA\"}, {\"label\": \"TA\",\"value\": \"TA\"}, {\"label\": \"VIC\",\"value\": \"VIC\"}, {\"label\": \"WA\",\"value\": \"WA\"}] }", "table": "<table style='font-size:16px;font-family: \"Trebuchet MS\", Arial, Helvetica, sans-serif;border-collapse: collapse;border-spacing: 0; border: 1px solid grey; width: 100%;'><th style='text-align: left; padding: 8px; padding-top: 11px; padding-bottom: 11px; background-color: #04AA6D; color: white;'>Label</th><th style='text-align: left; padding: 8px; padding-top: 11px; padding-bottom: 11px; background-color: #04AA6D; color: white;'>Value</th></tr><tr><td style='text-align: left; padding: 8px; border-bottom: 1px solid grey; border-right: 1px solid grey;'>ACT</td><td style='text-align: left; padding: 8px; border-bottom: 1px solid grey; border-right: 1px solid grey;'>ACT</td></tr><tr><td style='text-align: left; padding: 8px; border-bottom: 1px solid grey; border-right: 1px solid grey;'>NSW</td><td style='text-align: left; padding: 8px; border-bottom: 1px solid grey; border-right: 1px solid grey;'>NSW</td></tr><tr><td style='text-align: left; padding: 8px; border-bottom: 1px solid grey; border-right: 1px solid grey;'>NT</td><td style='text-align: left; padding: 8px; border-bottom: 1px solid grey; border-right: 1px solid grey;'>NT</td></tr><tr><td style='text-align: left; padding: 8px; border-bottom: 1px solid grey; border-right: 1px solid grey;'>QLD</td><td style='text-align: left; padding: 8px; border-bottom: 1px solid grey; border-right: 1px solid grey;'>QLD</td></tr><tr><td style='text-align: left; padding: 8px; border-bottom: 1px solid grey; border-right: 1px solid grey;'>SA</td><td style='text-align: left; padding: 8px; border-bottom: 1px solid grey; border-right: 1px solid grey;'>SA</td></tr><tr><td style='text-align: left; padding: 8px; border-bottom: 1px solid grey; border-right: 1px solid grey;'>TA</td><td style='text-align: left; padding: 8px; border-bottom: 1px solid grey; border-right: 1px solid grey;'>TA</td></tr><tr><td style='text-align: left; padding: 8px; border-bottom: 1px solid grey; border-right: 1px solid grey;'>VIC</td><td style='text-align: left; padding: 8px; border-bottom: 1px solid grey; border-right: 1px solid grey;'>VIC</td></tr><tr><td style='text-align: left; padding: 8px; border-bottom: 1px solid grey; border-right: 1px solid grey;'>WA</td><td style='text-align: left; padding: 8px; border-bottom: 1px solid grey; border-right: 1px solid grey;'>WA</td></tr></table>", "path": "tables"}, "access": [], "metadata": {"timezone": "Australia/Melbourne", "offset": 600, "origin": "http://192.168.1.3:8000", "referrer": "http://192.168.1.3:8000/designer/tool/reference/tables", "browserName": "Netscape", "userAgent": "Mozilla/5.0 (Macintosh; Intel Mac OS X 10_15_7) AppleWebKit/537.36 (KHTML, like Gecko) Chrome/102.0.0.0 Safari/537.36", "pathName": "/designer/edit/reference/tables/**%20New%20**", "onLine": true}, "form": "62f5ccac54d20a7128e4c01f", "externalIds": [], "created": "2022-08-12T03:44:44.403Z", "modified": "2022-08-12T06:08:55.719Z"}