{"_id": "62f5ccac54d20af0a7e4c022", "owner": "627ddf364022c591c1b05f1b", "roles": [], "data": {"id": "Tranche 1 Bridges", "description": "All the Bridges in the original Tranch 1 + file", "header_row": true, "csv_data": "Engineering Name,Suburb,Tier,Structure ID,OpsID,ON-AIR,RAS ID,Latitude,Longitude,As-Of\nSN1051_KALKALLO,,i-a,SN1051,3KAL-1051,Aug-21,SN1051,-37.52816,144.94768,SN1051 Aug-21\nSN1333_LOCKWOOD,,i-a,SN1333,3LON-1333,Aug-21,SN1333,-36.80689,145.46327,SN1333 Aug-21\nSN3159_AGNES,Agnes VIC 3962,i-a,SN3159,3AGN-3159,Jan-22,SN3159,-38.6709,146.38812,SN3159 Jan-22\nSN3306_MOUNT_MARTHA,Mount Martha VIC 3934,i-a,SN3306,3MOU-3306,Dec-21,SN3306,-38.264,145.03716,SN3306 Dec-21\nSN3500_COLDSTREAM_STRINGYBARK,Coldstream VIC 3770,i-a,SN3500,3COL-3500,Dec-21,SN3500,-37.70606,145.40955,SN3500 Dec-21\nSN3501_COLDSTREAM_YERINGBERG,Coldstream VIC 3770,i-a,SN3501,3COL-3501,Feb-22,SN3501,-37.68341,145.44292,SN3501 Feb-22\nSN3595_INVERLEIGH_NATIVE_HUT,Inverleigh VIC 3321,i-a,SN3595,3INV-3595,Dec-21,SN3595,-38.09408,144.10387,SN3595 Dec-21\nSN3604_HESSE,,i-a,SN3604,3HES-3604,May-21,SN3604,-38.08211,143.86957,SN3604 May-21\nSN3615_LISMORE,,i-a,SN3615,3LIS-3615,Apr-21,SN3615,-37.95233,143.34807,SN3615 Apr-21\nSN3734_BLACKWOOD,Blackwood VIC 3458,i-a,SN3734,3BLA-3734,Jan-22,SN3734,-37.46906,144.30513,SN3734 Jan-22\nSN3881_LORNE ,Lorne VIC 3232,i-a,SN3881,3LOR-3881,Jan-22,SN3881,-38.55453,143.97604,SN3881 Jan-22\nSN8474_INVERLEIGH_LEE_RIVER,Inverleigh VIC 3321,i-a,SN8474,3INV-8474,Jan-22,SN8474,-38.09985,144.06287,SN8474 Jan-22\nSN2625_N_GRAMPIANS,\"Northern Grampians VIC 3477\",i-b,SN2625,3GRA-2625,Feb-22,SN2625,-36.64056,142.97784,SN2625 Feb-22\nSN3594_MURGHEBOLUC,Murgheboluc VIC 3218,i-b,SN3594,3MUR-3594,Nov-21,SN3594,-38.11399,144.16379,SN3594 Nov-21\nSN3611_BERRYBANK,,i-b,SN3611,3BER-3611,May-21,SN3611,-37.97063,143.46767,SN3611 May-21\nSN3869_WARTOOK,Wartook VIC 3401,i-b,SN3869,3WAR-3869,Mar-22,SN3869,-37.03402,142.34026,SN3869 Mar-22\nSN3955_DEANS_MARSH,Deans Marsh VIC 3235,i-b,SN3955,3DEA-3955,Nov-21,SN3955,-38.39682,143.85672,SN3955 Nov-21\nSN3963_FORREST,Forrest VIC 3236,i-b,SN3963,3FOR-3963,Feb-22,SN3963,-38.50906,143.71857,SN3963 Feb-22\nSN4016_COBDEN,Cobden VIC 3266,i-b,SN4016,2COB-4016,Nov-21,SN4016,-38.36927,143.11572,SN4016 Nov-21\nSN4378_AVON_WEST,Avon West VIC 3480,i-b,SN4378,3AVO-4378,Mar-22,SN4378,-36.50427,142.88155,SN4378 Mar-22\nSN4551_WEDDERBURN,Wedderburn VIC 3518,i-b,SN4551,3WED-4551,Feb-22,SN4551,-36.43707,143.61076,SN4551 Feb-22\nSN5861_NERRENA,Nerrena VIC 3953,i-b,SN5861,3NER-5861,Mar-22,SN5861,-38.48325,145.98984,SN5861 Mar-22\nSN7446_WOODSIDE,Woodside VIC 3874,i-b,SN7446,3WOO-7446,Mar-22,SN7446,-38.55668,146.88173,SN7446 Mar-22\nSN7660_WULGULMERANG_E,Wulgulmerang East 3885,i-b,SN7660,3WUL-7660,Mar-22,SN7660,-37.06659,148.2612,SN7660 Mar-22\nSN1058_BEVERIDGE,,ii,SN1058,3BEV-1058,Aug-21,SN1058,-37.47346,144.97345,SN1058 Aug-21\nSN9357_TANGAMBALANGA,Tangambalanga VIC 3691,,SN9357,,,,,,\n", "jsonArray": {}, "json_data": "{\"json_table\": [{\"engineering_name\": \"SN1051_KALKALLO\",\"suburb\": \"\",\"tier\": \"i-a\",\"structure_id\": \"SN1051\",\"opsid\": \"3KAL-1051\",\"on-air\": \"Aug-21\",\"ras_id\": \"SN1051\",\"latitude\": \"-37.52816\",\"longitude\": \"144.94768\",\"as-of\": \"SN1051 Aug-21\"}, {\"engineering_name\": \"SN1333_LOCKWOOD\",\"suburb\": \"\",\"tier\": \"i-a\",\"structure_id\": \"SN1333\",\"opsid\": \"3LON-1333\",\"on-air\": \"Aug-21\",\"ras_id\": \"SN1333\",\"latitude\": \"-36.80689\",\"longitude\": \"145.46327\",\"as-of\": \"SN1333 Aug-21\"}, {\"engineering_name\": \"SN3159_AGNES\",\"suburb\": \"Agnes VIC 3962\",\"tier\": \"i-a\",\"structure_id\": \"SN3159\",\"opsid\": \"3AGN-3159\",\"on-air\": \"Jan-22\",\"ras_id\": \"SN3159\",\"latitude\": \"-38.6709\",\"longitude\": \"146.38812\",\"as-of\": \"SN3159 Jan-22\"}, {\"engineering_name\": \"SN3306_MOUNT_MARTHA\",\"suburb\": \"Mount Martha VIC 3934\",\"tier\": \"i-a\",\"structure_id\": \"SN3306\",\"opsid\": \"3MOU-3306\",\"on-air\": \"Dec-21\",\"ras_id\": \"SN3306\",\"latitude\": \"-38.264\",\"longitude\": \"145.03716\",\"as-of\": \"SN3306 Dec-21\"}, {\"engineering_name\": \"SN3500_COLDSTREAM_STRINGYBARK\",\"suburb\": \"Coldstream VIC 3770\",\"tier\": \"i-a\",\"structure_id\": \"SN3500\",\"opsid\": \"3COL-3500\",\"on-air\": \"Dec-21\",\"ras_id\": \"SN3500\",\"latitude\": \"-37.70606\",\"longitude\": \"145.40955\",\"as-of\": \"SN3500 Dec-21\"}, {\"engineering_name\": \"SN3501_COLDSTREAM_YERINGBERG\",\"suburb\": \"Coldstream VIC 3770\",\"tier\": \"i-a\",\"structure_id\": \"SN3501\",\"opsid\": \"3COL-3501\",\"on-air\": \"Feb-22\",\"ras_id\": \"SN3501\",\"latitude\": \"-37.68341\",\"longitude\": \"145.44292\",\"as-of\": \"SN3501 Feb-22\"}, {\"engineering_name\": \"SN3595_INVERLEIGH_NATIVE_HUT\",\"suburb\": \"Inverleigh VIC 3321\",\"tier\": \"i-a\",\"structure_id\": \"SN3595\",\"opsid\": \"3INV-3595\",\"on-air\": \"Dec-21\",\"ras_id\": \"SN3595\",\"latitude\": \"-38.09408\",\"longitude\": \"144.10387\",\"as-of\": \"SN3595 Dec-21\"}, {\"engineering_name\": \"SN3604_HESSE\",\"suburb\": \"\",\"tier\": \"i-a\",\"structure_id\": \"SN3604\",\"opsid\": \"3HES-3604\",\"on-air\": \"May-21\",\"ras_id\": \"SN3604\",\"latitude\": \"-38.08211\",\"longitude\": \"143.86957\",\"as-of\": \"SN3604 May-21\"}, {\"engineering_name\": \"SN3615_LISMORE\",\"suburb\": \"\",\"tier\": \"i-a\",\"structure_id\": \"SN3615\",\"opsid\": \"3LIS-3615\",\"on-air\": \"Apr-21\",\"ras_id\": \"SN3615\",\"latitude\": \"-37.95233\",\"longitude\": \"143.34807\",\"as-of\": \"SN3615 Apr-21\"}, {\"engineering_name\": \"SN3734_BLACKWOOD\",\"suburb\": \"Blackwood VIC 3458\",\"tier\": \"i-a\",\"structure_id\": \"SN3734\",\"opsid\": \"3BLA-3734\",\"on-air\": \"Jan-22\",\"ras_id\": \"SN3734\",\"latitude\": \"-37.46906\",\"longitude\": \"144.30513\",\"as-of\": \"SN3734 Jan-22\"}, {\"engineering_name\": \"SN3881_LORNE \",\"suburb\": \"Lorne VIC 3232\",\"tier\": \"i-a\",\"structure_id\": \"SN3881\",\"opsid\": \"3LOR-3881\",\"on-air\": \"Jan-22\",\"ras_id\": \"SN3881\",\"latitude\": \"-38.55453\",\"longitude\": \"143.97604\",\"as-of\": \"SN3881 Jan-22\"}, {\"engineering_name\": \"SN8474_INVERLEIGH_LEE_RIVER\",\"suburb\": \"Inverleigh VIC 3321\",\"tier\": \"i-a\",\"structure_id\": \"SN8474\",\"opsid\": \"3INV-8474\",\"on-air\": \"Jan-22\",\"ras_id\": \"SN8474\",\"latitude\": \"-38.09985\",\"longitude\": \"144.06287\",\"as-of\": \"SN8474 Jan-22\"}, {\"engineering_name\": \"SN2625_N_GRAMPIANS\",\"suburb\": \"Northern Grampians VIC 3477\",\"tier\": \"i-b\",\"structure_id\": \"SN2625\",\"opsid\": \"3GRA-2625\",\"on-air\": \"Feb-22\",\"ras_id\": \"SN2625\",\"latitude\": \"-36.64056\",\"longitude\": \"142.97784\",\"as-of\": \"SN2625 Feb-22\"}, {\"engineering_name\": \"SN3594_MURGHEBOLUC\",\"suburb\": \"Murgheboluc VIC 3218\",\"tier\": \"i-b\",\"structure_id\": \"SN3594\",\"opsid\": \"3MUR-3594\",\"on-air\": \"Nov-21\",\"ras_id\": \"SN3594\",\"latitude\": \"-38.11399\",\"longitude\": \"144.16379\",\"as-of\": \"SN3594 Nov-21\"}, {\"engineering_name\": \"SN3611_BERRYBANK\",\"suburb\": \"\",\"tier\": \"i-b\",\"structure_id\": \"SN3611\",\"opsid\": \"3BER-3611\",\"on-air\": \"May-21\",\"ras_id\": \"SN3611\",\"latitude\": \"-37.97063\",\"longitude\": \"143.46767\",\"as-of\": \"SN3611 May-21\"}, {\"engineering_name\": \"SN3869_WARTOOK\",\"suburb\": \"Wartook VIC 3401\",\"tier\": \"i-b\",\"structure_id\": \"SN3869\",\"opsid\": \"3WAR-3869\",\"on-air\": \"Mar-22\",\"ras_id\": \"SN3869\",\"latitude\": \"-37.03402\",\"longitude\": \"142.34026\",\"as-of\": \"SN3869 Mar-22\"}, {\"engineering_name\": \"SN3955_DEANS_MARSH\",\"suburb\": \"Deans Marsh VIC 3235\",\"tier\": \"i-b\",\"structure_id\": \"SN3955\",\"opsid\": \"3DEA-3955\",\"on-air\": \"Nov-21\",\"ras_id\": \"SN3955\",\"latitude\": \"-38.39682\",\"longitude\": \"143.85672\",\"as-of\": \"SN3955 Nov-21\"}, {\"engineering_name\": \"SN3963_FORREST\",\"suburb\": \"Forrest VIC 3236\",\"tier\": \"i-b\",\"structure_id\": \"SN3963\",\"opsid\": \"3FOR-3963\",\"on-air\": \"Feb-22\",\"ras_id\": \"SN3963\",\"latitude\": \"-38.50906\",\"longitude\": \"143.71857\",\"as-of\": \"SN3963 Feb-22\"}, {\"engineering_name\": \"SN4016_COBDEN\",\"suburb\": \"Cobden VIC 3266\",\"tier\": \"i-b\",\"structure_id\": \"SN4016\",\"opsid\": \"2COB-4016\",\"on-air\": \"Nov-21\",\"ras_id\": \"SN4016\",\"latitude\": \"-38.36927\",\"longitude\": \"143.11572\",\"as-of\": \"SN4016 Nov-21\"}, {\"engineering_name\": \"SN4378_AVON_WEST\",\"suburb\": \"Avon West VIC 3480\",\"tier\": \"i-b\",\"structure_id\": \"SN4378\",\"opsid\": \"3AVO-4378\",\"on-air\": \"Mar-22\",\"ras_id\": \"SN4378\",\"latitude\": \"-36.50427\",\"longitude\": \"142.88155\",\"as-of\": \"SN4378 Mar-22\"}, {\"engineering_name\": \"SN4551_WEDDERBURN\",\"suburb\": \"Wedderburn VIC 3518\",\"tier\": \"i-b\",\"structure_id\": \"SN4551\",\"opsid\": \"3WED-4551\",\"on-air\": \"Feb-22\",\"ras_id\": \"SN4551\",\"latitude\": \"-36.43707\",\"longitude\": \"143.61076\",\"as-of\": \"SN4551 Feb-22\"}, {\"engineering_name\": \"SN5861_NERRENA\",\"suburb\": \"Nerrena VIC 3953\",\"tier\": \"i-b\",\"structure_id\": \"SN5861\",\"opsid\": \"3NER-5861\",\"on-air\": \"Mar-22\",\"ras_id\": \"SN5861\",\"latitude\": \"-38.48325\",\"longitude\": \"145.98984\",\"as-of\": \"SN5861 Mar-22\"}, {\"engineering_name\": \"SN7446_WOODSIDE\",\"suburb\": \"Woodside VIC 3874\",\"tier\": \"i-b\",\"structure_id\": \"SN7446\",\"opsid\": \"3WOO-7446\",\"on-air\": \"Mar-22\",\"ras_id\": \"SN7446\",\"latitude\": \"-38.55668\",\"longitude\": \"146.88173\",\"as-of\": \"SN7446 Mar-22\"}, {\"engineering_name\": \"SN7660_WULGULMERANG_E\",\"suburb\": \"Wulgulmerang East 3885\",\"tier\": \"i-b\",\"structure_id\": \"SN7660\",\"opsid\": \"3WUL-7660\",\"on-air\": \"Mar-22\",\"ras_id\": \"SN7660\",\"latitude\": \"-37.06659\",\"longitude\": \"148.2612\",\"as-of\": \"SN7660 Mar-22\"}, {\"engineering_name\": \"SN1058_BEVERIDGE\",\"suburb\": \"\",\"tier\": \"ii\",\"structure_id\": \"SN1058\",\"opsid\": \"3BEV-1058\",\"on-air\": \"Aug-21\",\"ras_id\": \"SN1058\",\"latitude\": \"-37.47346\",\"longitude\": \"144.97345\",\"as-of\": \"SN1058 Aug-21\"}, {\"engineering_name\": \"SN9357_TANGAMBALANGA\",\"suburb\": \"Tangambalanga VIC 3691\",\"tier\": \"\",\"structure_id\": \"SN9357\",\"opsid\": \"\",\"on-air\": \"\",\"ras_id\": \"\",\"latitude\": \"\",\"longitude\": \"\",\"as-of\": \"\"}, {\"engineering_name\": \"\"}] }", "table": "<table style='font-size:16px;font-family: \"Trebuchet MS\", Arial, Helvetica, sans-serif;border-collapse: collapse;border-spacing: 0; border: 1px solid grey; width: 100%;'><th style='text-align: left; padding: 8px; padding-top: 11px; padding-bottom: 11px; background-color: #04AA6D; color: white;'>Engineering Name</th><th style='text-align: left; padding: 8px; padding-top: 11px; padding-bottom: 11px; background-color: #04AA6D; color: white;'>Suburb</th><th style='text-align: left; padding: 8px; padding-top: 11px; padding-bottom: 11px; background-color: #04AA6D; color: white;'>Tier</th><th style='text-align: left; padding: 8px; padding-top: 11px; padding-bottom: 11px; background-color: #04AA6D; color: white;'>Structure ID</th><th style='text-align: left; padding: 8px; padding-top: 11px; padding-bottom: 11px; background-color: #04AA6D; color: white;'>OpsID</th><th style='text-align: left; padding: 8px; padding-top: 11px; padding-bottom: 11px; background-color: #04AA6D; color: white;'>ON-AIR</th><th style='text-align: left; padding: 8px; padding-top: 11px; padding-bottom: 11px; background-color: #04AA6D; color: white;'>RAS ID</th><th style='text-align: left; padding: 8px; padding-top: 11px; padding-bottom: 11px; background-color: #04AA6D; color: white;'>Latitude</th><th style='text-align: left; padding: 8px; padding-top: 11px; padding-bottom: 11px; background-color: #04AA6D; color: white;'>Longitude</th><th style='text-align: left; padding: 8px; padding-top: 11px; padding-bottom: 11px; background-color: #04AA6D; color: white;'>As-Of</th></tr><tr><td style='text-align: left; padding: 8px; border-bottom: 1px solid grey; border-right: 1px solid grey;'>SN1051_KALKALLO</td><td style='text-align: left; padding: 8px; border-bottom: 1px solid grey; border-right: 1px solid grey;'></td><td style='text-align: left; padding: 8px; border-bottom: 1px solid grey; border-right: 1px solid grey;'>i-a</td><td style='text-align: left; padding: 8px; border-bottom: 1px solid grey; border-right: 1px solid grey;'>SN1051</td><td style='text-align: left; padding: 8px; border-bottom: 1px solid grey; border-right: 1px solid grey;'>3KAL-1051</td><td style='text-align: left; padding: 8px; border-bottom: 1px solid grey; border-right: 1px solid grey;'>Aug-21</td><td style='text-align: left; padding: 8px; border-bottom: 1px solid grey; border-right: 1px solid grey;'>SN1051</td><td style='text-align: left; padding: 8px; border-bottom: 1px solid grey; border-right: 1px solid grey;'>-37.52816</td><td style='text-align: left; padding: 8px; border-bottom: 1px solid grey; border-right: 1px solid grey;'>144.94768</td><td style='text-align: left; padding: 8px; border-bottom: 1px solid grey; border-right: 1px solid grey;'>SN1051 Aug-21</td></tr><tr><td style='text-align: left; padding: 8px; border-bottom: 1px solid grey; border-right: 1px solid grey;'>SN1333_LOCKWOOD</td><td style='text-align: left; padding: 8px; border-bottom: 1px solid grey; border-right: 1px solid grey;'></td><td style='text-align: left; padding: 8px; border-bottom: 1px solid grey; border-right: 1px solid grey;'>i-a</td><td style='text-align: left; padding: 8px; border-bottom: 1px solid grey; border-right: 1px solid grey;'>SN1333</td><td style='text-align: left; padding: 8px; border-bottom: 1px solid grey; border-right: 1px solid grey;'>3LON-1333</td><td style='text-align: left; padding: 8px; border-bottom: 1px solid grey; border-right: 1px solid grey;'>Aug-21</td><td style='text-align: left; padding: 8px; border-bottom: 1px solid grey; border-right: 1px solid grey;'>SN1333</td><td style='text-align: left; padding: 8px; border-bottom: 1px solid grey; border-right: 1px solid grey;'>-36.80689</td><td style='text-align: left; padding: 8px; border-bottom: 1px solid grey; border-right: 1px solid grey;'>145.46327</td><td style='text-align: left; padding: 8px; border-bottom: 1px solid grey; border-right: 1px solid grey;'>SN1333 Aug-21</td></tr><tr><td style='text-align: left; padding: 8px; border-bottom: 1px solid grey; border-right: 1px solid grey;'>SN3159_AGNES</td><td style='text-align: left; padding: 8px; border-bottom: 1px solid grey; border-right: 1px solid grey;'>Agnes VIC 3962</td><td style='text-align: left; padding: 8px; border-bottom: 1px solid grey; border-right: 1px solid grey;'>i-a</td><td style='text-align: left; padding: 8px; border-bottom: 1px solid grey; border-right: 1px solid grey;'>SN3159</td><td style='text-align: left; padding: 8px; border-bottom: 1px solid grey; border-right: 1px solid grey;'>3AGN-3159</td><td style='text-align: left; padding: 8px; border-bottom: 1px solid grey; border-right: 1px solid grey;'>Jan-22</td><td style='text-align: left; padding: 8px; border-bottom: 1px solid grey; border-right: 1px solid grey;'>SN3159</td><td style='text-align: left; padding: 8px; border-bottom: 1px solid grey; border-right: 1px solid grey;'>-38.6709</td><td style='text-align: left; padding: 8px; border-bottom: 1px solid grey; border-right: 1px solid grey;'>146.38812</td><td style='text-align: left; padding: 8px; border-bottom: 1px solid grey; border-right: 1px solid grey;'>SN3159 Jan-22</td></tr><tr><td style='text-align: left; padding: 8px; border-bottom: 1px solid grey; border-right: 1px solid grey;'>SN3306_MOUNT_MARTHA</td><td style='text-align: left; padding: 8px; border-bottom: 1px solid grey; border-right: 1px solid grey;'>Mount Martha VIC 3934</td><td style='text-align: left; padding: 8px; border-bottom: 1px solid grey; border-right: 1px solid grey;'>i-a</td><td style='text-align: left; padding: 8px; border-bottom: 1px solid grey; border-right: 1px solid grey;'>SN3306</td><td style='text-align: left; padding: 8px; border-bottom: 1px solid grey; border-right: 1px solid grey;'>3MOU-3306</td><td style='text-align: left; padding: 8px; border-bottom: 1px solid grey; border-right: 1px solid grey;'>Dec-21</td><td style='text-align: left; padding: 8px; border-bottom: 1px solid grey; border-right: 1px solid grey;'>SN3306</td><td style='text-align: left; padding: 8px; border-bottom: 1px solid grey; border-right: 1px solid grey;'>-38.264</td><td style='text-align: left; padding: 8px; border-bottom: 1px solid grey; border-right: 1px solid grey;'>145.03716</td><td style='text-align: left; padding: 8px; border-bottom: 1px solid grey; border-right: 1px solid grey;'>SN3306 Dec-21</td></tr><tr><td style='text-align: left; padding: 8px; border-bottom: 1px solid grey; border-right: 1px solid grey;'>SN3500_COLDSTREAM_STRINGYBARK</td><td style='text-align: left; padding: 8px; border-bottom: 1px solid grey; border-right: 1px solid grey;'>Coldstream VIC 3770</td><td style='text-align: left; padding: 8px; border-bottom: 1px solid grey; border-right: 1px solid grey;'>i-a</td><td style='text-align: left; padding: 8px; border-bottom: 1px solid grey; border-right: 1px solid grey;'>SN3500</td><td style='text-align: left; padding: 8px; border-bottom: 1px solid grey; border-right: 1px solid grey;'>3COL-3500</td><td style='text-align: left; padding: 8px; border-bottom: 1px solid grey; border-right: 1px solid grey;'>Dec-21</td><td style='text-align: left; padding: 8px; border-bottom: 1px solid grey; border-right: 1px solid grey;'>SN3500</td><td style='text-align: left; padding: 8px; border-bottom: 1px solid grey; border-right: 1px solid grey;'>-37.70606</td><td style='text-align: left; padding: 8px; border-bottom: 1px solid grey; border-right: 1px solid grey;'>145.40955</td><td style='text-align: left; padding: 8px; border-bottom: 1px solid grey; border-right: 1px solid grey;'>SN3500 Dec-21</td></tr><tr><td style='text-align: left; padding: 8px; border-bottom: 1px solid grey; border-right: 1px solid grey;'>SN3501_COLDSTREAM_YERINGBERG</td><td style='text-align: left; padding: 8px; border-bottom: 1px solid grey; border-right: 1px solid grey;'>Coldstream VIC 3770</td><td style='text-align: left; padding: 8px; border-bottom: 1px solid grey; border-right: 1px solid grey;'>i-a</td><td style='text-align: left; padding: 8px; border-bottom: 1px solid grey; border-right: 1px solid grey;'>SN3501</td><td style='text-align: left; padding: 8px; border-bottom: 1px solid grey; border-right: 1px solid grey;'>3COL-3501</td><td style='text-align: left; padding: 8px; border-bottom: 1px solid grey; border-right: 1px solid grey;'>Feb-22</td><td style='text-align: left; padding: 8px; border-bottom: 1px solid grey; border-right: 1px solid grey;'>SN3501</td><td style='text-align: left; padding: 8px; border-bottom: 1px solid grey; border-right: 1px solid grey;'>-37.68341</td><td style='text-align: left; padding: 8px; border-bottom: 1px solid grey; border-right: 1px solid grey;'>145.44292</td><td style='text-align: left; padding: 8px; border-bottom: 1px solid grey; border-right: 1px solid grey;'>SN3501 Feb-22</td></tr><tr><td style='text-align: left; padding: 8px; border-bottom: 1px solid grey; border-right: 1px solid grey;'>SN3595_INVERLEIGH_NATIVE_HUT</td><td style='text-align: left; padding: 8px; border-bottom: 1px solid grey; border-right: 1px solid grey;'>Inverleigh VIC 3321</td><td style='text-align: left; padding: 8px; border-bottom: 1px solid grey; border-right: 1px solid grey;'>i-a</td><td style='text-align: left; padding: 8px; border-bottom: 1px solid grey; border-right: 1px solid grey;'>SN3595</td><td style='text-align: left; padding: 8px; border-bottom: 1px solid grey; border-right: 1px solid grey;'>3INV-3595</td><td style='text-align: left; padding: 8px; border-bottom: 1px solid grey; border-right: 1px solid grey;'>Dec-21</td><td style='text-align: left; padding: 8px; border-bottom: 1px solid grey; border-right: 1px solid grey;'>SN3595</td><td style='text-align: left; padding: 8px; border-bottom: 1px solid grey; border-right: 1px solid grey;'>-38.09408</td><td style='text-align: left; padding: 8px; border-bottom: 1px solid grey; border-right: 1px solid grey;'>144.10387</td><td style='text-align: left; padding: 8px; border-bottom: 1px solid grey; border-right: 1px solid grey;'>SN3595 Dec-21</td></tr><tr><td style='text-align: left; padding: 8px; border-bottom: 1px solid grey; border-right: 1px solid grey;'>SN3604_HESSE</td><td style='text-align: left; padding: 8px; border-bottom: 1px solid grey; border-right: 1px solid grey;'></td><td style='text-align: left; padding: 8px; border-bottom: 1px solid grey; border-right: 1px solid grey;'>i-a</td><td style='text-align: left; padding: 8px; border-bottom: 1px solid grey; border-right: 1px solid grey;'>SN3604</td><td style='text-align: left; padding: 8px; border-bottom: 1px solid grey; border-right: 1px solid grey;'>3HES-3604</td><td style='text-align: left; padding: 8px; border-bottom: 1px solid grey; border-right: 1px solid grey;'>May-21</td><td style='text-align: left; padding: 8px; border-bottom: 1px solid grey; border-right: 1px solid grey;'>SN3604</td><td style='text-align: left; padding: 8px; border-bottom: 1px solid grey; border-right: 1px solid grey;'>-38.08211</td><td style='text-align: left; padding: 8px; border-bottom: 1px solid grey; border-right: 1px solid grey;'>143.86957</td><td style='text-align: left; padding: 8px; border-bottom: 1px solid grey; border-right: 1px solid grey;'>SN3604 May-21</td></tr><tr><td style='text-align: left; padding: 8px; border-bottom: 1px solid grey; border-right: 1px solid grey;'>SN3615_LISMORE</td><td style='text-align: left; padding: 8px; border-bottom: 1px solid grey; border-right: 1px solid grey;'></td><td style='text-align: left; padding: 8px; border-bottom: 1px solid grey; border-right: 1px solid grey;'>i-a</td><td style='text-align: left; padding: 8px; border-bottom: 1px solid grey; border-right: 1px solid grey;'>SN3615</td><td style='text-align: left; padding: 8px; border-bottom: 1px solid grey; border-right: 1px solid grey;'>3LIS-3615</td><td style='text-align: left; padding: 8px; border-bottom: 1px solid grey; border-right: 1px solid grey;'>Apr-21</td><td style='text-align: left; padding: 8px; border-bottom: 1px solid grey; border-right: 1px solid grey;'>SN3615</td><td style='text-align: left; padding: 8px; border-bottom: 1px solid grey; border-right: 1px solid grey;'>-37.95233</td><td style='text-align: left; padding: 8px; border-bottom: 1px solid grey; border-right: 1px solid grey;'>143.34807</td><td style='text-align: left; padding: 8px; border-bottom: 1px solid grey; border-right: 1px solid grey;'>SN3615 Apr-21</td></tr><tr><td style='text-align: left; padding: 8px; border-bottom: 1px solid grey; border-right: 1px solid grey;'>SN3734_BLACKWOOD</td><td style='text-align: left; padding: 8px; border-bottom: 1px solid grey; border-right: 1px solid grey;'>Blackwood VIC 3458</td><td style='text-align: left; padding: 8px; border-bottom: 1px solid grey; border-right: 1px solid grey;'>i-a</td><td style='text-align: left; padding: 8px; border-bottom: 1px solid grey; border-right: 1px solid grey;'>SN3734</td><td style='text-align: left; padding: 8px; border-bottom: 1px solid grey; border-right: 1px solid grey;'>3BLA-3734</td><td style='text-align: left; padding: 8px; border-bottom: 1px solid grey; border-right: 1px solid grey;'>Jan-22</td><td style='text-align: left; padding: 8px; border-bottom: 1px solid grey; border-right: 1px solid grey;'>SN3734</td><td style='text-align: left; padding: 8px; border-bottom: 1px solid grey; border-right: 1px solid grey;'>-37.46906</td><td style='text-align: left; padding: 8px; border-bottom: 1px solid grey; border-right: 1px solid grey;'>144.30513</td><td style='text-align: left; padding: 8px; border-bottom: 1px solid grey; border-right: 1px solid grey;'>SN3734 Jan-22</td></tr><tr><td style='text-align: left; padding: 8px; border-bottom: 1px solid grey; border-right: 1px solid grey;'>SN3881_LORNE </td><td style='text-align: left; padding: 8px; border-bottom: 1px solid grey; border-right: 1px solid grey;'>Lorne VIC 3232</td><td style='text-align: left; padding: 8px; border-bottom: 1px solid grey; border-right: 1px solid grey;'>i-a</td><td style='text-align: left; padding: 8px; border-bottom: 1px solid grey; border-right: 1px solid grey;'>SN3881</td><td style='text-align: left; padding: 8px; border-bottom: 1px solid grey; border-right: 1px solid grey;'>3LOR-3881</td><td style='text-align: left; padding: 8px; border-bottom: 1px solid grey; border-right: 1px solid grey;'>Jan-22</td><td style='text-align: left; padding: 8px; border-bottom: 1px solid grey; border-right: 1px solid grey;'>SN3881</td><td style='text-align: left; padding: 8px; border-bottom: 1px solid grey; border-right: 1px solid grey;'>-38.55453</td><td style='text-align: left; padding: 8px; border-bottom: 1px solid grey; border-right: 1px solid grey;'>143.97604</td><td style='text-align: left; padding: 8px; border-bottom: 1px solid grey; border-right: 1px solid grey;'>SN3881 Jan-22</td></tr><tr><td style='text-align: left; padding: 8px; border-bottom: 1px solid grey; border-right: 1px solid grey;'>SN8474_INVERLEIGH_LEE_RIVER</td><td style='text-align: left; padding: 8px; border-bottom: 1px solid grey; border-right: 1px solid grey;'>Inverleigh VIC 3321</td><td style='text-align: left; padding: 8px; border-bottom: 1px solid grey; border-right: 1px solid grey;'>i-a</td><td style='text-align: left; padding: 8px; border-bottom: 1px solid grey; border-right: 1px solid grey;'>SN8474</td><td style='text-align: left; padding: 8px; border-bottom: 1px solid grey; border-right: 1px solid grey;'>3INV-8474</td><td style='text-align: left; padding: 8px; border-bottom: 1px solid grey; border-right: 1px solid grey;'>Jan-22</td><td style='text-align: left; padding: 8px; border-bottom: 1px solid grey; border-right: 1px solid grey;'>SN8474</td><td style='text-align: left; padding: 8px; border-bottom: 1px solid grey; border-right: 1px solid grey;'>-38.09985</td><td style='text-align: left; padding: 8px; border-bottom: 1px solid grey; border-right: 1px solid grey;'>144.06287</td><td style='text-align: left; padding: 8px; border-bottom: 1px solid grey; border-right: 1px solid grey;'>SN8474 Jan-22</td></tr><tr><td style='text-align: left; padding: 8px; border-bottom: 1px solid grey; border-right: 1px solid grey;'>SN2625_N_GRAMPIANS</td><td style='text-align: left; padding: 8px; border-bottom: 1px solid grey; border-right: 1px solid grey;'>Northern Grampians VIC 3477</td><td style='text-align: left; padding: 8px; border-bottom: 1px solid grey; border-right: 1px solid grey;'>i-b</td><td style='text-align: left; padding: 8px; border-bottom: 1px solid grey; border-right: 1px solid grey;'>SN2625</td><td style='text-align: left; padding: 8px; border-bottom: 1px solid grey; border-right: 1px solid grey;'>3GRA-2625</td><td style='text-align: left; padding: 8px; border-bottom: 1px solid grey; border-right: 1px solid grey;'>Feb-22</td><td style='text-align: left; padding: 8px; border-bottom: 1px solid grey; border-right: 1px solid grey;'>SN2625</td><td style='text-align: left; padding: 8px; border-bottom: 1px solid grey; border-right: 1px solid grey;'>-36.64056</td><td style='text-align: left; padding: 8px; border-bottom: 1px solid grey; border-right: 1px solid grey;'>142.97784</td><td style='text-align: left; padding: 8px; border-bottom: 1px solid grey; border-right: 1px solid grey;'>SN2625 Feb-22</td></tr><tr><td style='text-align: left; padding: 8px; border-bottom: 1px solid grey; border-right: 1px solid grey;'>SN3594_MURGHEBOLUC</td><td style='text-align: left; padding: 8px; border-bottom: 1px solid grey; border-right: 1px solid grey;'>Murgheboluc VIC 3218</td><td style='text-align: left; padding: 8px; border-bottom: 1px solid grey; border-right: 1px solid grey;'>i-b</td><td style='text-align: left; padding: 8px; border-bottom: 1px solid grey; border-right: 1px solid grey;'>SN3594</td><td style='text-align: left; padding: 8px; border-bottom: 1px solid grey; border-right: 1px solid grey;'>3MUR-3594</td><td style='text-align: left; padding: 8px; border-bottom: 1px solid grey; border-right: 1px solid grey;'>Nov-21</td><td style='text-align: left; padding: 8px; border-bottom: 1px solid grey; border-right: 1px solid grey;'>SN3594</td><td style='text-align: left; padding: 8px; border-bottom: 1px solid grey; border-right: 1px solid grey;'>-38.11399</td><td style='text-align: left; padding: 8px; border-bottom: 1px solid grey; border-right: 1px solid grey;'>144.16379</td><td style='text-align: left; padding: 8px; border-bottom: 1px solid grey; border-right: 1px solid grey;'>SN3594 Nov-21</td></tr><tr><td style='text-align: left; padding: 8px; border-bottom: 1px solid grey; border-right: 1px solid grey;'>SN3611_BERRYBANK</td><td style='text-align: left; padding: 8px; border-bottom: 1px solid grey; border-right: 1px solid grey;'></td><td style='text-align: left; padding: 8px; border-bottom: 1px solid grey; border-right: 1px solid grey;'>i-b</td><td style='text-align: left; padding: 8px; border-bottom: 1px solid grey; border-right: 1px solid grey;'>SN3611</td><td style='text-align: left; padding: 8px; border-bottom: 1px solid grey; border-right: 1px solid grey;'>3BER-3611</td><td style='text-align: left; padding: 8px; border-bottom: 1px solid grey; border-right: 1px solid grey;'>May-21</td><td style='text-align: left; padding: 8px; border-bottom: 1px solid grey; border-right: 1px solid grey;'>SN3611</td><td style='text-align: left; padding: 8px; border-bottom: 1px solid grey; border-right: 1px solid grey;'>-37.97063</td><td style='text-align: left; padding: 8px; border-bottom: 1px solid grey; border-right: 1px solid grey;'>143.46767</td><td style='text-align: left; padding: 8px; border-bottom: 1px solid grey; border-right: 1px solid grey;'>SN3611 May-21</td></tr><tr><td style='text-align: left; padding: 8px; border-bottom: 1px solid grey; border-right: 1px solid grey;'>SN3869_WARTOOK</td><td style='text-align: left; padding: 8px; border-bottom: 1px solid grey; border-right: 1px solid grey;'>Wartook VIC 3401</td><td style='text-align: left; padding: 8px; border-bottom: 1px solid grey; border-right: 1px solid grey;'>i-b</td><td style='text-align: left; padding: 8px; border-bottom: 1px solid grey; border-right: 1px solid grey;'>SN3869</td><td style='text-align: left; padding: 8px; border-bottom: 1px solid grey; border-right: 1px solid grey;'>3WAR-3869</td><td style='text-align: left; padding: 8px; border-bottom: 1px solid grey; border-right: 1px solid grey;'>Mar-22</td><td style='text-align: left; padding: 8px; border-bottom: 1px solid grey; border-right: 1px solid grey;'>SN3869</td><td style='text-align: left; padding: 8px; border-bottom: 1px solid grey; border-right: 1px solid grey;'>-37.03402</td><td style='text-align: left; padding: 8px; border-bottom: 1px solid grey; border-right: 1px solid grey;'>142.34026</td><td style='text-align: left; padding: 8px; border-bottom: 1px solid grey; border-right: 1px solid grey;'>SN3869 Mar-22</td></tr><tr><td style='text-align: left; padding: 8px; border-bottom: 1px solid grey; border-right: 1px solid grey;'>SN3955_DEANS_MARSH</td><td style='text-align: left; padding: 8px; border-bottom: 1px solid grey; border-right: 1px solid grey;'>Deans Marsh VIC 3235</td><td style='text-align: left; padding: 8px; border-bottom: 1px solid grey; border-right: 1px solid grey;'>i-b</td><td style='text-align: left; padding: 8px; border-bottom: 1px solid grey; border-right: 1px solid grey;'>SN3955</td><td style='text-align: left; padding: 8px; border-bottom: 1px solid grey; border-right: 1px solid grey;'>3DEA-3955</td><td style='text-align: left; padding: 8px; border-bottom: 1px solid grey; border-right: 1px solid grey;'>Nov-21</td><td style='text-align: left; padding: 8px; border-bottom: 1px solid grey; border-right: 1px solid grey;'>SN3955</td><td style='text-align: left; padding: 8px; border-bottom: 1px solid grey; border-right: 1px solid grey;'>-38.39682</td><td style='text-align: left; padding: 8px; border-bottom: 1px solid grey; border-right: 1px solid grey;'>143.85672</td><td style='text-align: left; padding: 8px; border-bottom: 1px solid grey; border-right: 1px solid grey;'>SN3955 Nov-21</td></tr><tr><td style='text-align: left; padding: 8px; border-bottom: 1px solid grey; border-right: 1px solid grey;'>SN3963_FORREST</td><td style='text-align: left; padding: 8px; border-bottom: 1px solid grey; border-right: 1px solid grey;'>Forrest VIC 3236</td><td style='text-align: left; padding: 8px; border-bottom: 1px solid grey; border-right: 1px solid grey;'>i-b</td><td style='text-align: left; padding: 8px; border-bottom: 1px solid grey; border-right: 1px solid grey;'>SN3963</td><td style='text-align: left; padding: 8px; border-bottom: 1px solid grey; border-right: 1px solid grey;'>3FOR-3963</td><td style='text-align: left; padding: 8px; border-bottom: 1px solid grey; border-right: 1px solid grey;'>Feb-22</td><td style='text-align: left; padding: 8px; border-bottom: 1px solid grey; border-right: 1px solid grey;'>SN3963</td><td style='text-align: left; padding: 8px; border-bottom: 1px solid grey; border-right: 1px solid grey;'>-38.50906</td><td style='text-align: left; padding: 8px; border-bottom: 1px solid grey; border-right: 1px solid grey;'>143.71857</td><td style='text-align: left; padding: 8px; border-bottom: 1px solid grey; border-right: 1px solid grey;'>SN3963 Feb-22</td></tr><tr><td style='text-align: left; padding: 8px; border-bottom: 1px solid grey; border-right: 1px solid grey;'>SN4016_COBDEN</td><td style='text-align: left; padding: 8px; border-bottom: 1px solid grey; border-right: 1px solid grey;'>Cobden VIC 3266</td><td style='text-align: left; padding: 8px; border-bottom: 1px solid grey; border-right: 1px solid grey;'>i-b</td><td style='text-align: left; padding: 8px; border-bottom: 1px solid grey; border-right: 1px solid grey;'>SN4016</td><td style='text-align: left; padding: 8px; border-bottom: 1px solid grey; border-right: 1px solid grey;'>2COB-4016</td><td style='text-align: left; padding: 8px; border-bottom: 1px solid grey; border-right: 1px solid grey;'>Nov-21</td><td style='text-align: left; padding: 8px; border-bottom: 1px solid grey; border-right: 1px solid grey;'>SN4016</td><td style='text-align: left; padding: 8px; border-bottom: 1px solid grey; border-right: 1px solid grey;'>-38.36927</td><td style='text-align: left; padding: 8px; border-bottom: 1px solid grey; border-right: 1px solid grey;'>143.11572</td><td style='text-align: left; padding: 8px; border-bottom: 1px solid grey; border-right: 1px solid grey;'>SN4016 Nov-21</td></tr><tr><td style='text-align: left; padding: 8px; border-bottom: 1px solid grey; border-right: 1px solid grey;'>SN4378_AVON_WEST</td><td style='text-align: left; padding: 8px; border-bottom: 1px solid grey; border-right: 1px solid grey;'>Avon West VIC 3480</td><td style='text-align: left; padding: 8px; border-bottom: 1px solid grey; border-right: 1px solid grey;'>i-b</td><td style='text-align: left; padding: 8px; border-bottom: 1px solid grey; border-right: 1px solid grey;'>SN4378</td><td style='text-align: left; padding: 8px; border-bottom: 1px solid grey; border-right: 1px solid grey;'>3AVO-4378</td><td style='text-align: left; padding: 8px; border-bottom: 1px solid grey; border-right: 1px solid grey;'>Mar-22</td><td style='text-align: left; padding: 8px; border-bottom: 1px solid grey; border-right: 1px solid grey;'>SN4378</td><td style='text-align: left; padding: 8px; border-bottom: 1px solid grey; border-right: 1px solid grey;'>-36.50427</td><td style='text-align: left; padding: 8px; border-bottom: 1px solid grey; border-right: 1px solid grey;'>142.88155</td><td style='text-align: left; padding: 8px; border-bottom: 1px solid grey; border-right: 1px solid grey;'>SN4378 Mar-22</td></tr><tr><td style='text-align: left; padding: 8px; border-bottom: 1px solid grey; border-right: 1px solid grey;'>SN4551_WEDDERBURN</td><td style='text-align: left; padding: 8px; border-bottom: 1px solid grey; border-right: 1px solid grey;'>Wedderburn VIC 3518</td><td style='text-align: left; padding: 8px; border-bottom: 1px solid grey; border-right: 1px solid grey;'>i-b</td><td style='text-align: left; padding: 8px; border-bottom: 1px solid grey; border-right: 1px solid grey;'>SN4551</td><td style='text-align: left; padding: 8px; border-bottom: 1px solid grey; border-right: 1px solid grey;'>3WED-4551</td><td style='text-align: left; padding: 8px; border-bottom: 1px solid grey; border-right: 1px solid grey;'>Feb-22</td><td style='text-align: left; padding: 8px; border-bottom: 1px solid grey; border-right: 1px solid grey;'>SN4551</td><td style='text-align: left; padding: 8px; border-bottom: 1px solid grey; border-right: 1px solid grey;'>-36.43707</td><td style='text-align: left; padding: 8px; border-bottom: 1px solid grey; border-right: 1px solid grey;'>143.61076</td><td style='text-align: left; padding: 8px; border-bottom: 1px solid grey; border-right: 1px solid grey;'>SN4551 Feb-22</td></tr><tr><td style='text-align: left; padding: 8px; border-bottom: 1px solid grey; border-right: 1px solid grey;'>SN5861_NERRENA</td><td style='text-align: left; padding: 8px; border-bottom: 1px solid grey; border-right: 1px solid grey;'>Nerrena VIC 3953</td><td style='text-align: left; padding: 8px; border-bottom: 1px solid grey; border-right: 1px solid grey;'>i-b</td><td style='text-align: left; padding: 8px; border-bottom: 1px solid grey; border-right: 1px solid grey;'>SN5861</td><td style='text-align: left; padding: 8px; border-bottom: 1px solid grey; border-right: 1px solid grey;'>3NER-5861</td><td style='text-align: left; padding: 8px; border-bottom: 1px solid grey; border-right: 1px solid grey;'>Mar-22</td><td style='text-align: left; padding: 8px; border-bottom: 1px solid grey; border-right: 1px solid grey;'>SN5861</td><td style='text-align: left; padding: 8px; border-bottom: 1px solid grey; border-right: 1px solid grey;'>-38.48325</td><td style='text-align: left; padding: 8px; border-bottom: 1px solid grey; border-right: 1px solid grey;'>145.98984</td><td style='text-align: left; padding: 8px; border-bottom: 1px solid grey; border-right: 1px solid grey;'>SN5861 Mar-22</td></tr><tr><td style='text-align: left; padding: 8px; border-bottom: 1px solid grey; border-right: 1px solid grey;'>SN7446_WOODSIDE</td><td style='text-align: left; padding: 8px; border-bottom: 1px solid grey; border-right: 1px solid grey;'>Woodside VIC 3874</td><td style='text-align: left; padding: 8px; border-bottom: 1px solid grey; border-right: 1px solid grey;'>i-b</td><td style='text-align: left; padding: 8px; border-bottom: 1px solid grey; border-right: 1px solid grey;'>SN7446</td><td style='text-align: left; padding: 8px; border-bottom: 1px solid grey; border-right: 1px solid grey;'>3WOO-7446</td><td style='text-align: left; padding: 8px; border-bottom: 1px solid grey; border-right: 1px solid grey;'>Mar-22</td><td style='text-align: left; padding: 8px; border-bottom: 1px solid grey; border-right: 1px solid grey;'>SN7446</td><td style='text-align: left; padding: 8px; border-bottom: 1px solid grey; border-right: 1px solid grey;'>-38.55668</td><td style='text-align: left; padding: 8px; border-bottom: 1px solid grey; border-right: 1px solid grey;'>146.88173</td><td style='text-align: left; padding: 8px; border-bottom: 1px solid grey; border-right: 1px solid grey;'>SN7446 Mar-22</td></tr><tr><td style='text-align: left; padding: 8px; border-bottom: 1px solid grey; border-right: 1px solid grey;'>SN7660_WULGULMERANG_E</td><td style='text-align: left; padding: 8px; border-bottom: 1px solid grey; border-right: 1px solid grey;'>Wulgulmerang East 3885</td><td style='text-align: left; padding: 8px; border-bottom: 1px solid grey; border-right: 1px solid grey;'>i-b</td><td style='text-align: left; padding: 8px; border-bottom: 1px solid grey; border-right: 1px solid grey;'>SN7660</td><td style='text-align: left; padding: 8px; border-bottom: 1px solid grey; border-right: 1px solid grey;'>3WUL-7660</td><td style='text-align: left; padding: 8px; border-bottom: 1px solid grey; border-right: 1px solid grey;'>Mar-22</td><td style='text-align: left; padding: 8px; border-bottom: 1px solid grey; border-right: 1px solid grey;'>SN7660</td><td style='text-align: left; padding: 8px; border-bottom: 1px solid grey; border-right: 1px solid grey;'>-37.06659</td><td style='text-align: left; padding: 8px; border-bottom: 1px solid grey; border-right: 1px solid grey;'>148.2612</td><td style='text-align: left; padding: 8px; border-bottom: 1px solid grey; border-right: 1px solid grey;'>SN7660 Mar-22</td></tr><tr><td style='text-align: left; padding: 8px; border-bottom: 1px solid grey; border-right: 1px solid grey;'>SN1058_BEVERIDGE</td><td style='text-align: left; padding: 8px; border-bottom: 1px solid grey; border-right: 1px solid grey;'></td><td style='text-align: left; padding: 8px; border-bottom: 1px solid grey; border-right: 1px solid grey;'>ii</td><td style='text-align: left; padding: 8px; border-bottom: 1px solid grey; border-right: 1px solid grey;'>SN1058</td><td style='text-align: left; padding: 8px; border-bottom: 1px solid grey; border-right: 1px solid grey;'>3BEV-1058</td><td style='text-align: left; padding: 8px; border-bottom: 1px solid grey; border-right: 1px solid grey;'>Aug-21</td><td style='text-align: left; padding: 8px; border-bottom: 1px solid grey; border-right: 1px solid grey;'>SN1058</td><td style='text-align: left; padding: 8px; border-bottom: 1px solid grey; border-right: 1px solid grey;'>-37.47346</td><td style='text-align: left; padding: 8px; border-bottom: 1px solid grey; border-right: 1px solid grey;'>144.97345</td><td style='text-align: left; padding: 8px; border-bottom: 1px solid grey; border-right: 1px solid grey;'>SN1058 Aug-21</td></tr><tr><td style='text-align: left; padding: 8px; border-bottom: 1px solid grey; border-right: 1px solid grey;'>SN9357_TANGAMBALANGA</td><td style='text-align: left; padding: 8px; border-bottom: 1px solid grey; border-right: 1px solid grey;'>Tangambalanga VIC 3691</td><td style='text-align: left; padding: 8px; border-bottom: 1px solid grey; border-right: 1px solid grey;'></td><td style='text-align: left; padding: 8px; border-bottom: 1px solid grey; border-right: 1px solid grey;'>SN9357</td><td style='text-align: left; padding: 8px; border-bottom: 1px solid grey; border-right: 1px solid grey;'></td><td style='text-align: left; padding: 8px; border-bottom: 1px solid grey; border-right: 1px solid grey;'></td><td style='text-align: left; padding: 8px; border-bottom: 1px solid grey; border-right: 1px solid grey;'></td><td style='text-align: left; padding: 8px; border-bottom: 1px solid grey; border-right: 1px solid grey;'></td><td style='text-align: left; padding: 8px; border-bottom: 1px solid grey; border-right: 1px solid grey;'></td><td style='text-align: left; padding: 8px; border-bottom: 1px solid grey; border-right: 1px solid grey;'></td></tr><tr><td style='text-align: left; padding: 8px; border-bottom: 1px solid grey; border-right: 1px solid grey;'></td></tr></table>", "path": "tables"}, "access": [], "metadata": {"timezone": "Australia/Melbourne", "offset": 600, "origin": "http://192.168.1.5:8000", "referrer": "http://192.168.1.5:8000/designer/tool/reference/tables", "browserName": "Netscape", "userAgent": "Mozilla/5.0 (Macintosh; Intel Mac OS X 10_15_7) AppleWebKit/537.36 (KHTML, like Gecko) Chrome/102.0.0.0 Safari/537.36", "pathName": "/designer/edit/reference/tables/**%20New%20**", "onLine": true}, "form": "62f5ccac54d20a7128e4c01f", "externalIds": [], "created": "2022-08-12T03:44:44.256Z", "modified": "2022-08-12T06:08:55.569Z"}