{"_id": "62f5cc8854d20a5bd0e4bfc6", "owner": "627ddf364022c591c1b05f1b", "roles": [], "data": {"id": "Comparison", "description": "As-Design to As-Build Comparision Report", "templateFile": "dis-comparison", "sourceSubmissions": [{"form": "dis-as-design", "app_form": "dis-as-design"}, {"form": "6469732d61732d6275696c74", "app_form": "dis-as-built"}], "path": "reports"}, "access": [], "metadata": {"browserName": "Netscape", "offset": 600, "onLine": true, "origin": "http://192.168.1.3:8000", "pathName": "/app/edit/reference/reports/**%20New%20**", "referrer": "http://192.168.1.3:8000/app/tool/reference/reports", "selectData": {"sourceSubmissions": [{"form": {"data": {"description": "DIS As-Design replacement for Excel", "id": "dis-as-design"}}, "app_form": {"data": {"id": "dis-as-design", "description": "DIS As-Design replacement for Excel"}}}, {"form": {"data": {"description": "DIS As-Built replacement for Excel", "id": "dis-as-built"}}, "app_form": {"data": {"id": "dis-as-built", "description": "DIS As-Built replacement for Excel"}}}, {"form": {"data": {"description": "Bridge control panel", "id": "bridge-overview"}}}]}, "timezone": "Australia/Melbourne", "userAgent": "Mozilla/5.0 (Macintosh; Intel Mac OS X 10_15_7) AppleWebKit/537.36 (KHTML, like Gecko) Chrome/102.0.0.0 Safari/537.36"}, "form": "62f5cc8854d20ac8d0e4bfc4", "externalIds": [], "created": "2022-08-12T03:44:08.306Z", "modified": "2022-08-12T06:08:16.933Z"}