{"_id": "62f5ccaf54d20a26a7e4c042", "owner": "627ddf364022c591c1b05f1b", "roles": [], "data": {"id": "sidenav", "_version": "", "description": "Bootstrap Side Navigation Menu", "_form_version": "", "menuSection": [{"menuSectionItems": [{"menuItemForm": "", "menuItemLabel": "Assets", "menuItemTool": "", "menuItemType": "view", "menuItemUrl": "", "menuItemView": "Assets"}, {"menuItemForm": "menus", "menuItemLabel": "OPS Control Panel", "menuItemTool": "", "menuItemType": "view", "menuItemUrl": "", "menuItemView": "OPS Control Panel"}, {"menuItemForm": "", "menuItemLabel": "Google", "menuItemTool": "", "menuItemType": "url", "menuItemUrl": "http://google.com", "menuItemView": ""}], "sectionDescription": "Test the options", "sectionName": "Application"}, {"menuSectionItems": [{"menuItemForm": "fiberlibrary", "menuItemLabel": "Fibres", "menuItemTool": "", "menuItemType": "resource", "menuItemUrl": "", "menuItemView": ""}, {"menuItemForm": "sensor-types", "menuItemLabel": "Sensor Types", "menuItemTool": "", "menuItemType": "resource", "menuItemUrl": "", "menuItemView": ""}, {"menuItemForm": "sensor-layout", "menuItemLabel": "Sensor Layouts", "menuItemTool": "", "menuItemType": "resource", "menuItemUrl": "", "menuItemView": ""}], "sectionDescription": "", "sectionName": "Application Resources"}, {"menuSectionItems": [{"menuItemForm": "", "menuItemLabel": "Views", "menuItemTool": "view", "menuItemType": "tool", "menuItemUrl": "", "menuItemView": ""}, {"menuItemForm": "", "menuItemLabel": "Submissions", "menuItemTool": "tools", "menuItemType": "tool", "menuItemUrl": "", "menuItemView": ""}], "sectionDescription": "", "sectionName": "Submissions"}, {"menuSectionItems": [{"menuItemForm": "company", "menuItemLabel": "Company", "menuItemTool": "", "menuItemType": "resource", "menuItemUrl": "", "menuItemView": ""}, {"menuItemForm": "user", "menuItemLabel": "Users", "menuItemTool": "", "menuItemType": "resource", "menuItemUrl": "", "menuItemView": ""}, {"menuItemForm": "access-roles", "menuItemLabel": "Roles", "menuItemTool": "", "menuItemType": "resource", "menuItemUrl": "", "menuItemView": ""}, {"menuItemForm": "menus", "menuItemLabel": "Menus", "menuItemTool": "", "menuItemType": "resource", "menuItemUrl": "", "menuItemView": ""}], "sectionDescription": "", "sectionName": "Tenancy"}, {"menuSectionItems": [{"menuItemForm": "country", "menuItemLabel": "Country", "menuItemTool": "", "menuItemType": "resource", "menuItemUrl": "", "menuItemView": ""}, {"menuItemForm": "tables", "menuItemLabel": "Tables", "menuItemTool": "", "menuItemType": "resource", "menuItemUrl": "", "menuItemView": ""}, {"menuItemForm": "templates", "menuItemLabel": "Documents", "menuItemTool": "", "menuItemType": "resource", "menuItemUrl": "", "menuItemView": ""}, {"menuItemLabel": "Reports", "menuItemType": "resource", "menuItemForm": "reports", "menuItemView": "", "menuItemUrl": "", "menuItemTool": ""}], "sectionDescription": "", "sectionName": "Documents"}, {"menuSectionItems": [{"menuItemForm": "formio-hosts", "menuItemLabel": "Hosts", "menuItemTool": "", "menuItemType": "resource", "menuItemUrl": "", "menuItemView": ""}, {"menuItemForm": "app-forms", "menuItemLabel": "Forms", "menuItemTool": "", "menuItemType": "resource", "menuItemUrl": "", "menuItemView": ""}, {"menuItemForm": "form-promote-entry", "menuItemLabel": "Promote", "menuItemTool": "entry-form", "menuItemType": "edit", "menuItemUrl": "", "menuItemView": ""}, {"menuItemForm": "form-promote", "menuItemLabel": "Promote Log", "menuItemTool": "", "menuItemType": "view", "menuItemUrl": "", "menuItemView": "promote_log"}], "sectionDescription": "", "sectionName": "Promotes"}], "path": "menus"}, "access": [], "metadata": {"browserName": "Netscape", "offset": 600, "onLine": true, "origin": "http://192.168.1.3:8000", "pathName": "/app/edit/reference/menus/**%20New%20**", "referrer": "http://192.168.1.3:8000/app/tool/reference/menus", "selectData": {"menuSection": [{"menuSectionItems": [{"menuItemType": {"label": "View"}, "menuItemView": {"data": {"id": "Assets", "description": "Eloque Assets List"}}}, {"menuItemForm": {"data": {"description": "System Menus", "id": "menus"}}, "menuItemType": {"label": "View"}, "menuItemView": {"data": {"id": "OPS Control Panel", "description": "OPS Control Panel -- Used for setting limits and alerts related to cabinet KPI values"}}}, {"menuItemType": {"label": "URL"}}]}, {"menuSectionItems": [{"menuItemForm": {"data": {"id": "fiberlibrary", "description": "Fiber Resource for inclusion in JSON"}}, "menuItemType": {"label": "Resource"}}, {"menuItemForm": {"data": {"id": "sensor-types", "description": "Sensor Types inventory"}}, "menuItemType": {"label": "Resource"}}, {"menuItemForm": {"data": {"id": "sensor-layout", "description": "Sensor Layout for valid locations"}}, "menuItemType": {"label": "Resource"}}]}, {"menuSectionItems": [{"menuItemType": {"label": "Tool"}, "menuItemView": {"data": {"description": "View of Form Submissions -- Different views of the save forms's submissions can havce different fields and links options", "id": "view_browse"}}}, {"menuItemType": {"label": "Tool"}}]}, {"menuSectionItems": [{"menuItemForm": {"data": {"id": "company", "description": "Tenent Company for Users and Access"}}, "menuItemType": {"label": "Resource"}}, {"menuItemForm": {"data": {"id": "user", "description": "App User Maintenenance"}}, "menuItemType": {"label": "Resource"}}, {"menuItemForm": {"data": {"id": "access-roles", "description": "Company and Application access roles"}}, "menuItemType": {"label": "Resource"}}, {"menuItemForm": {"data": {"id": "menus", "description": "System Menus"}}, "menuItemType": {"label": "Resource"}}]}, {"menuSectionItems": [{"menuItemForm": {"data": {"id": "country", "description": "Country Codes with State/Provinces"}}, "menuItemType": {"label": "Resource"}}, {"menuItemForm": {"data": {"id": "tables", "description": "CSV Tables for Various Uses"}}, "menuItemType": {"label": "Resource"}}, {"menuItemForm": {"data": {"id": "templates", "description": "OPS Portal Jinja Templates"}}, "menuItemType": {"label": "Resource"}}, {"menuItemType": {"label": "Resource"}, "menuItemForm": {"data": {"id": "reports", "description": "Report Description with Change"}}}]}, {"menuSectionItems": [{"menuItemForm": {"data": {"id": "formio-hosts", "description": "List of Host Systems"}}, "menuItemType": {"label": "Resource"}}, {"menuItemForm": {"data": {"id": "app-forms", "description": "Application Forms -- Test"}}, "menuItemType": {"label": "Resource"}}, {"menuItemForm": {"data": {"id": "form-promote-entry", "description": "Form & Submission Promote Entry"}}, "menuItemType": {"label": "Edit"}}, {"menuItemForm": {"data": {"description": "Form & Submission Promote Log", "id": "form-promote"}}, "menuItemType": {"label": "View"}, "menuItemView": {"data": {"id": "promote_log", "description": "Promote Log Browse"}}}]}]}, "timezone": "Australia/Melbourne", "userAgent": "Mozilla/5.0 (Macintosh; Intel Mac OS X 10_15_7) AppleWebKit/537.36 (KHTML, like Gecko) Chrome/102.0.0.0 Safari/537.36"}, "form": "62f5ccae54d20af04fe4c040", "externalIds": [], "created": "2022-08-12T03:44:47.512Z", "modified": "2022-08-12T06:08:59.366Z"}