{"_id": "62f5ccb354d20aeaa1e4c04a", "owner": "627ddf364022c591c1b05f1b", "roles": [], "data": {"eloque_id": "AU-3DEA-BR3955", "bridge_name": "Deans Marsh", "asset_id": "3DEA_3955", "sharepoint_name": "", "structure_id": "SN3955", "classification": ["I-B"], "_version": 2, "_form_version": "0", "save-excel": false, "update-as-built": false, "update-metadata": true, "update-json": false, "jinja_template": "v2.1", "display-page": "fibers", "feature_crossed": "PENNY ROYAL CREEK", "road_name": "DEANS MARSH RD", "coordinates_latitude": "-38.3968", "coordinates_longitude": "143.857", "deck_width": "0", "skew_angle": "0", "down": "G16", "up": "G01", "left": "A01", "right": "A02", "left2right": "To Deans Marsh", "right2left": "To Birregurra", "lanes": [{"laneType": "shoulder", "lane_direction": "", "lane_id": {}, "lane_width": 0.76, "transverse_coordinates": 0, "transverse_id": "W01"}, {"laneType": "traffic", "lane_direction": "left2right", "lane_id": {"label": "L01", "value": "L01"}, "lane_width": 3.5, "transverse_coordinates": 0.76, "transverse_id": "W02"}, {"laneType": "traffic", "lane_direction": "right2left", "lane_id": {"label": "L02", "value": "L02"}, "lane_width": 3.6, "transverse_coordinates": 4.26, "transverse_id": "W03"}, {"laneType": "shoulder", "lane_direction": "", "lane_id": {}, "lane_width": 0.76, "transverse_coordinates": 7.859999999999999, "transverse_id": "W04"}], "structure": [{"componentId": "S01G01", "componentType": {"label": "S01-Girder", "value": "S01-Girder"}, "superstructureLane": {"label": "W01", "value": "W01"}}, {"componentId": "S01G02", "componentType": {"label": "S01-Girder", "value": "S01-Girder"}, "superstructureLane": {"label": "W02", "value": "W02"}}, {"componentId": "S01G03", "componentType": {"label": "S01-Girder", "value": "S01-Girder"}, "superstructureLane": {"label": "W02", "value": "W02"}}, {"componentId": "S01G04", "componentType": {"label": "S01-Girder", "value": "S01-Girder"}, "superstructureLane": {"label": "W02", "value": "W02"}}, {"componentId": "S01G05", "componentType": {"label": "S01-Girder", "value": "S01-Girder"}, "superstructureLane": {"label": "W02", "value": "W02"}}, {"componentId": "S01G06", "componentType": {"label": "S01-Girder", "value": "S01-Girder"}, "superstructureLane": {"label": "W02", "value": "W02"}}, {"componentId": "S01G07", "componentType": {"label": "S01-Girder", "value": "S01-Girder"}, "superstructureLane": {"label": "W02", "value": "W02"}}, {"componentId": "S01G08", "componentType": {"label": "S01-Girder", "value": "S01-Girder"}, "superstructureLane": {"label": "W02", "value": "W02"}}, {"componentId": "S01G09", "componentType": {"label": "S01-Girder", "value": "S01-Girder"}, "superstructureLane": {"label": "W03", "value": "W03"}}, {"componentId": "S01G10", "componentType": {"label": "S01-Girder", "value": "S01-Girder"}, "superstructureLane": {"label": "W03", "value": "W03"}}, {"componentId": "S01G11", "componentType": {"label": "S01-Girder", "value": "S01-Girder"}, "superstructureLane": {"label": "W03", "value": "W03"}}, {"componentId": "S01G12", "componentType": {"label": "S01-Girder", "value": "S01-Girder"}, "superstructureLane": {"label": "W03", "value": "W03"}}, {"componentId": "S01G13", "componentType": {"label": "S01-Girder", "value": "S01-Girder"}, "superstructureLane": {"label": "W03", "value": "W03"}}, {"componentId": "S01G14", "componentType": {"label": "S01-Girder", "value": "S01-Girder"}, "superstructureLane": {"label": "W03", "value": "W03"}}, {"componentId": "S01G15", "componentType": {"label": "S01-Girder", "value": "S01-Girder"}, "superstructureLane": {"label": "W04", "value": "W04"}}, {"componentId": "S01G16", "componentType": {"label": "S01-Girder", "value": "S01-Girder"}, "superstructureLane": {"label": "W04", "value": "W04"}}, {"componentId": "S02G01", "componentType": {"label": "S02-Girder", "value": "S02-Girder"}, "superstructureLane": {"label": "W01", "value": "W01"}}, {"componentId": "S02G02", "componentType": {"label": "S02-Girder", "value": "S02-Girder"}, "superstructureLane": {"label": "W01", "value": "W01"}}, {"componentId": "S02G03", "componentType": {"label": "S02-Girder", "value": "S02-Girder"}, "superstructureLane": {"label": "W02", "value": "W02"}}, {"componentId": "S02G04", "componentType": {"label": "S02-Girder", "value": "S02-Girder"}, "superstructureLane": {"label": "W02", "value": "W02"}}, {"componentId": "S02G05", "componentType": {"label": "S02-Girder", "value": "S02-Girder"}, "superstructureLane": {"label": "W02", "value": "W02"}}, {"componentId": "S02G06", "componentType": {"label": "S02-Girder", "value": "S02-Girder"}, "superstructureLane": {"label": "W02", "value": "W02"}}, {"componentId": "S02G07", "componentType": {"label": "S02-Girder", "value": "S02-Girder"}, "superstructureLane": {"label": "W02", "value": "W02"}}, {"componentId": "S02G08", "componentType": {"label": "S02-Girder", "value": "S02-Girder"}, "superstructureLane": {"label": "W02", "value": "W02"}}, {"componentId": "S02G09", "componentType": {"label": "S02-Girder", "value": "S02-Girder"}, "superstructureLane": {"label": "W03", "value": "W03"}}, {"componentId": "S02G10", "componentType": {"label": "S02-Girder", "value": "S02-Girder"}, "superstructureLane": {"label": "W03", "value": "W03"}}, {"componentId": "S02G11", "componentType": {"label": "S02-Girder", "value": "S02-Girder"}, "superstructureLane": {"label": "W03", "value": "W03"}}, {"componentId": "S02G12", "componentType": {"label": "S02-Girder", "value": "S02-Girder"}, "superstructureLane": {"label": "W03", "value": "W03"}}, {"componentId": "S02G13", "componentType": {"label": "S02-Girder", "value": "S02-Girder"}, "superstructureLane": {"label": "W03", "value": "W03"}}, {"componentId": "S02G14", "componentType": {"label": "S02-Girder", "value": "S02-Girder"}, "superstructureLane": {"label": "W03", "value": "W03"}}, {"componentId": "S02G15", "componentType": {"label": "S02-Girder", "value": "S02-Girder"}, "superstructureLane": {"label": "W04", "value": "W04"}}, {"componentId": "S02G16", "componentType": {"label": "S02-Girder", "value": "S02-Girder"}, "superstructureLane": {"label": "W04", "value": "W04"}}, {"componentId": "S03G01", "componentType": {"label": "S03-Girder", "value": "S03-Girder"}, "superstructureLane": {"label": "W01", "value": "W01"}}, {"componentId": "S03G02", "componentType": {"label": "S03-Girder", "value": "S03-Girder"}, "superstructureLane": {"label": "W01", "value": "W01"}}, {"componentId": "S03G03", "componentType": {"label": "S03-Girder", "value": "S03-Girder"}, "superstructureLane": {"label": "W02", "value": "W02"}}, {"componentId": "S03G04", "componentType": {"label": "S03-Girder", "value": "S03-Girder"}, "superstructureLane": {"label": "W02", "value": "W02"}}, {"componentId": "S03G05", "componentType": {"label": "S03-Girder", "value": "S03-Girder"}, "superstructureLane": {"label": "W02", "value": "W02"}}, {"componentId": "S03G06", "componentType": {"label": "S03-Girder", "value": "S03-Girder"}, "superstructureLane": {"label": "W02", "value": "W02"}}, {"componentId": "S03G07", "componentType": {"label": "S03-Girder", "value": "S03-Girder"}, "superstructureLane": {"label": "W02", "value": "W02"}}, {"componentId": "S03G08", "componentType": {"label": "S03-Girder", "value": "S03-Girder"}, "superstructureLane": {"label": "W02", "value": "W02"}}, {"componentId": "S03G09", "componentType": {"label": "S03-Girder", "value": "S03-Girder"}, "superstructureLane": {"label": "W03", "value": "W03"}}, {"componentId": "S03G10", "componentType": {"label": "S03-Girder", "value": "S03-Girder"}, "superstructureLane": {"label": "W03", "value": "W03"}}, {"componentId": "S03G11", "componentType": {"label": "S03-Girder", "value": "S03-Girder"}, "superstructureLane": {"label": "W03", "value": "W03"}}, {"componentId": "S03G12", "componentType": {"label": "S03-Girder", "value": "S03-Girder"}, "superstructureLane": {"label": "W03", "value": "W03"}}, {"componentId": "S03G13", "componentType": {"label": "S03-Girder", "value": "S03-Girder"}, "superstructureLane": {"label": "W03", "value": "W03"}}, {"componentId": "S03G14", "componentType": {"label": "S03-Girder", "value": "S03-Girder"}, "superstructureLane": {"label": "W03", "value": "W03"}}, {"componentId": "S03G15", "componentType": {"label": "S03-Girder", "value": "S03-Girder"}, "superstructureLane": {"label": "W04", "value": "W04"}}, {"componentId": "S03G16", "componentType": {"label": "S03-Girder", "value": "S03-Girder"}, "superstructureLane": {"label": "W04", "value": "W04"}}, {"componentId": "P01CR01", "componentType": {"label": "PierCrosshead01", "value": "PierCrosshead01"}, "superstructureLane": {}}, {"componentId": "P01C01", "componentType": {"label": "PierColumn01", "value": "PierColumn01"}, "superstructureLane": {}}, {"componentId": "P01C02", "componentType": {"label": "PierColumn01", "value": "PierColumn01"}, "superstructureLane": {}}, {"componentId": "P01C03", "componentType": {"label": "PierColumn01", "value": "PierColumn01"}, "superstructureLane": {}}, {"componentId": "P02CR01", "componentType": {"label": "PierCrosshead01", "value": "PierCrosshead01"}, "superstructureLane": {}}, {"componentId": "P02C01", "componentType": {"label": "PierColumn01", "value": "PierColumn01"}, "superstructureLane": {}}, {"componentId": "P02C02", "componentType": {"label": "PierColumn01", "value": "PierColumn01"}, "superstructureLane": {}}, {"componentId": "P02C03", "componentType": {"label": "PierColumn01", "value": "PierColumn01"}, "superstructureLane": {}}, {"componentId": "A01", "componentType": {"label": "Abutment01", "value": "Abutment01"}, "superstructureLane": {}}, {"componentId": "A02", "componentType": {"label": "Abutment01", "value": "Abutment01"}, "superstructureLane": {}}], "componentTypes": [{"componentType": "S01-Girder", "effective_area": "", "effective_area_moment_of_inertia": "", "effective_shear_modulus": "", "effective_youngs_modulus": "", "flangeWidth1": "", "flangeWidth2": "", "height": 0.508, "length": 9.8, "structureSubType": "i-b", "structureType": "girder", "weight": "", "width": 0.61}, {"componentType": "S02-Girder", "effective_area": "", "effective_area_moment_of_inertia": "", "effective_shear_modulus": "", "effective_youngs_modulus": "", "flangeWidth1": "", "flangeWidth2": "", "height": 0.508, "length": 10, "structureSubType": "", "structureType": "girder", "weight": "", "width": 0.61}, {"componentType": "S03-Girder", "effective_area": "", "effective_area_moment_of_inertia": "", "effective_shear_modulus": "", "effective_youngs_modulus": "", "flangeWidth1": "", "flangeWidth2": "", "height": 0.508, "length": 9.8, "structureSubType": "", "structureType": "girder", "weight": "", "width": 0.61}, {"componentType": "Pier01", "effective_area": "", "effective_area_moment_of_inertia": "", "effective_shear_modulus": "", "effective_youngs_modulus": "", "flangeWidth1": "", "flangeWidth2": "", "height": "", "length": "", "structureSubType": "", "structureType": "pier", "weight": "", "width": ""}, {"componentType": "PierColumn01", "effective_area": "", "effective_area_moment_of_inertia": "", "effective_shear_modulus": "", "effective_youngs_modulus": "", "flangeWidth1": "", "flangeWidth2": "", "height": 3, "length": 0.508, "structureSubType": "", "structureType": "pierColumn", "weight": "", "width": 0.508}, {"componentType": "PierCrosshead01", "effective_area": "", "effective_area_moment_of_inertia": "", "effective_shear_modulus": "", "effective_youngs_modulus": "", "flangeWidth1": "", "flangeWidth2": "", "height": 0.72, "length": 11.44, "structureSubType": "", "structureType": "pierCrosshead", "weight": "", "width": 0.61}, {"componentType": "Abutment01", "effective_area": "", "effective_area_moment_of_inertia": "", "effective_shear_modulus": "", "effective_youngs_modulus": "", "flangeWidth1": "", "flangeWidth2": "", "height": "", "length": "", "structureSubType": "", "structureType": "abutment", "weight": "", "width": ""}], "fiber_mapping": [{"asset_id": "3DEA_3955", "fiber_id": "F01", "fiber_type": 41200256, "physical_fiber": 1}, {"asset_id": "3DEA_3955", "fiber_id": "F02", "fiber_type": 41200256, "physical_fiber": 2}, {"asset_id": "3DEA_3955", "fiber_id": "F03", "fiber_type": 41200256, "physical_fiber": 3}, {"asset_id": "3DEA_3955", "fiber_id": "F04", "fiber_type": 41200256, "physical_fiber": 4}, {"asset_id": "3DEA_3955", "fiber_id": "F05", "fiber_type": 41200256, "physical_fiber": 5}, {"asset_id": "3DEA_3955", "fiber_id": "F06", "fiber_type": 41200256, "physical_fiber": 6}, {"asset_id": "3DEA_3955", "fiber_id": "F07", "fiber_type": 41200256, "physical_fiber": 7}, {"asset_id": "3DEA_3955", "fiber_id": "F08", "fiber_type": 41200256, "physical_fiber": 8}], "F01": [{"angle": "0", "component_id": "S01G05", "fiber": "F01", "fromLeft": "0", "fromRight": "9.8", "fromTop": "0.508", "note": "first", "sensor": "1", "sensorSpacing": "0", "sensor_type": "strain", "side": "top", "type": "sensor", "x": "0", "y": "0"}, {"angle": "0", "component_id": "S01G05", "fiber": "F01", "fromLeft": "1.089", "fromRight": "8.711", "fromTop": "0.508", "note": "", "sensor": "2", "sensorSpacing": "1.089", "sensor_type": "strain", "side": "top", "type": "sensor", "x": "1.089", "y": "0"}, {"angle": "0", "component_id": "S01G05", "fiber": "F01", "fromLeft": "2.178", "fromRight": "7.622", "fromTop": "0.508", "note": "", "sensor": "3", "sensorSpacing": "1.089", "sensor_type": "strain", "side": "top", "type": "sensor", "x": "2.178", "y": "0"}, {"angle": "0", "component_id": "S01G05", "fiber": "F01", "fromLeft": "3.267", "fromRight": "6.533", "fromTop": "0.508", "note": "", "sensor": "4", "sensorSpacing": "1.089", "sensor_type": "strain", "side": "top", "type": "sensor", "x": "3.267", "y": "0"}, {"angle": "0", "component_id": "S01G05", "fiber": "F01", "fromLeft": "4.356", "fromRight": "5.444", "fromTop": "0.508", "note": "", "sensor": "5", "sensorSpacing": "1.089", "sensor_type": "strain", "side": "top", "type": "sensor", "x": "4.356", "y": "0"}, {"angle": "0", "component_id": "S01G05", "fiber": "F01", "fromLeft": "5.445", "fromRight": "4.355", "fromTop": "0.508", "note": "", "sensor": "6", "sensorSpacing": "1.089", "sensor_type": "strain", "side": "top", "type": "sensor", "x": "5.445", "y": "0"}, {"angle": "0", "component_id": "S01G05", "fiber": "F01", "fromLeft": "6.534", "fromRight": "3.266", "fromTop": "0.508", "note": "", "sensor": "7", "sensorSpacing": "1.089", "sensor_type": "strain", "side": "top", "type": "sensor", "x": "6.534", "y": "0"}, {"angle": "0", "component_id": "S01G05", "fiber": "F01", "fromLeft": "7.623", "fromRight": "2.177", "fromTop": "0.508", "note": "", "sensor": "8", "sensorSpacing": "1.089", "sensor_type": "strain", "side": "top", "type": "sensor", "x": "7.623", "y": "0"}, {"angle": "0", "component_id": "S01G05", "fiber": "F01", "fromLeft": "8.712", "fromRight": "1.088", "fromTop": "0.508", "note": "", "sensor": "9", "sensorSpacing": "1.089", "sensor_type": "strain", "side": "top", "type": "sensor", "x": "8.712", "y": "0"}, {"angle": "0", "component_id": "S01G05", "fiber": "F01", "fromLeft": "9.801", "fromRight": "-0.001", "fromTop": "0.508", "note": "last", "sensor": "10", "sensorSpacing": "1.089", "sensor_type": "strain", "side": "top", "type": "sensor", "x": "9.801", "y": "0"}, {"angle": "0", "component_id": "S01G04", "fiber": "F01", "fromLeft": "9.8", "fromRight": "0.0", "fromTop": "0.508", "note": "first", "sensor": "11", "sensorSpacing": "0.0", "sensor_type": "strain", "side": "top", "type": "sensor", "x": "9.8", "y": "0"}, {"angle": "0", "component_id": "S01G04", "fiber": "F01", "fromLeft": "7.84", "fromRight": "1.96", "fromTop": "0.508", "note": "", "sensor": "12", "sensorSpacing": "1.96", "sensor_type": "strain", "side": "top", "type": "sensor", "x": "7.84", "y": "0"}, {"angle": "0", "component_id": "S01G04", "fiber": "F01", "fromLeft": "5.88", "fromRight": "3.92", "fromTop": "0.508", "note": "", "sensor": "13", "sensorSpacing": "1.96", "sensor_type": "strain", "side": "top", "type": "sensor", "x": "5.88", "y": "0"}, {"angle": "0", "component_id": "S01G04", "fiber": "F01", "fromLeft": "3.92", "fromRight": "5.88", "fromTop": "0.508", "note": "", "sensor": "14", "sensorSpacing": "1.96", "sensor_type": "strain", "side": "top", "type": "sensor", "x": "3.92", "y": "0"}, {"angle": "0", "component_id": "S01G04", "fiber": "F01", "fromLeft": "1.96", "fromRight": "7.84", "fromTop": "0.508", "note": "", "sensor": "15", "sensorSpacing": "1.96", "sensor_type": "strain", "side": "top", "type": "sensor", "x": "1.96", "y": "0"}, {"angle": "0", "component_id": "S01G04", "fiber": "F01", "fromLeft": "0.0", "fromRight": "9.8", "fromTop": "0.508", "note": "last", "sensor": "16", "sensorSpacing": "1.96", "sensor_type": "strain", "side": "top", "type": "sensor", "x": "0.0", "y": "0"}, {"angle": "0", "component_id": "S01G03", "fiber": "F01", "fromLeft": "0", "fromRight": "9.8", "fromTop": "0.508", "note": "first", "sensor": "17", "sensorSpacing": "0", "sensor_type": "strain", "side": "top", "type": "sensor", "x": "0", "y": "0"}, {"angle": "0", "component_id": "S01G03", "fiber": "F01", "fromLeft": "1.225", "fromRight": "8.575", "fromTop": "0.508", "note": "", "sensor": "18", "sensorSpacing": "1.225", "sensor_type": "strain", "side": "top", "type": "sensor", "x": "1.225", "y": "0"}, {"angle": "0", "component_id": "S01G03", "fiber": "F01", "fromLeft": "2.45", "fromRight": "7.35", "fromTop": "0.508", "note": "", "sensor": "19", "sensorSpacing": "1.225", "sensor_type": "strain", "side": "top", "type": "sensor", "x": "2.45", "y": "0"}, {"angle": "0", "component_id": "S01G03", "fiber": "F01", "fromLeft": "3.675", "fromRight": "6.125", "fromTop": "0.508", "note": "", "sensor": "20", "sensorSpacing": "1.225", "sensor_type": "strain", "side": "top", "type": "sensor", "x": "3.675", "y": "0"}, {"angle": "0", "component_id": "S01G03", "fiber": "F01", "fromLeft": "4.9", "fromRight": "4.9", "fromTop": "0.508", "note": "midspan", "sensor": "21", "sensorSpacing": "1.225", "sensor_type": "strain", "side": "top", "type": "sensor", "x": "4.9", "y": "0"}, {"angle": "0", "component_id": "S01G03", "fiber": "F01", "fromLeft": "6.125", "fromRight": "3.675", "fromTop": "0.508", "note": "", "sensor": "22", "sensorSpacing": "1.225", "sensor_type": "strain", "side": "top", "type": "sensor", "x": "6.125", "y": "0"}, {"angle": "0", "component_id": "S01G03", "fiber": "F01", "fromLeft": "7.35", "fromRight": "2.45", "fromTop": "0.508", "note": "", "sensor": "23", "sensorSpacing": "1.225", "sensor_type": "strain", "side": "top", "type": "sensor", "x": "7.35", "y": "0"}, {"angle": "0", "component_id": "S01G03", "fiber": "F01", "fromLeft": "8.575", "fromRight": "1.225", "fromTop": "0.508", "note": "", "sensor": "24", "sensorSpacing": "1.225", "sensor_type": "strain", "side": "top", "type": "sensor", "x": "8.575", "y": "0"}, {"angle": "0", "component_id": "S01G03", "fiber": "F01", "fromLeft": "9.8", "fromRight": "0.0", "fromTop": "0.508", "note": "last", "sensor": "25", "sensorSpacing": "1.225", "sensor_type": "strain", "side": "top", "type": "sensor", "x": "9.8", "y": "0"}], "F02": [{"angle": "0", "component_id": "S01G14", "fiber": "F02", "fromLeft": "0", "fromRight": "9.8", "fromTop": "0.508", "note": "first", "sensor": "1", "sensorSpacing": "0", "sensor_type": "strain", "side": "top", "type": "sensor", "x": "0", "y": "0"}, {"angle": "0", "component_id": "S01G14", "fiber": "F02", "fromLeft": "1.089", "fromRight": "8.711", "fromTop": "0.508", "note": "", "sensor": "2", "sensorSpacing": "1.089", "sensor_type": "strain", "side": "top", "type": "sensor", "x": "1.089", "y": "0"}, {"angle": "0", "component_id": "S01G14", "fiber": "F02", "fromLeft": "2.178", "fromRight": "7.622", "fromTop": "0.508", "note": "", "sensor": "3", "sensorSpacing": "1.089", "sensor_type": "strain", "side": "top", "type": "sensor", "x": "2.178", "y": "0"}, {"angle": "0", "component_id": "S01G14", "fiber": "F02", "fromLeft": "3.267", "fromRight": "6.533", "fromTop": "0.508", "note": "", "sensor": "4", "sensorSpacing": "1.089", "sensor_type": "strain", "side": "top", "type": "sensor", "x": "3.267", "y": "0"}, {"angle": "0", "component_id": "S01G14", "fiber": "F02", "fromLeft": "4.356", "fromRight": "5.444", "fromTop": "0.508", "note": "", "sensor": "5", "sensorSpacing": "1.089", "sensor_type": "strain", "side": "top", "type": "sensor", "x": "4.356", "y": "0"}, {"angle": "0", "component_id": "S01G14", "fiber": "F02", "fromLeft": "5.445", "fromRight": "4.355", "fromTop": "0.508", "note": "", "sensor": "6", "sensorSpacing": "1.089", "sensor_type": "strain", "side": "top", "type": "sensor", "x": "5.445", "y": "0"}, {"angle": "0", "component_id": "S01G14", "fiber": "F02", "fromLeft": "6.534", "fromRight": "3.266", "fromTop": "0.508", "note": "", "sensor": "7", "sensorSpacing": "1.089", "sensor_type": "strain", "side": "top", "type": "sensor", "x": "6.534", "y": "0"}, {"angle": "0", "component_id": "S01G14", "fiber": "F02", "fromLeft": "7.623", "fromRight": "2.177", "fromTop": "0.508", "note": "", "sensor": "8", "sensorSpacing": "1.089", "sensor_type": "strain", "side": "top", "type": "sensor", "x": "7.623", "y": "0"}, {"angle": "0", "component_id": "S01G14", "fiber": "F02", "fromLeft": "8.712", "fromRight": "1.088", "fromTop": "0.508", "note": "", "sensor": "9", "sensorSpacing": "1.089", "sensor_type": "strain", "side": "top", "type": "sensor", "x": "8.712", "y": "0"}, {"angle": "0", "component_id": "S01G14", "fiber": "F02", "fromLeft": "9.801", "fromRight": "-0.001", "fromTop": "0.508", "note": "last", "sensor": "10", "sensorSpacing": "1.089", "sensor_type": "strain", "side": "top", "type": "sensor", "x": "9.801", "y": "0"}, {"angle": "0", "component_id": "S01G13", "fiber": "F02", "fromLeft": "9.8", "fromRight": "0.0", "fromTop": "0.508", "note": "first", "sensor": "11", "sensorSpacing": "0.0", "sensor_type": "strain", "side": "top", "type": "sensor", "x": "9.8", "y": "0"}, {"angle": "0", "component_id": "S01G13", "fiber": "F02", "fromLeft": "7.84", "fromRight": "1.96", "fromTop": "0.508", "note": "", "sensor": "12", "sensorSpacing": "1.96", "sensor_type": "strain", "side": "top", "type": "sensor", "x": "7.84", "y": "0"}, {"angle": "0", "component_id": "S01G13", "fiber": "F02", "fromLeft": "5.88", "fromRight": "3.92", "fromTop": "0.508", "note": "", "sensor": "13", "sensorSpacing": "1.96", "sensor_type": "strain", "side": "top", "type": "sensor", "x": "5.88", "y": "0"}, {"angle": "0", "component_id": "S01G13", "fiber": "F02", "fromLeft": "3.92", "fromRight": "5.88", "fromTop": "0.508", "note": "", "sensor": "14", "sensorSpacing": "1.96", "sensor_type": "strain", "side": "top", "type": "sensor", "x": "3.92", "y": "0"}, {"angle": "0", "component_id": "S01G13", "fiber": "F02", "fromLeft": "1.96", "fromRight": "7.84", "fromTop": "0.508", "note": "", "sensor": "15", "sensorSpacing": "1.96", "sensor_type": "strain", "side": "top", "type": "sensor", "x": "1.96", "y": "0"}, {"angle": "0", "component_id": "S01G13", "fiber": "F02", "fromLeft": "0.0", "fromRight": "9.8", "fromTop": "0.508", "note": "last", "sensor": "16", "sensorSpacing": "1.96", "sensor_type": "strain", "side": "top", "type": "sensor", "x": "0.0", "y": "0"}, {"angle": "0", "component_id": "S01G12", "fiber": "F02", "fromLeft": "0", "fromRight": "9.8", "fromTop": "0.508", "note": "first", "sensor": "17", "sensorSpacing": "0", "sensor_type": "strain", "side": "top", "type": "sensor", "x": "0", "y": "0"}, {"angle": "0", "component_id": "S01G12", "fiber": "F02", "fromLeft": "1.225", "fromRight": "8.575", "fromTop": "0.508", "note": "", "sensor": "18", "sensorSpacing": "1.225", "sensor_type": "strain", "side": "top", "type": "sensor", "x": "1.225", "y": "0"}, {"angle": "0", "component_id": "S01G12", "fiber": "F02", "fromLeft": "2.45", "fromRight": "7.35", "fromTop": "0.508", "note": "", "sensor": "19", "sensorSpacing": "1.225", "sensor_type": "strain", "side": "top", "type": "sensor", "x": "2.45", "y": "0"}, {"angle": "0", "component_id": "S01G12", "fiber": "F02", "fromLeft": "3.675", "fromRight": "6.125", "fromTop": "0.508", "note": "", "sensor": "20", "sensorSpacing": "1.225", "sensor_type": "strain", "side": "top", "type": "sensor", "x": "3.675", "y": "0"}, {"angle": "0", "component_id": "S01G12", "fiber": "F02", "fromLeft": "4.9", "fromRight": "4.9", "fromTop": "0.508", "note": "midspan", "sensor": "21", "sensorSpacing": "1.225", "sensor_type": "strain", "side": "top", "type": "sensor", "x": "4.9", "y": "0"}, {"angle": "0", "component_id": "S01G12", "fiber": "F02", "fromLeft": "6.125", "fromRight": "3.675", "fromTop": "0.508", "note": "", "sensor": "22", "sensorSpacing": "1.225", "sensor_type": "strain", "side": "top", "type": "sensor", "x": "6.125", "y": "0"}, {"angle": "0", "component_id": "S01G12", "fiber": "F02", "fromLeft": "7.35", "fromRight": "2.45", "fromTop": "0.508", "note": "", "sensor": "23", "sensorSpacing": "1.225", "sensor_type": "strain", "side": "top", "type": "sensor", "x": "7.35", "y": "0"}, {"angle": "0", "component_id": "S01G12", "fiber": "F02", "fromLeft": "8.575", "fromRight": "1.225", "fromTop": "0.508", "note": "", "sensor": "24", "sensorSpacing": "1.225", "sensor_type": "strain", "side": "top", "type": "sensor", "x": "8.575", "y": "0"}, {"angle": "0", "component_id": "S01G12", "fiber": "F02", "fromLeft": "9.8", "fromRight": "0.0", "fromTop": "0.508", "note": "last", "sensor": "25", "sensorSpacing": "1.225", "sensor_type": "strain", "side": "top", "type": "sensor", "x": "9.8", "y": "0"}], "F03": [{"angle": "0", "component_id": "S02G07", "fiber": "F03", "fromLeft": "0", "fromRight": "10", "fromTop": "0.508", "note": "first", "sensor": "1", "sensorSpacing": "0", "sensor_type": "strain", "side": "top", "type": "sensor", "x": "0", "y": "0"}, {"angle": "0", "component_id": "S02G07", "fiber": "F03", "fromLeft": "1.25", "fromRight": "8.75", "fromTop": "0.508", "note": "", "sensor": "2", "sensorSpacing": "1.25", "sensor_type": "strain", "side": "top", "type": "sensor", "x": "1.25", "y": "0"}, {"angle": "0", "component_id": "S02G07", "fiber": "F03", "fromLeft": "2.5", "fromRight": "7.5", "fromTop": "0.508", "note": "", "sensor": "3", "sensorSpacing": "1.25", "sensor_type": "strain", "side": "top", "type": "sensor", "x": "2.5", "y": "0"}, {"angle": "0", "component_id": "S02G07", "fiber": "F03", "fromLeft": "3.75", "fromRight": "6.25", "fromTop": "0.508", "note": "", "sensor": "4", "sensorSpacing": "1.25", "sensor_type": "strain", "side": "top", "type": "sensor", "x": "3.75", "y": "0"}, {"angle": "0", "component_id": "S02G07", "fiber": "F03", "fromLeft": "5.0", "fromRight": "5.0", "fromTop": "0.508", "note": "midspan", "sensor": "5", "sensorSpacing": "1.25", "sensor_type": "strain", "side": "top", "type": "sensor", "x": "5.0", "y": "0"}, {"angle": "0", "component_id": "S02G07", "fiber": "F03", "fromLeft": "6.25", "fromRight": "3.75", "fromTop": "0.508", "note": "", "sensor": "6", "sensorSpacing": "1.25", "sensor_type": "strain", "side": "top", "type": "sensor", "x": "6.25", "y": "0"}, {"angle": "0", "component_id": "S02G07", "fiber": "F03", "fromLeft": "7.5", "fromRight": "2.5", "fromTop": "0.508", "note": "", "sensor": "7", "sensorSpacing": "1.25", "sensor_type": "strain", "side": "top", "type": "sensor", "x": "7.5", "y": "0"}, {"angle": "0", "component_id": "S02G07", "fiber": "F03", "fromLeft": "8.75", "fromRight": "1.25", "fromTop": "0.508", "note": "", "sensor": "8", "sensorSpacing": "1.25", "sensor_type": "strain", "side": "top", "type": "sensor", "x": "8.75", "y": "0"}, {"angle": "0", "component_id": "S02G07", "fiber": "F03", "fromLeft": "10.0", "fromRight": "0.0", "fromTop": "0.508", "note": "last", "sensor": "9", "sensorSpacing": "1.25", "sensor_type": "strain", "side": "top", "type": "sensor", "x": "10.0", "y": "0"}, {"angle": "0", "component_id": "S02G06", "fiber": "F03", "fromLeft": "10", "fromRight": "0", "fromTop": "0.508", "note": "first", "sensor": "10", "sensorSpacing": "0", "sensor_type": "strain", "side": "top", "type": "sensor", "x": "10", "y": "0"}, {"angle": "0", "component_id": "S02G06", "fiber": "F03", "fromLeft": "8.333", "fromRight": "1.667", "fromTop": "0.508", "note": "", "sensor": "11", "sensorSpacing": "1.667", "sensor_type": "strain", "side": "top", "type": "sensor", "x": "8.333", "y": "0"}, {"angle": "0", "component_id": "S02G06", "fiber": "F03", "fromLeft": "6.666", "fromRight": "3.334", "fromTop": "0.508", "note": "", "sensor": "12", "sensorSpacing": "1.667", "sensor_type": "strain", "side": "top", "type": "sensor", "x": "6.666", "y": "0"}, {"angle": "0", "component_id": "S02G06", "fiber": "F03", "fromLeft": "4.999", "fromRight": "5.001", "fromTop": "0.508", "note": "", "sensor": "13", "sensorSpacing": "1.667", "sensor_type": "strain", "side": "top", "type": "sensor", "x": "4.999", "y": "0"}, {"angle": "0", "component_id": "S02G06", "fiber": "F03", "fromLeft": "3.332", "fromRight": "6.668", "fromTop": "0.508", "note": "", "sensor": "14", "sensorSpacing": "1.667", "sensor_type": "strain", "side": "top", "type": "sensor", "x": "3.332", "y": "0"}, {"angle": "0", "component_id": "S02G06", "fiber": "F03", "fromLeft": "1.665", "fromRight": "8.335", "fromTop": "0.508", "note": "", "sensor": "15", "sensorSpacing": "1.667", "sensor_type": "strain", "side": "top", "type": "sensor", "x": "1.665", "y": "0"}, {"angle": "0", "component_id": "S02G06", "fiber": "F03", "fromLeft": "-0.002", "fromRight": "10.002", "fromTop": "0.508", "note": "last", "sensor": "16", "sensorSpacing": "1.667", "sensor_type": "strain", "side": "top", "type": "sensor", "x": "-0.002", "y": "0"}, {"angle": "0", "component_id": "S02G05", "fiber": "F03", "fromLeft": "0", "fromRight": "10", "fromTop": "0.508", "note": "first", "sensor": "17", "sensorSpacing": "0", "sensor_type": "strain", "side": "top", "type": "sensor", "x": "0", "y": "0"}, {"angle": "0", "component_id": "S02G05", "fiber": "F03", "fromLeft": "1.25", "fromRight": "8.75", "fromTop": "0.508", "note": "", "sensor": "18", "sensorSpacing": "1.25", "sensor_type": "strain", "side": "top", "type": "sensor", "x": "1.25", "y": "0"}, {"angle": "0", "component_id": "S02G05", "fiber": "F03", "fromLeft": "2.5", "fromRight": "7.5", "fromTop": "0.508", "note": "", "sensor": "19", "sensorSpacing": "1.25", "sensor_type": "strain", "side": "top", "type": "sensor", "x": "2.5", "y": "0"}, {"angle": "0", "component_id": "S02G05", "fiber": "F03", "fromLeft": "3.75", "fromRight": "6.25", "fromTop": "0.508", "note": "", "sensor": "20", "sensorSpacing": "1.25", "sensor_type": "strain", "side": "top", "type": "sensor", "x": "3.75", "y": "0"}, {"angle": "0", "component_id": "S02G05", "fiber": "F03", "fromLeft": "5.0", "fromRight": "5.0", "fromTop": "0.508", "note": "midspan", "sensor": "21", "sensorSpacing": "1.25", "sensor_type": "strain", "side": "top", "type": "sensor", "x": "5.0", "y": "0"}, {"angle": "0", "component_id": "S02G05", "fiber": "F03", "fromLeft": "6.25", "fromRight": "3.75", "fromTop": "0.508", "note": "", "sensor": "22", "sensorSpacing": "1.25", "sensor_type": "strain", "side": "top", "type": "sensor", "x": "6.25", "y": "0"}, {"angle": "0", "component_id": "S02G05", "fiber": "F03", "fromLeft": "7.5", "fromRight": "2.5", "fromTop": "0.508", "note": "", "sensor": "23", "sensorSpacing": "1.25", "sensor_type": "strain", "side": "top", "type": "sensor", "x": "7.5", "y": "0"}, {"angle": "0", "component_id": "S02G05", "fiber": "F03", "fromLeft": "8.75", "fromRight": "1.25", "fromTop": "0.508", "note": "", "sensor": "24", "sensorSpacing": "1.25", "sensor_type": "strain", "side": "top", "type": "sensor", "x": "8.75", "y": "0"}, {"angle": "0", "component_id": "S02G05", "fiber": "F03", "fromLeft": "10.0", "fromRight": "0.0", "fromTop": "0.508", "note": "last", "sensor": "25", "sensorSpacing": "1.25", "sensor_type": "strain", "side": "top", "type": "sensor", "x": "10.0", "y": "0"}], "F04": [{"angle": "0", "component_id": "S02G12", "fiber": "F04", "fromLeft": "0", "fromRight": "10", "fromTop": "0.508", "note": "first", "sensor": "1", "sensorSpacing": "0", "sensor_type": "strain", "side": "top", "type": "sensor", "x": "0", "y": "0"}, {"angle": "0", "component_id": "S02G12", "fiber": "F04", "fromLeft": "1.25", "fromRight": "8.75", "fromTop": "0.508", "note": "", "sensor": "2", "sensorSpacing": "1.25", "sensor_type": "strain", "side": "top", "type": "sensor", "x": "1.25", "y": "0"}, {"angle": "0", "component_id": "S02G12", "fiber": "F04", "fromLeft": "2.5", "fromRight": "7.5", "fromTop": "0.508", "note": "", "sensor": "3", "sensorSpacing": "1.25", "sensor_type": "strain", "side": "top", "type": "sensor", "x": "2.5", "y": "0"}, {"angle": "0", "component_id": "S02G12", "fiber": "F04", "fromLeft": "3.75", "fromRight": "6.25", "fromTop": "0.508", "note": "", "sensor": "4", "sensorSpacing": "1.25", "sensor_type": "strain", "side": "top", "type": "sensor", "x": "3.75", "y": "0"}, {"angle": "0", "component_id": "S02G12", "fiber": "F04", "fromLeft": "5.0", "fromRight": "5.0", "fromTop": "0.508", "note": "midspan", "sensor": "5", "sensorSpacing": "1.25", "sensor_type": "strain", "side": "top", "type": "sensor", "x": "5.0", "y": "0"}, {"angle": "0", "component_id": "S02G12", "fiber": "F04", "fromLeft": "6.25", "fromRight": "3.75", "fromTop": "0.508", "note": "", "sensor": "6", "sensorSpacing": "1.25", "sensor_type": "strain", "side": "top", "type": "sensor", "x": "6.25", "y": "0"}, {"angle": "0", "component_id": "S02G12", "fiber": "F04", "fromLeft": "7.5", "fromRight": "2.5", "fromTop": "0.508", "note": "", "sensor": "7", "sensorSpacing": "1.25", "sensor_type": "strain", "side": "top", "type": "sensor", "x": "7.5", "y": "0"}, {"angle": "0", "component_id": "S02G12", "fiber": "F04", "fromLeft": "8.75", "fromRight": "1.25", "fromTop": "0.508", "note": "", "sensor": "8", "sensorSpacing": "1.25", "sensor_type": "strain", "side": "top", "type": "sensor", "x": "8.75", "y": "0"}, {"angle": "0", "component_id": "S02G12", "fiber": "F04", "fromLeft": "10.0", "fromRight": "0.0", "fromTop": "0.508", "note": "last", "sensor": "9", "sensorSpacing": "1.25", "sensor_type": "strain", "side": "top", "type": "sensor", "x": "10.0", "y": "0"}, {"angle": "0", "component_id": "S02G11", "fiber": "F04", "fromLeft": "10", "fromRight": "0", "fromTop": "0.508", "note": "first", "sensor": "10", "sensorSpacing": "0", "sensor_type": "strain", "side": "top", "type": "sensor", "x": "10", "y": "0"}, {"angle": "0", "component_id": "S02G11", "fiber": "F04", "fromLeft": "8.333", "fromRight": "1.667", "fromTop": "0.508", "note": "", "sensor": "11", "sensorSpacing": "1.667", "sensor_type": "strain", "side": "top", "type": "sensor", "x": "8.333", "y": "0"}, {"angle": "0", "component_id": "S02G11", "fiber": "F04", "fromLeft": "6.666", "fromRight": "3.334", "fromTop": "0.508", "note": "", "sensor": "12", "sensorSpacing": "1.667", "sensor_type": "strain", "side": "top", "type": "sensor", "x": "6.666", "y": "0"}, {"angle": "0", "component_id": "S02G11", "fiber": "F04", "fromLeft": "4.999", "fromRight": "5.001", "fromTop": "0.508", "note": "", "sensor": "13", "sensorSpacing": "1.667", "sensor_type": "strain", "side": "top", "type": "sensor", "x": "4.999", "y": "0"}, {"angle": "0", "component_id": "S02G11", "fiber": "F04", "fromLeft": "3.332", "fromRight": "6.668", "fromTop": "0.508", "note": "", "sensor": "14", "sensorSpacing": "1.667", "sensor_type": "strain", "side": "top", "type": "sensor", "x": "3.332", "y": "0"}, {"angle": "0", "component_id": "S02G11", "fiber": "F04", "fromLeft": "1.665", "fromRight": "8.335", "fromTop": "0.508", "note": "", "sensor": "15", "sensorSpacing": "1.667", "sensor_type": "strain", "side": "top", "type": "sensor", "x": "1.665", "y": "0"}, {"angle": "0", "component_id": "S02G11", "fiber": "F04", "fromLeft": "-0.002", "fromRight": "10.002", "fromTop": "0.508", "note": "last", "sensor": "16", "sensorSpacing": "1.667", "sensor_type": "strain", "side": "top", "type": "sensor", "x": "-0.002", "y": "0"}, {"angle": "0", "component_id": "S02G10", "fiber": "F04", "fromLeft": "0", "fromRight": "10", "fromTop": "0.508", "note": "first", "sensor": "17", "sensorSpacing": "0", "sensor_type": "strain", "side": "top", "type": "sensor", "x": "0", "y": "0"}, {"angle": "0", "component_id": "S02G10", "fiber": "F04", "fromLeft": "1.25", "fromRight": "8.75", "fromTop": "0.508", "note": "", "sensor": "18", "sensorSpacing": "1.25", "sensor_type": "strain", "side": "top", "type": "sensor", "x": "1.25", "y": "0"}, {"angle": "0", "component_id": "S02G10", "fiber": "F04", "fromLeft": "2.5", "fromRight": "7.5", "fromTop": "0.508", "note": "", "sensor": "19", "sensorSpacing": "1.25", "sensor_type": "strain", "side": "top", "type": "sensor", "x": "2.5", "y": "0"}, {"angle": "0", "component_id": "S02G10", "fiber": "F04", "fromLeft": "3.75", "fromRight": "6.25", "fromTop": "0.508", "note": "", "sensor": "20", "sensorSpacing": "1.25", "sensor_type": "strain", "side": "top", "type": "sensor", "x": "3.75", "y": "0"}, {"angle": "0", "component_id": "S02G10", "fiber": "F04", "fromLeft": "5.0", "fromRight": "5.0", "fromTop": "0.508", "note": "midspan", "sensor": "21", "sensorSpacing": "1.25", "sensor_type": "strain", "side": "top", "type": "sensor", "x": "5.0", "y": "0"}, {"angle": "0", "component_id": "S02G10", "fiber": "F04", "fromLeft": "6.25", "fromRight": "3.75", "fromTop": "0.508", "note": "", "sensor": "22", "sensorSpacing": "1.25", "sensor_type": "strain", "side": "top", "type": "sensor", "x": "6.25", "y": "0"}, {"angle": "0", "component_id": "S02G10", "fiber": "F04", "fromLeft": "7.5", "fromRight": "2.5", "fromTop": "0.508", "note": "", "sensor": "23", "sensorSpacing": "1.25", "sensor_type": "strain", "side": "top", "type": "sensor", "x": "7.5", "y": "0"}, {"angle": "0", "component_id": "S02G10", "fiber": "F04", "fromLeft": "8.75", "fromRight": "1.25", "fromTop": "0.508", "note": "", "sensor": "24", "sensorSpacing": "1.25", "sensor_type": "strain", "side": "top", "type": "sensor", "x": "8.75", "y": "0"}, {"angle": "0", "component_id": "S02G10", "fiber": "F04", "fromLeft": "10.0", "fromRight": "0.0", "fromTop": "0.508", "note": "last", "sensor": "25", "sensorSpacing": "1.25", "sensor_type": "strain", "side": "top", "type": "sensor", "x": "10.0", "y": "0"}], "F05": [{"angle": "0", "component_id": "S03G06", "fiber": "F05", "fromLeft": "0", "fromRight": "9.8", "fromTop": "0.508", "note": "first", "sensor": "1", "sensorSpacing": "0", "sensor_type": "strain", "side": "top", "type": "sensor", "x": "0", "y": "0"}, {"angle": "0", "component_id": "S03G06", "fiber": "F05", "fromLeft": "1.225", "fromRight": "8.575", "fromTop": "0.508", "note": "", "sensor": "2", "sensorSpacing": "1.225", "sensor_type": "strain", "side": "top", "type": "sensor", "x": "1.225", "y": "0"}, {"angle": "0", "component_id": "S03G06", "fiber": "F05", "fromLeft": "2.45", "fromRight": "7.35", "fromTop": "0.508", "note": "", "sensor": "3", "sensorSpacing": "1.225", "sensor_type": "strain", "side": "top", "type": "sensor", "x": "2.45", "y": "0"}, {"angle": "0", "component_id": "S03G06", "fiber": "F05", "fromLeft": "3.675", "fromRight": "6.125", "fromTop": "0.508", "note": "", "sensor": "4", "sensorSpacing": "1.225", "sensor_type": "strain", "side": "top", "type": "sensor", "x": "3.675", "y": "0"}, {"angle": "0", "component_id": "S03G06", "fiber": "F05", "fromLeft": "4.9", "fromRight": "4.9", "fromTop": "0.508", "note": "midspan", "sensor": "5", "sensorSpacing": "1.225", "sensor_type": "strain", "side": "top", "type": "sensor", "x": "4.9", "y": "0"}, {"angle": "0", "component_id": "S03G06", "fiber": "F05", "fromLeft": "6.125", "fromRight": "3.675", "fromTop": "0.508", "note": "", "sensor": "6", "sensorSpacing": "1.225", "sensor_type": "strain", "side": "top", "type": "sensor", "x": "6.125", "y": "0"}, {"angle": "0", "component_id": "S03G06", "fiber": "F05", "fromLeft": "7.35", "fromRight": "2.45", "fromTop": "0.508", "note": "", "sensor": "7", "sensorSpacing": "1.225", "sensor_type": "strain", "side": "top", "type": "sensor", "x": "7.35", "y": "0"}, {"angle": "0", "component_id": "S03G06", "fiber": "F05", "fromLeft": "8.575", "fromRight": "1.225", "fromTop": "0.508", "note": "", "sensor": "8", "sensorSpacing": "1.225", "sensor_type": "strain", "side": "top", "type": "sensor", "x": "8.575", "y": "0"}, {"angle": "0", "component_id": "S03G06", "fiber": "F05", "fromLeft": "9.8", "fromRight": "0.0", "fromTop": "0.508", "note": "last", "sensor": "9", "sensorSpacing": "1.225", "sensor_type": "strain", "side": "top", "type": "sensor", "x": "9.8", "y": "0"}, {"angle": "0", "component_id": "S03G07", "fiber": "F05", "fromLeft": "9.8", "fromRight": "0.0", "fromTop": "0.508", "note": "first", "sensor": "10", "sensorSpacing": "0.0", "sensor_type": "strain", "side": "top", "type": "sensor", "x": "9.8", "y": "0"}, {"angle": "0", "component_id": "S03G07", "fiber": "F05", "fromLeft": "8.167", "fromRight": "1.633", "fromTop": "0.508", "note": "", "sensor": "11", "sensorSpacing": "1.633", "sensor_type": "strain", "side": "top", "type": "sensor", "x": "8.167", "y": "0"}, {"angle": "0", "component_id": "S03G07", "fiber": "F05", "fromLeft": "6.534", "fromRight": "3.266", "fromTop": "0.508", "note": "", "sensor": "12", "sensorSpacing": "1.633", "sensor_type": "strain", "side": "top", "type": "sensor", "x": "6.534", "y": "0"}, {"angle": "0", "component_id": "S03G07", "fiber": "F05", "fromLeft": "4.901", "fromRight": "4.899", "fromTop": "0.508", "note": "", "sensor": "13", "sensorSpacing": "1.633", "sensor_type": "strain", "side": "top", "type": "sensor", "x": "4.901", "y": "0"}, {"angle": "0", "component_id": "S03G07", "fiber": "F05", "fromLeft": "3.268", "fromRight": "6.532", "fromTop": "0.508", "note": "", "sensor": "14", "sensorSpacing": "1.633", "sensor_type": "strain", "side": "top", "type": "sensor", "x": "3.268", "y": "0"}, {"angle": "0", "component_id": "S03G07", "fiber": "F05", "fromLeft": "1.635", "fromRight": "8.165", "fromTop": "0.508", "note": "", "sensor": "15", "sensorSpacing": "1.633", "sensor_type": "strain", "side": "top", "type": "sensor", "x": "1.635", "y": "0"}, {"angle": "0", "component_id": "S03G07", "fiber": "F05", "fromLeft": "0.002", "fromRight": "9.798", "fromTop": "0.508", "note": "last", "sensor": "16", "sensorSpacing": "1.633", "sensor_type": "strain", "side": "top", "type": "sensor", "x": "0.002", "y": "0"}, {"angle": "0", "component_id": "S03G08", "fiber": "F05", "fromLeft": "0", "fromRight": "9.8", "fromTop": "0.508", "note": "first", "sensor": "17", "sensorSpacing": "0", "sensor_type": "strain", "side": "top", "type": "sensor", "x": "0", "y": "0"}, {"angle": "0", "component_id": "S03G08", "fiber": "F05", "fromLeft": "1.225", "fromRight": "8.575", "fromTop": "0.508", "note": "", "sensor": "18", "sensorSpacing": "1.225", "sensor_type": "strain", "side": "top", "type": "sensor", "x": "1.225", "y": "0"}, {"angle": "0", "component_id": "S03G08", "fiber": "F05", "fromLeft": "2.45", "fromRight": "7.35", "fromTop": "0.508", "note": "", "sensor": "19", "sensorSpacing": "1.225", "sensor_type": "strain", "side": "top", "type": "sensor", "x": "2.45", "y": "0"}, {"angle": "0", "component_id": "S03G08", "fiber": "F05", "fromLeft": "3.675", "fromRight": "6.125", "fromTop": "0.508", "note": "", "sensor": "20", "sensorSpacing": "1.225", "sensor_type": "strain", "side": "top", "type": "sensor", "x": "3.675", "y": "0"}, {"angle": "0", "component_id": "S03G08", "fiber": "F05", "fromLeft": "4.9", "fromRight": "4.9", "fromTop": "0.508", "note": "midspan", "sensor": "21", "sensorSpacing": "1.225", "sensor_type": "strain", "side": "top", "type": "sensor", "x": "4.9", "y": "0"}, {"angle": "0", "component_id": "S03G08", "fiber": "F05", "fromLeft": "6.125", "fromRight": "3.675", "fromTop": "0.508", "note": "", "sensor": "22", "sensorSpacing": "1.225", "sensor_type": "strain", "side": "top", "type": "sensor", "x": "6.125", "y": "0"}, {"angle": "0", "component_id": "S03G08", "fiber": "F05", "fromLeft": "7.35", "fromRight": "2.45", "fromTop": "0.508", "note": "", "sensor": "23", "sensorSpacing": "1.225", "sensor_type": "strain", "side": "top", "type": "sensor", "x": "7.35", "y": "0"}, {"angle": "0", "component_id": "S03G08", "fiber": "F05", "fromLeft": "8.575", "fromRight": "1.225", "fromTop": "0.508", "note": "", "sensor": "24", "sensorSpacing": "1.225", "sensor_type": "strain", "side": "top", "type": "sensor", "x": "8.575", "y": "0"}, {"angle": "0", "component_id": "S03G08", "fiber": "F05", "fromLeft": "9.8", "fromRight": "0.0", "fromTop": "0.508", "note": "last", "sensor": "25", "sensorSpacing": "1.225", "sensor_type": "strain", "side": "top", "type": "sensor", "x": "9.8", "y": "0"}], "F06": [{"angle": "0", "component_id": "S03G09", "fiber": "F06", "fromLeft": "0", "fromRight": "9.8", "fromTop": "0.508", "note": "first", "sensor": "1", "sensorSpacing": "0", "sensor_type": "strain", "side": "top", "type": "sensor", "x": "0", "y": "0"}, {"angle": "0", "component_id": "S03G09", "fiber": "F06", "fromLeft": "1.225", "fromRight": "8.575", "fromTop": "0.508", "note": "", "sensor": "2", "sensorSpacing": "1.225", "sensor_type": "strain", "side": "top", "type": "sensor", "x": "1.225", "y": "0"}, {"angle": "0", "component_id": "S03G09", "fiber": "F06", "fromLeft": "2.45", "fromRight": "7.35", "fromTop": "0.508", "note": "", "sensor": "3", "sensorSpacing": "1.225", "sensor_type": "strain", "side": "top", "type": "sensor", "x": "2.45", "y": "0"}, {"angle": "0", "component_id": "S03G09", "fiber": "F06", "fromLeft": "3.675", "fromRight": "6.125", "fromTop": "0.508", "note": "", "sensor": "4", "sensorSpacing": "1.225", "sensor_type": "strain", "side": "top", "type": "sensor", "x": "3.675", "y": "0"}, {"angle": "0", "component_id": "S03G09", "fiber": "F06", "fromLeft": "4.9", "fromRight": "4.9", "fromTop": "0.508", "note": "midspan", "sensor": "5", "sensorSpacing": "1.225", "sensor_type": "strain", "side": "top", "type": "sensor", "x": "4.9", "y": "0"}, {"angle": "0", "component_id": "S03G09", "fiber": "F06", "fromLeft": "6.125", "fromRight": "3.675", "fromTop": "0.508", "note": "", "sensor": "6", "sensorSpacing": "1.225", "sensor_type": "strain", "side": "top", "type": "sensor", "x": "6.125", "y": "0"}, {"angle": "0", "component_id": "S03G09", "fiber": "F06", "fromLeft": "7.35", "fromRight": "2.45", "fromTop": "0.508", "note": "", "sensor": "7", "sensorSpacing": "1.225", "sensor_type": "strain", "side": "top", "type": "sensor", "x": "7.35", "y": "0"}, {"angle": "0", "component_id": "S03G09", "fiber": "F06", "fromLeft": "8.575", "fromRight": "1.225", "fromTop": "0.508", "note": "", "sensor": "8", "sensorSpacing": "1.225", "sensor_type": "strain", "side": "top", "type": "sensor", "x": "8.575", "y": "0"}, {"angle": "0", "component_id": "S03G09", "fiber": "F06", "fromLeft": "9.8", "fromRight": "0.0", "fromTop": "0.508", "note": "last", "sensor": "9", "sensorSpacing": "1.225", "sensor_type": "strain", "side": "top", "type": "sensor", "x": "9.8", "y": "0"}, {"angle": "0", "component_id": "S03G10", "fiber": "F06", "fromLeft": "9.8", "fromRight": "0.0", "fromTop": "0.508", "note": "first", "sensor": "10", "sensorSpacing": "0.0", "sensor_type": "strain", "side": "top", "type": "sensor", "x": "9.8", "y": "0"}, {"angle": "0", "component_id": "S03G10", "fiber": "F06", "fromLeft": "8.167", "fromRight": "1.633", "fromTop": "0.508", "note": "", "sensor": "11", "sensorSpacing": "1.633", "sensor_type": "strain", "side": "top", "type": "sensor", "x": "8.167", "y": "0"}, {"angle": "0", "component_id": "S03G10", "fiber": "F06", "fromLeft": "6.534", "fromRight": "3.266", "fromTop": "0.508", "note": "", "sensor": "12", "sensorSpacing": "1.633", "sensor_type": "strain", "side": "top", "type": "sensor", "x": "6.534", "y": "0"}, {"angle": "0", "component_id": "S03G10", "fiber": "F06", "fromLeft": "4.901", "fromRight": "4.899", "fromTop": "0.508", "note": "", "sensor": "13", "sensorSpacing": "1.633", "sensor_type": "strain", "side": "top", "type": "sensor", "x": "4.901", "y": "0"}, {"angle": "0", "component_id": "S03G10", "fiber": "F06", "fromLeft": "3.268", "fromRight": "6.532", "fromTop": "0.508", "note": "", "sensor": "14", "sensorSpacing": "1.633", "sensor_type": "strain", "side": "top", "type": "sensor", "x": "3.268", "y": "0"}, {"angle": "0", "component_id": "S03G10", "fiber": "F06", "fromLeft": "1.635", "fromRight": "8.165", "fromTop": "0.508", "note": "", "sensor": "15", "sensorSpacing": "1.633", "sensor_type": "strain", "side": "top", "type": "sensor", "x": "1.635", "y": "0"}, {"angle": "0", "component_id": "S03G10", "fiber": "F06", "fromLeft": "0.002", "fromRight": "9.798", "fromTop": "0.508", "note": "last", "sensor": "16", "sensorSpacing": "1.633", "sensor_type": "strain", "side": "top", "type": "sensor", "x": "0.002", "y": "0"}, {"angle": "0", "component_id": "S03G11", "fiber": "F06", "fromLeft": "0", "fromRight": "9.8", "fromTop": "0.508", "note": "first", "sensor": "17", "sensorSpacing": "0", "sensor_type": "strain", "side": "top", "type": "sensor", "x": "0", "y": "0"}, {"angle": "0", "component_id": "S03G11", "fiber": "F06", "fromLeft": "1.225", "fromRight": "8.575", "fromTop": "0.508", "note": "", "sensor": "18", "sensorSpacing": "1.225", "sensor_type": "strain", "side": "top", "type": "sensor", "x": "1.225", "y": "0"}, {"angle": "0", "component_id": "S03G11", "fiber": "F06", "fromLeft": "2.45", "fromRight": "7.35", "fromTop": "0.508", "note": "", "sensor": "19", "sensorSpacing": "1.225", "sensor_type": "strain", "side": "top", "type": "sensor", "x": "2.45", "y": "0"}, {"angle": "0", "component_id": "S03G11", "fiber": "F06", "fromLeft": "3.675", "fromRight": "6.125", "fromTop": "0.508", "note": "", "sensor": "20", "sensorSpacing": "1.225", "sensor_type": "strain", "side": "top", "type": "sensor", "x": "3.675", "y": "0"}, {"angle": "0", "component_id": "S03G11", "fiber": "F06", "fromLeft": "4.9", "fromRight": "4.9", "fromTop": "0.508", "note": "midspan", "sensor": "21", "sensorSpacing": "1.225", "sensor_type": "strain", "side": "top", "type": "sensor", "x": "4.9", "y": "0"}, {"angle": "0", "component_id": "S03G11", "fiber": "F06", "fromLeft": "6.125", "fromRight": "3.675", "fromTop": "0.508", "note": "", "sensor": "22", "sensorSpacing": "1.225", "sensor_type": "strain", "side": "top", "type": "sensor", "x": "6.125", "y": "0"}, {"angle": "0", "component_id": "S03G11", "fiber": "F06", "fromLeft": "7.35", "fromRight": "2.45", "fromTop": "0.508", "note": "", "sensor": "23", "sensorSpacing": "1.225", "sensor_type": "strain", "side": "top", "type": "sensor", "x": "7.35", "y": "0"}, {"angle": "0", "component_id": "S03G11", "fiber": "F06", "fromLeft": "8.575", "fromRight": "1.225", "fromTop": "0.508", "note": "", "sensor": "24", "sensorSpacing": "1.225", "sensor_type": "strain", "side": "top", "type": "sensor", "x": "8.575", "y": "0"}, {"angle": "0", "component_id": "S03G11", "fiber": "F06", "fromLeft": "9.8", "fromRight": "0.0", "fromTop": "0.508", "note": "last", "sensor": "25", "sensorSpacing": "1.225", "sensor_type": "strain", "side": "top", "type": "sensor", "x": "9.8", "y": "0"}], "F07": [{"angle": "0", "component_id": "P01CR01", "fiber": "F07", "fromLeft": "10.474", "fromRight": "0.966", "fromTop": "0.33", "note": "", "sensor": "1", "sensorSpacing": "10.474", "sensor_type": "strain", "side": "right", "type": "sensor", "x": "10.474", "y": "0.33"}, {"angle": "90", "component_id": "P01CR01", "fiber": "F07", "fromLeft": "10.474", "fromRight": "0.966", "fromTop": "0.33", "note": "", "sensor": "2", "sensorSpacing": "0.0", "sensor_type": "strain", "side": "right", "type": "sensor", "x": "10.474", "y": "0.33"}, {"angle": "45", "component_id": "P01CR01", "fiber": "F07", "fromLeft": "10.474", "fromRight": "0.966", "fromTop": "0.33", "note": "", "sensor": "3", "sensorSpacing": "0.0", "sensor_type": "strain", "side": "right", "type": "sensor", "x": "10.474", "y": "0.33"}, {"angle": "0", "component_id": "P01CR01", "fiber": "F07", "fromLeft": "11.44", "fromRight": "0.0", "fromTop": "0.72", "note": "first", "sensor": "8", "sensorSpacing": "0.0", "sensor_type": "strain", "side": "bottom", "type": "sensor", "x": "11.44", "y": "0.72"}, {"angle": "0", "component_id": "P01CR01", "fiber": "F07", "fromLeft": "5.72", "fromRight": "5.72", "fromTop": "0.72", "note": "midspan", "sensor": "9", "sensorSpacing": "5.72", "sensor_type": "strain", "side": "bottom", "type": "sensor", "x": "5.72", "y": "0.72"}, {"angle": "0", "component_id": "P01CR01", "fiber": "F07", "fromLeft": "0.0", "fromRight": "11.44", "fromTop": "0.72", "note": "last", "sensor": "10", "sensorSpacing": "5.72", "sensor_type": "strain", "side": "bottom", "type": "sensor", "x": "0.0", "y": "0.72"}, {"angle": "0", "component_id": "P01CR01", "fiber": "F07", "fromLeft": "11.44", "fromRight": "0.0", "fromTop": "0.72", "note": "first", "sensor": "15", "sensorSpacing": "0.0", "sensor_type": "strain", "side": "bottom", "type": "sensor", "x": "11.44", "y": "0.72"}, {"angle": "0", "component_id": "P01CR01", "fiber": "F07", "fromLeft": "5.72", "fromRight": "5.72", "fromTop": "0.72", "note": "midspan", "sensor": "16", "sensorSpacing": "5.72", "sensor_type": "strain", "side": "bottom", "type": "sensor", "x": "5.72", "y": "0.72"}, {"angle": "0", "component_id": "P01CR01", "fiber": "F07", "fromLeft": "0.0", "fromRight": "11.44", "fromTop": "0.72", "note": "last", "sensor": "17", "sensorSpacing": "5.72", "sensor_type": "strain", "side": "bottom", "type": "sensor", "x": "0.0", "y": "0.72"}, {"angle": "0", "component_id": "P01CR01", "fiber": "F07", "fromLeft": "11.44", "fromRight": "0.0", "fromTop": "0.72", "note": "first", "sensor": "22", "sensorSpacing": "0.0", "sensor_type": "strain", "side": "right", "type": "sensor", "x": "11.44", "y": "0.72"}, {"angle": "0", "component_id": "P01CR01", "fiber": "F07", "fromLeft": "5.72", "fromRight": "5.72", "fromTop": "0.72", "note": "midspan", "sensor": "23", "sensorSpacing": "5.72", "sensor_type": "strain", "side": "right", "type": "sensor", "x": "5.72", "y": "0.72"}, {"angle": "0", "component_id": "P01CR01", "fiber": "F07", "fromLeft": "0.0", "fromRight": "11.44", "fromTop": "0.72", "note": "last", "sensor": "24", "sensorSpacing": "5.72", "sensor_type": "strain", "side": "right", "type": "sensor", "x": "0.0", "y": "0.72"}, {"angle": "0", "component_id": "P01CR01", "fiber": "F07", "fromLeft": "4.166", "fromRight": "7.274", "fromTop": "0.05", "note": "", "sensor": "25", "sensorSpacing": "4.166", "sensor_type": "temperature", "side": "right", "type": "sensor", "x": "4.166", "y": "0.05"}, {"angle": "0", "component_id": "P01C03", "fiber": "F07", "fromLeft": "0", "fromRight": "3", "fromTop": "0.0", "note": "first", "sensor": "4", "sensorSpacing": "0", "sensor_type": "strain", "side": "down", "type": "sensor", "x": "0.0", "y": "0"}, {"angle": "0", "component_id": "P01C03", "fiber": "F07", "fromLeft": "1.0", "fromRight": "2.0", "fromTop": "0.0", "note": "", "sensor": "5", "sensorSpacing": "1.0", "sensor_type": "strain", "side": "down", "type": "sensor", "x": "0.0", "y": "1.0"}, {"angle": "0", "component_id": "P01C03", "fiber": "F07", "fromLeft": "2.0", "fromRight": "1.0", "fromTop": "0.0", "note": "", "sensor": "6", "sensorSpacing": "1.0", "sensor_type": "strain", "side": "down", "type": "sensor", "x": "0.0", "y": "2.0"}, {"angle": "0", "component_id": "P01C03", "fiber": "F07", "fromLeft": "3.0", "fromRight": "0.0", "fromTop": "0.0", "note": "last", "sensor": "7", "sensorSpacing": "1.0", "sensor_type": "strain", "side": "down", "type": "sensor", "x": "0.0", "y": "3.0"}, {"angle": "0", "component_id": "P01C02", "fiber": "F07", "fromLeft": "0", "fromRight": "3", "fromTop": "0.0", "note": "first", "sensor": "11", "sensorSpacing": "0", "sensor_type": "strain", "side": "down", "type": "sensor", "x": "0.0", "y": "0"}, {"angle": "0", "component_id": "P01C02", "fiber": "F07", "fromLeft": "1.0", "fromRight": "2.0", "fromTop": "0.0", "note": "", "sensor": "12", "sensorSpacing": "1.0", "sensor_type": "strain", "side": "down", "type": "sensor", "x": "0.0", "y": "1.0"}, {"angle": "0", "component_id": "P01C02", "fiber": "F07", "fromLeft": "2.0", "fromRight": "1.0", "fromTop": "0.0", "note": "", "sensor": "13", "sensorSpacing": "1.0", "sensor_type": "strain", "side": "down", "type": "sensor", "x": "0.0", "y": "2.0"}, {"angle": "0", "component_id": "P01C02", "fiber": "F07", "fromLeft": "3.0", "fromRight": "0.0", "fromTop": "0.0", "note": "last", "sensor": "14", "sensorSpacing": "1.0", "sensor_type": "strain", "side": "down", "type": "sensor", "x": "0.0", "y": "3.0"}, {"angle": "0", "component_id": "P01C01", "fiber": "F07", "fromLeft": "0", "fromRight": "3", "fromTop": "0.0", "note": "first", "sensor": "18", "sensorSpacing": "0", "sensor_type": "strain", "side": "down", "type": "sensor", "x": "0.0", "y": "0"}, {"angle": "0", "component_id": "P01C01", "fiber": "F07", "fromLeft": "1.0", "fromRight": "2.0", "fromTop": "0.0", "note": "", "sensor": "19", "sensorSpacing": "1.0", "sensor_type": "strain", "side": "down", "type": "sensor", "x": "0.0", "y": "1.0"}, {"angle": "0", "component_id": "P01C01", "fiber": "F07", "fromLeft": "2.0", "fromRight": "1.0", "fromTop": "0.0", "note": "", "sensor": "20", "sensorSpacing": "1.0", "sensor_type": "strain", "side": "down", "type": "sensor", "x": "0.0", "y": "2.0"}, {"angle": "0", "component_id": "P01C01", "fiber": "F07", "fromLeft": "3.0", "fromRight": "0.0", "fromTop": "0.0", "note": "last", "sensor": "21", "sensorSpacing": "1.0", "sensor_type": "strain", "side": "down", "type": "sensor", "x": "0.0", "y": "3.0"}], "F08": [{"angle": "0", "component_id": "P02CR01", "fiber": "F08", "fromLeft": "10.474", "fromRight": "0.966", "fromTop": "0.33", "note": "", "sensor": "1", "sensorSpacing": "10.474", "sensor_type": "strain", "side": "right", "type": "sensor", "x": "10.474", "y": "0.33"}, {"angle": "90", "component_id": "P02CR01", "fiber": "F08", "fromLeft": "10.474", "fromRight": "0.966", "fromTop": "0.33", "note": "", "sensor": "2", "sensorSpacing": "0.0", "sensor_type": "strain", "side": "right", "type": "sensor", "x": "10.474", "y": "0.33"}, {"angle": "45", "component_id": "P02CR01", "fiber": "F08", "fromLeft": "10.474", "fromRight": "0.966", "fromTop": "0.33", "note": "", "sensor": "3", "sensorSpacing": "0.0", "sensor_type": "strain", "side": "right", "type": "sensor", "x": "10.474", "y": "0.33"}, {"angle": "0", "component_id": "P02CR01", "fiber": "F08", "fromLeft": "11.44", "fromRight": "0.0", "fromTop": "0.72", "note": "first", "sensor": "8", "sensorSpacing": "0.0", "sensor_type": "strain", "side": "bottom", "type": "sensor", "x": "11.44", "y": "0.72"}, {"angle": "0", "component_id": "P02CR01", "fiber": "F08", "fromLeft": "5.72", "fromRight": "5.72", "fromTop": "0.72", "note": "midspan", "sensor": "9", "sensorSpacing": "5.72", "sensor_type": "strain", "side": "bottom", "type": "sensor", "x": "5.72", "y": "0.72"}, {"angle": "0", "component_id": "P02CR01", "fiber": "F08", "fromLeft": "0.0", "fromRight": "11.44", "fromTop": "0.72", "note": "last", "sensor": "10", "sensorSpacing": "5.72", "sensor_type": "strain", "side": "bottom", "type": "sensor", "x": "0.0", "y": "0.72"}, {"angle": "0", "component_id": "P02CR01", "fiber": "F08", "fromLeft": "11.44", "fromRight": "0.0", "fromTop": "0.72", "note": "first", "sensor": "15", "sensorSpacing": "0.0", "sensor_type": "strain", "side": "bottom", "type": "sensor", "x": "11.44", "y": "0.72"}, {"angle": "0", "component_id": "P02CR01", "fiber": "F08", "fromLeft": "5.72", "fromRight": "5.72", "fromTop": "0.72", "note": "midspan", "sensor": "16", "sensorSpacing": "5.72", "sensor_type": "strain", "side": "bottom", "type": "sensor", "x": "5.72", "y": "0.72"}, {"angle": "0", "component_id": "P02CR01", "fiber": "F08", "fromLeft": "0.0", "fromRight": "11.44", "fromTop": "0.72", "note": "last", "sensor": "17", "sensorSpacing": "5.72", "sensor_type": "strain", "side": "bottom", "type": "sensor", "x": "0.0", "y": "0.72"}, {"angle": "0", "component_id": "P02CR01", "fiber": "F08", "fromLeft": "11.44", "fromRight": "0.0", "fromTop": "0.72", "note": "first", "sensor": "22", "sensorSpacing": "0.0", "sensor_type": "strain", "side": "right", "type": "sensor", "x": "11.44", "y": "0.72"}, {"angle": "0", "component_id": "P02CR01", "fiber": "F08", "fromLeft": "5.72", "fromRight": "5.72", "fromTop": "0.72", "note": "midspan", "sensor": "23", "sensorSpacing": "5.72", "sensor_type": "strain", "side": "right", "type": "sensor", "x": "5.72", "y": "0.72"}, {"angle": "0", "component_id": "P02CR01", "fiber": "F08", "fromLeft": "0.0", "fromRight": "11.44", "fromTop": "0.72", "note": "last", "sensor": "24", "sensorSpacing": "5.72", "sensor_type": "strain", "side": "right", "type": "sensor", "x": "0.0", "y": "0.72"}, {"angle": "0", "component_id": "P02CR01", "fiber": "F08", "fromLeft": "4.166", "fromRight": "7.274", "fromTop": "0.05", "note": "", "sensor": "25", "sensorSpacing": "4.166", "sensor_type": "temperature", "side": "right", "type": "sensor", "x": "4.166", "y": "0.05"}, {"angle": "0", "component_id": "P02C03", "fiber": "F08", "fromLeft": "0", "fromRight": "3", "fromTop": "0.0", "note": "first", "sensor": "4", "sensorSpacing": "0", "sensor_type": "strain", "side": "down", "type": "sensor", "x": "0.0", "y": "0"}, {"angle": "0", "component_id": "P02C03", "fiber": "F08", "fromLeft": "1.0", "fromRight": "2.0", "fromTop": "0.0", "note": "", "sensor": "5", "sensorSpacing": "1.0", "sensor_type": "strain", "side": "down", "type": "sensor", "x": "0.0", "y": "1.0"}, {"angle": "0", "component_id": "P02C03", "fiber": "F08", "fromLeft": "2.0", "fromRight": "1.0", "fromTop": "0.0", "note": "", "sensor": "6", "sensorSpacing": "1.0", "sensor_type": "strain", "side": "down", "type": "sensor", "x": "0.0", "y": "2.0"}, {"angle": "0", "component_id": "P02C03", "fiber": "F08", "fromLeft": "3.0", "fromRight": "0.0", "fromTop": "0.0", "note": "last", "sensor": "7", "sensorSpacing": "1.0", "sensor_type": "strain", "side": "down", "type": "sensor", "x": "0.0", "y": "3.0"}, {"angle": "0", "component_id": "P02C02", "fiber": "F08", "fromLeft": "0", "fromRight": "3", "fromTop": "0.0", "note": "first", "sensor": "11", "sensorSpacing": "0", "sensor_type": "strain", "side": "down", "type": "sensor", "x": "0.0", "y": "0"}, {"angle": "0", "component_id": "P02C02", "fiber": "F08", "fromLeft": "1.0", "fromRight": "2.0", "fromTop": "0.0", "note": "", "sensor": "12", "sensorSpacing": "1.0", "sensor_type": "strain", "side": "down", "type": "sensor", "x": "0.0", "y": "1.0"}, {"angle": "0", "component_id": "P02C02", "fiber": "F08", "fromLeft": "2.0", "fromRight": "1.0", "fromTop": "0.0", "note": "", "sensor": "13", "sensorSpacing": "1.0", "sensor_type": "strain", "side": "down", "type": "sensor", "x": "0.0", "y": "2.0"}, {"angle": "0", "component_id": "P02C02", "fiber": "F08", "fromLeft": "3.0", "fromRight": "0.0", "fromTop": "0.0", "note": "last", "sensor": "14", "sensorSpacing": "1.0", "sensor_type": "strain", "side": "down", "type": "sensor", "x": "0.0", "y": "3.0"}, {"angle": "0", "component_id": "P02C01", "fiber": "F08", "fromLeft": "0", "fromRight": "3", "fromTop": "0.0", "note": "first", "sensor": "18", "sensorSpacing": "0", "sensor_type": "strain", "side": "down", "type": "sensor", "x": "0.0", "y": "0"}, {"angle": "0", "component_id": "P02C01", "fiber": "F08", "fromLeft": "1.0", "fromRight": "2.0", "fromTop": "0.0", "note": "", "sensor": "19", "sensorSpacing": "1.0", "sensor_type": "strain", "side": "down", "type": "sensor", "x": "0.0", "y": "1.0"}, {"angle": "0", "component_id": "P02C01", "fiber": "F08", "fromLeft": "2.0", "fromRight": "1.0", "fromTop": "0.0", "note": "", "sensor": "20", "sensorSpacing": "1.0", "sensor_type": "strain", "side": "down", "type": "sensor", "x": "0.0", "y": "2.0"}, {"angle": "0", "component_id": "P02C01", "fiber": "F08", "fromLeft": "3.0", "fromRight": "0.0", "fromTop": "0.0", "note": "last", "sensor": "21", "sensorSpacing": "1.0", "sensor_type": "strain", "side": "down", "type": "sensor", "x": "0.0", "y": "3.0"}], "display-algorithm": "", "deflection": [{"algorithm_type": "girder_deflection", "component_id": "P01C03", "fiber_id": "F07", "id": "D01", "sensor_type": "sensor_pair_array", "sensors_bottom": [15, 16, 17, 22, 23, 24], "sensors_top": [8, 9, 10, 15, 16, 17], "type": "algorithm"}, {"algorithm_type": "girder_deflection", "component_id": "P01C02", "fiber_id": "F07", "id": "D02", "sensor_type": "sensor_pair_array", "sensors_bottom": [6, 7], "sensors_top": [4, 5], "type": "algorithm"}, {"algorithm_type": "girder_deflection", "component_id": "P01C01", "fiber_id": "F07", "id": "D03", "sensor_type": "sensor_pair_array", "sensors_bottom": [13, 14], "sensors_top": [11, 12], "type": "algorithm"}, {"algorithm_type": "girder_deflection", "component_id": "P02CR01", "fiber_id": "F07", "id": "D04", "sensor_type": "sensor_pair_array", "sensors_bottom": [20, 21], "sensors_top": [18, 19], "type": "algorithm"}, {"algorithm_type": "girder_deflection", "component_id": "P02C03", "fiber_id": "F08", "id": "D05", "sensor_type": "sensor_pair_array", "sensors_bottom": [15, 16, 17, 22, 23, 24], "sensors_top": [8, 9, 10, 15, 16, 17], "type": "algorithm"}, {"algorithm_type": "girder_deflection", "component_id": "P02C02", "fiber_id": "F08", "id": "D06", "sensor_type": "sensor_pair_array", "sensors_bottom": [6, 7], "sensors_top": [4, 5], "type": "algorithm"}, {"algorithm_type": "girder_deflection", "component_id": "P02C01", "fiber_id": "F08", "id": "D07", "sensor_type": "sensor_pair_array", "sensors_bottom": [13, 14], "sensors_top": [11, 12], "type": "algorithm"}, {"algorithm_type": "girder_deflection", "component_id": "P02C01", "fiber_id": "F08", "id": "D08", "sensor_type": "sensor_pair_array", "sensors_bottom": [20, 21], "sensors_top": [18, 19], "type": "algorithm"}], "shear": [{"algorithm_type": "girder_shear", "component_id": "P01CR01", "fiber_id": "F07", "id": "SH01", "rosette_0": 1, "rosette_45": 3, "rosette_90": 2, "sensor_type": "3d_rosette", "type": "algorithm"}, {"algorithm_type": "girder_shear", "component_id": "P02CR01", "fiber_id": "F08", "id": "SH02", "rosette_0": 1, "rosette_45": 3, "rosette_90": 2, "sensor_type": "3d_rosette", "type": "algorithm"}], "bending_moment": [{"algorithm_type": "girder_bending_moment", "component_id": "P01CR01", "fiber_id": "F07", "id": "BM01", "sensor_bottom": 15, "sensor_top": 8, "sensor_type": "sensor_pair", "type": "algorithm"}, {"algorithm_type": "girder_bending_moment", "component_id": "P01CR01", "fiber_id": "F07", "id": "BM02", "sensor_bottom": 16, "sensor_top": 9, "sensor_type": "sensor_pair", "type": "algorithm"}, {"algorithm_type": "girder_bending_moment", "component_id": "P01CR01", "fiber_id": "F07", "id": "BM03", "sensor_bottom": 17, "sensor_top": 10, "sensor_type": "sensor_pair", "type": "algorithm"}, {"algorithm_type": "girder_bending_moment", "component_id": "P01CR01", "fiber_id": "F07", "id": "BM04", "sensor_bottom": 22, "sensor_top": 15, "sensor_type": "sensor_pair", "type": "algorithm"}, {"algorithm_type": "girder_bending_moment", "component_id": "P01CR01", "fiber_id": "F07", "id": "BM05", "sensor_bottom": 23, "sensor_top": 16, "sensor_type": "sensor_pair", "type": "algorithm"}, {"algorithm_type": "girder_bending_moment", "component_id": "P01CR01", "fiber_id": "F07", "id": "BM06", "sensor_bottom": 24, "sensor_top": 17, "sensor_type": "sensor_pair", "type": "algorithm"}, {"algorithm_type": "girder_bending_moment", "component_id": "P01C03", "fiber_id": "F07", "id": "BM07", "sensor_bottom": 6, "sensor_top": 4, "sensor_type": "sensor_pair", "type": "algorithm"}, {"algorithm_type": "girder_bending_moment", "component_id": "P01C03", "fiber_id": "F07", "id": "BM08", "sensor_bottom": 7, "sensor_top": 5, "sensor_type": "sensor_pair", "type": "algorithm"}, {"algorithm_type": "girder_bending_moment", "component_id": "P01C02", "fiber_id": "F07", "id": "BM09", "sensor_bottom": 13, "sensor_top": 11, "sensor_type": "sensor_pair", "type": "algorithm"}, {"algorithm_type": "girder_bending_moment", "component_id": "P01C02", "fiber_id": "F07", "id": "BM10", "sensor_bottom": 14, "sensor_top": 12, "sensor_type": "sensor_pair", "type": "algorithm"}, {"algorithm_type": "girder_bending_moment", "component_id": "P01C01", "fiber_id": "F07", "id": "BM11", "sensor_bottom": 20, "sensor_top": 18, "sensor_type": "sensor_pair", "type": "algorithm"}, {"algorithm_type": "girder_bending_moment", "component_id": "P01C01", "fiber_id": "F07", "id": "BM12", "sensor_bottom": 21, "sensor_top": 19, "sensor_type": "sensor_pair", "type": "algorithm"}, {"algorithm_type": "girder_bending_moment", "component_id": "P02CR01", "fiber_id": "F08", "id": "BM13", "sensor_bottom": 15, "sensor_top": 8, "sensor_type": "sensor_pair", "type": "algorithm"}, {"algorithm_type": "girder_bending_moment", "component_id": "P02CR01", "fiber_id": "F08", "id": "BM14", "sensor_bottom": 16, "sensor_top": 9, "sensor_type": "sensor_pair", "type": "algorithm"}, {"algorithm_type": "girder_bending_moment", "component_id": "P02CR01", "fiber_id": "F08", "id": "BM15", "sensor_bottom": 17, "sensor_top": 10, "sensor_type": "sensor_pair", "type": "algorithm"}, {"algorithm_type": "girder_bending_moment", "component_id": "P02CR01", "fiber_id": "F08", "id": "BM16", "sensor_bottom": 22, "sensor_top": 15, "sensor_type": "sensor_pair", "type": "algorithm"}, {"algorithm_type": "girder_bending_moment", "component_id": "P02CR01", "fiber_id": "F08", "id": "BM17", "sensor_bottom": 23, "sensor_top": 16, "sensor_type": "sensor_pair", "type": "algorithm"}, {"algorithm_type": "girder_bending_moment", "component_id": "P02CR01", "fiber_id": "F08", "id": "BM18", "sensor_bottom": 24, "sensor_top": 17, "sensor_type": "sensor_pair", "type": "algorithm"}, {"algorithm_type": "girder_bending_moment", "component_id": "P02C03", "fiber_id": "F08", "id": "BM19", "sensor_bottom": 6, "sensor_top": 4, "sensor_type": "sensor_pair", "type": "algorithm"}, {"algorithm_type": "girder_bending_moment", "component_id": "P02C03", "fiber_id": "F08", "id": "BM20", "sensor_bottom": 7, "sensor_top": 5, "sensor_type": "sensor_pair", "type": "algorithm"}, {"algorithm_type": "girder_bending_moment", "component_id": "P02C02", "fiber_id": "F08", "id": "BM21", "sensor_bottom": 13, "sensor_top": 11, "sensor_type": "sensor_pair", "type": "algorithm"}, {"algorithm_type": "girder_bending_moment", "component_id": "P02C02", "fiber_id": "F08", "id": "BM22", "sensor_bottom": 14, "sensor_top": 12, "sensor_type": "sensor_pair", "type": "algorithm"}, {"algorithm_type": "girder_bending_moment", "component_id": "P02C01", "fiber_id": "F08", "id": "BM23", "sensor_bottom": 20, "sensor_top": 18, "sensor_type": "sensor_pair", "type": "algorithm"}, {"algorithm_type": "girder_bending_moment", "component_id": "P02C01", "fiber_id": "F08", "id": "BM24", "sensor_bottom": 21, "sensor_top": 19, "sensor_type": "sensor_pair", "type": "algorithm"}], "path": "dis-as-design"}, "access": [], "metadata": {"selectData": {"classification": {"label": "I-B"}, "jinja_template": {"label": "V2.1"}}, "timezone": "Australia/Melbourne", "offset": 600, "origin": "http://192.168.1.6:8000", "referrer": "http://192.168.1.6:8000/designer/edit/bridge-overview/**%20New%20**", "browserName": "Netscape", "userAgent": "Mozilla/5.0 (Macintosh; Intel Mac OS X 10_15_7) AppleWebKit/537.36 (KHTML, like Gecko) Chrome/102.0.5005.61 Safari/537.36", "pathName": "/designer/edit/dis-as-design/AU-3DEA-BR3955", "onLine": true}, "form": "62f5ccaf54d20a0129e4c043", "externalIds": [], "created": "2022-08-12T03:44:51.104Z", "modified": "2022-08-12T06:09:03.074Z"}