{"_id": "62f5ccb054d20a48b7e4c047", "owner": "627ddf364022c591c1b05f1b", "roles": [], "data": {"eloque_id": "AU-03FOR-BR3963", "bridge_name": "Forest", "asset_id": "3FOR_3963", "sharepoint_name": "3FOR-3963", "structure_id": "SN3963", "classification": ["I-A"], "_version": 11, "_form_version": "0", "save-excel": true, "update-as-built": false, "update-metadata": false, "update-json": false, "jinja_template": "v2.1", "display-page": "", "feature_crossed": "", "road_name": "", "coordinates_latitude": "-38.50906", "coordinates_longitude": "143.71857", "deck_width": "0", "skew_angle": "0", "down": "", "up": "", "left": "", "right": "", "left2right": "", "right2left": "", "lanes": [{"laneType": "", "lane_direction": "", "lane_id": {}, "lane_width": "", "transverse_coordinates": 0, "transverse_id": ""}], "structure": [{"componentId": "", "componentType": {}, "superstructureLane": {}}], "componentTypes": [{"componentType": "", "effective_area": "", "effective_area_moment_of_inertia": "", "effective_shear_modulus": "", "effective_youngs_modulus": "", "flangeWidth1": "", "flangeWidth2": "", "height": "", "length": "", "structureSubType": "", "structureType": "", "weight": "", "width": ""}], "fiber_mapping": [{"asset_id": "3FOR_3963", "fiber_id": "F01", "fiber_type": 41200256, "physical_fiber": 1}, {"asset_id": "3FOR_3963", "fiber_id": "F02", "fiber_type": 41200256, "physical_fiber": 2}, {"asset_id": "3FOR_3963", "fiber_id": "F03", "fiber_type": 41200256, "physical_fiber": 3}, {"asset_id": "3FOR_3963", "fiber_id": "F04", "fiber_type": 41200256, "physical_fiber": 4}, {"asset_id": "3FOR_3963", "fiber_id": "F05", "fiber_type": 41200256, "physical_fiber": 5}, {"asset_id": "3FOR_3963", "fiber_id": "F06", "fiber_type": 41200256, "physical_fiber": 6}, {"asset_id": "3FOR_3963", "fiber_id": "F07", "fiber_type": 41200256, "physical_fiber": 7}, {"asset_id": "3FOR_3963", "fiber_id": "F08", "fiber_type": 41200256, "physical_fiber": 8}], "F01": [{"angle": "", "component_id": "", "sensor": "", "sensor_type": "", "side": "", "x": "", "y": ""}], "F02": [{"angle": "", "component_id": "", "sensor": "", "sensor_type": "", "side": "", "x": "", "y": ""}], "F03": [{"angle": "", "component_id": "", "sensor": "", "sensor_type": "", "side": "", "x": "", "y": ""}], "F04": [{"angle": "", "component_id": "", "sensor": "", "sensor_type": "", "side": "", "x": "", "y": ""}], "F05": [{"angle": "", "component_id": "", "sensor": "", "sensor_type": "", "side": "", "x": "", "y": ""}], "F06": [{"angle": "", "component_id": "", "sensor": "", "sensor_type": "", "side": "", "x": "", "y": ""}], "F07": [{"angle": "", "component_id": "", "sensor": "", "sensor_type": "", "side": "", "x": "", "y": ""}], "F08": [{"angle": "", "component_id": "", "sensor": "", "sensor_type": "", "side": "", "x": "", "y": ""}], "display-algorithm": "", "deflection": [{"component_id": "", "fiber_id": "", "id": "", "sensors_bottom": "", "sensors_top": ""}], "shear": [{"component_id": "", "fiber_id": "", "id": "", "rosette_0": "", "rosette_45": "", "rosette_90": ""}], "bending_moment": [{"component_id": "", "fiber_id": "", "id": "", "sensor_bottom": "", "sensor_top": ""}], "path": "dis-as-design"}, "access": [], "metadata": {"selectData": {"classification": {"label": "I-A"}, "jinja_template": {"label": "V2.1"}}, "timezone": "Australia/Melbourne", "offset": 600, "origin": "http://192.168.1.5:8000", "referrer": "http://192.168.1.5:8000/designer/edit/bridge-overview/AU-03FOR-BR3963", "browserName": "Netscape", "userAgent": "Mozilla/5.0 (Macintosh; Intel Mac OS X 10_15_7) AppleWebKit/537.36 (KHTML, like Gecko) Chrome/102.0.0.0 Safari/537.36", "pathName": "/designer/edit/dis-as-design/AU-03FOR-BR3963", "onLine": true}, "form": "62f5ccaf54d20a0129e4c043", "externalIds": [], "created": "2022-08-12T03:44:48.418Z", "modified": "2022-08-12T06:09:09.915Z"}