{"_id": "62f5cc8b54d20ab3ede4bfd3", "owner": "627ddf364022c591c1b05f1b", "roles": [], "data": {"eloque_id": "AU-03INV-BR8474", "eloque_id2": "AU-03INV-BR8474", "bridge_name": "Inverleigh", "asset_id": "3INV_8474", "sharepoint_name": "3INV-8474", "_version": 2, "_form_version": "0", "structure_id": "SN8474", "asset_owner": "", "classification": ["I-A"], "design_status": "as-designed", "sensor_type": "eloque-fiber", "ops_dashboard_link": "", "app_dashboard_link": "https://app.eloque.com/?gid=f088744b-594a-453b-a90d-a61242f78a70&pid=0&gid0=5e8455a9-9672-48e0-9370-c25b6318e05f&gid1=e8a4505b-dfb4-4506-9ea7-29c871d8b93f&gid2=7066ff1f-4555-4da2-abd0-01ab627b3389&gid3=b58125ec-e1c3-4f05-92af-96107152c6da&kv=0&dashid=a4cb7b24-d5a7-4169-9dd1-3e081e449032", "coordinates_latitude": -38.09985, "coordinates_longitude": 144.06287, "path": "bridge-overview"}, "access": [], "metadata": {"browserName": "Netscape", "offset": 600, "onLine": true, "origin": "http://192.168.1.5:8000", "pathName": "/designer/edit/bridge-overview/**%20New%20**", "referrer": "http://192.168.1.5:8000/designer/login", "selectData": {"asset_type": {"label": "Rail"}, "classification": {"label": "I-A"}, "country": {"label": "New Zealand"}, "design_status": {"label": "As Designed"}, "state": {"label": "California"}}, "timezone": "Australia/Melbourne", "userAgent": "Mozilla/5.0 (Macintosh; Intel Mac OS X 10_15_7) AppleWebKit/537.36 (KHTML, like Gecko) Chrome/102.0.0.0 Safari/537.36"}, "form": "62f5cc8954d20ae550e4bfcb", "externalIds": [], "created": "2022-08-12T03:44:11.303Z", "modified": "2022-08-12T06:08:18.590Z"}