{"_id": "62f5cc8954d20a6424e4bfcd", "owner": "627ddf364022c591c1b05f1b", "roles": [], "data": {"eloque_id": "AU-03LIS-BR3614", "eloque_id2": "AU-03LIS-BR3614", "bridge_name": "Lismore", "asset_id": "3LIS_3614", "sharepoint_name": "3LIS_3614", "_version": 3, "_form_version": "0", "structure_id": "SN3614", "asset_owner": "", "classification": ["I-B"], "design_status": "designUpdate", "sensor_type": "eloque-fiber", "ops_dashboard_link": "", "app_dashboard_link": "", "coordinates_latitude": -37.95238, "coordinates_longitude": 143.37926, "path": "bridge-overview"}, "access": [], "metadata": {"browserName": "Netscape", "offset": 600, "onLine": true, "origin": "http://192.168.1.5:8000", "pathName": "/designer/edit/bridge-overview/**%20New%20**", "referrer": "http://192.168.1.5:8000/designer/login", "selectData": {"asset_type": {"label": "Rail"}, "classification": {"label": "I-B"}, "country": {"label": "New Zealand"}, "design_status": {"label": "Design Update"}, "state": {"label": "California"}}, "timezone": "Australia/Melbourne", "userAgent": "Mozilla/5.0 (Macintosh; Intel Mac OS X 10_15_7) AppleWebKit/537.36 (KHTML, like Gecko) Chrome/102.0.0.0 Safari/537.36"}, "form": "62f5cc8954d20ae550e4bfcb", "externalIds": [], "created": "2022-08-12T03:44:09.602Z", "modified": "2022-08-12T06:08:19.136Z"}