{"_id": "62f5cc8b54d20a3128e4bfd2", "owner": "627ddf364022c591c1b05f1b", "roles": [], "data": {"eloque_id": "AU-03FOR-BR3963", "eloque_id2": "AU-03FOR-BR3963", "bridge_name": "Forest", "asset_id": "3FOR_3963", "sharepoint_name": "3FOR-3963", "_version": 1, "_form_version": "0", "structure_id": "SN3963", "asset_owner": "", "classification": ["I-A"], "design_status": "as-designed", "sensor_type": "eloque-fiber", "ops_dashboard_link": "", "app_dashboard_link": "https://app.eloque.com/?pid=0&gid=8077a521-daa0-4bdf-b1e8-d78ee9bc90ba&gid0=2769c921-60c1-4794-af59-1fa6001144c6&gid1=6a16f733-693e-4007-9d22-db926d15e3ac&gid2=c496512d-b5c2-4ed2-858c-8fe0d17ccaec&gid3=b58125ec-e1c3-4f05-92af-96107152c6da&kv=0&dashid=562e3055-1a2d-4686-b216-e52dcaff62e1", "coordinates_latitude": -38.50906, "coordinates_longitude": 143.71857, "path": "bridge-overview"}, "access": [], "metadata": {"selectData": {"country": {"label": "Australia"}, "state": {"label": "Victoria"}, "asset_type": {"label": "Bridge"}, "classification": {"label": "I-A"}, "design_status": {"label": "As Designed"}}, "timezone": "Australia/Melbourne", "offset": 600, "origin": "http://192.168.1.5:8000", "referrer": "http://192.168.1.5:8000/designer/login", "browserName": "Netscape", "userAgent": "Mozilla/5.0 (Macintosh; Intel Mac OS X 10_15_7) AppleWebKit/537.36 (KHTML, like Gecko) Chrome/102.0.0.0 Safari/537.36", "pathName": "/designer/edit/bridge-overview/**%20New%20**", "onLine": true}, "form": "62f5cc8954d20ae550e4bfcb", "externalIds": [], "created": "2022-08-12T03:44:11.107Z", "modified": "2022-08-12T06:08:21.656Z"}