{"_id": "62f5cc8a54d20ac665e4bfd1", "owner": "627ddf364022c591c1b05f1b", "roles": [], "data": {"eloque_id": "AU-03INV-BR3595", "eloque_id2": "AU-03INV-BR3595", "bridge_name": "Inverleigh", "asset_id": "3INV_SN3595", "sharepoint_name": "3INV-3595", "_version": 2, "_form_version": "0", "structure_id": "SN3595", "asset_owner": "", "classification": ["I-A"], "design_status": "as-designed", "sensor_type": "eloque-fiber", "ops_dashboard_link": "", "app_dashboard_link": "https://app.eloque.com/?pid=0&gid=a3bb5be3-c5b3-462d-9783-6f2df4104d3c&gid0=d288f59b-a6cc-4a7d-a0e5-6db53f0759bc&gid1=d1619fb2-112e-420c-8887-3effba921104&gid2=ef250b17-8299-41d8-af37-fa98c5da49bb&gid3=b58125ec-e1c3-4f05-92af-96107152c6da&kv=0&dashid=fe352d58-e879-431f-b893-dd33917d6f59", "coordinates_latitude": -38.09408, "coordinates_longitude": 144.10387, "path": "bridge-overview"}, "access": [], "metadata": {"browserName": "Netscape", "offset": 600, "onLine": true, "origin": "http://192.168.1.5:8000", "pathName": "/designer/edit/bridge-overview/**%20New%20**", "referrer": "http://192.168.1.5:8000/designer/login", "selectData": {"asset_type": {"label": "Rail"}, "classification": {"label": "I-A"}, "country": {"label": "New Zealand"}, "design_status": {"label": "As Designed"}, "state": {"label": "California"}}, "timezone": "Australia/Melbourne", "userAgent": "Mozilla/5.0 (Macintosh; Intel Mac OS X 10_15_7) AppleWebKit/537.36 (KHTML, like Gecko) Chrome/102.0.0.0 Safari/537.36"}, "form": "62f5cc8954d20ae550e4bfcb", "externalIds": [], "created": "2022-08-12T03:44:10.915Z", "modified": "2022-08-12T06:08:23.974Z"}