{"_id": "62f5cc8a54d20adf55e4bfd0", "owner": "627ddf364022c591c1b05f1b", "roles": [], "data": {"eloque_id": "AU-03BLA-BR3734", "eloque_id2": "AU-03BLA-BR3734", "bridge_name": "Blackwood", "asset_id": "3BLA_3734", "sharepoint_name": "3BLA-3734", "_version": 5, "_form_version": "0", "structure_id": "SN3734", "asset_owner": "", "classification": ["I-B"], "design_status": "designUpdate", "sensor_type": "eloque-fiber", "ops_dashboard_link": "", "app_dashboard_link": "", "coordinates_latitude": -37.46906, "coordinates_longitude": 144.30513, "path": "bridge-overview"}, "access": [], "metadata": {"browserName": "Netscape", "offset": 600, "onLine": true, "origin": "http://192.168.1.6:8000", "pathName": "/designer/edit/bridge-overview/**%20New%20**", "referrer": "http://192.168.1.6:8000/designer/login", "selectData": {"classification": {"label": "I-B"}, "design_status": {"label": "Design Update"}, "country": {"label": "New Zealand"}, "state": {"label": "California"}, "asset_type": {"label": "Rail"}}, "timezone": "Australia/Melbourne", "userAgent": "Mozilla/5.0 (Macintosh; Intel Mac OS X 10_15_7) AppleWebKit/537.36 (KHTML, like Gecko) Chrome/102.0.5005.61 Safari/537.36"}, "form": "62f5cc8954d20ae550e4bfcb", "externalIds": [], "created": "2022-08-12T03:44:10.712Z", "modified": "2022-08-12T06:08:24.212Z"}