{"_id": "62f5cc8e54d20a1fcae4bfe0", "owner": "627ddf364022c591c1b05f1b", "roles": [], "data": {"eloque_id": "AU-03WED-BR4551", "eloque_id2": "AU-03WED-BR4551", "bridge_name": "Wedderburn", "asset_id": "3WED_4551", "sharepoint_name": "3WED-4551", "_version": 1, "_form_version": "0", "structure_id": "SN4551", "asset_owner": "", "classification": ["I-B"], "design_status": "as-designed", "sensor_type": "eloque-fiber", "ops_dashboard_link": "", "app_dashboard_link": "", "coordinates_latitude": -36.4371, "coordinates_longitude": 143.611, "path": "bridge-overview"}, "access": [], "metadata": {"selectData": {"country": {"label": "Australia"}, "state": {"label": "Victoria"}, "asset_type": {"label": "Bridge"}, "classification": {"label": "I-B"}, "design_status": {"label": "As Designed"}}, "timezone": "Australia/Melbourne", "offset": 600, "origin": "http://192.168.1.5:8000", "referrer": "http://192.168.1.5:8000/designer/login", "browserName": "Netscape", "userAgent": "Mozilla/5.0 (Macintosh; Intel Mac OS X 10_15_7) AppleWebKit/537.36 (KHTML, like Gecko) Chrome/102.0.0.0 Safari/537.36", "pathName": "/designer/edit/bridge-overview/**%20New%20**", "onLine": true}, "form": "62f5cc8954d20ae550e4bfcb", "externalIds": [], "created": "2022-08-12T03:44:14.163Z", "modified": "2022-08-12T06:08:21.140Z"}