{"_id": "62f5cc8d54d20ac2ede4bfdb", "owner": "627ddf364022c591c1b05f1b", "roles": [], "data": {"eloque_id": "AU-03BEV-BR1058", "eloque_id2": "AU-03BEV-BR1058", "bridge_name": "Beveridge", "asset_id": "SN1058_BEVERIDGE", "sharepoint_name": "3BEV-58", "_version": 4, "_form_version": "0", "structure_id": "SN1058", "asset_owner": "VIC DoT", "classification": ["I-A"], "design_status": "designUpdate", "sensor_type": "eloque-fiber", "ops_dashboard_link": "https://ops.eloque.com/?pid=0&gid=b8c54ae2-f18a-452a-8db8-47e65d05fdd5&gid0=2eccc2fc-50a7-4fca-8178-898dd26876ec&dashid=9daa728f-6dab-407a-8690-51114a1f6dc3", "app_dashboard_link": "", "coordinates_latitude": -37.52816, "coordinates_longitude": 144.94768, "path": "bridge-overview"}, "access": [], "metadata": {"browserName": "Netscape", "offset": 600, "onLine": true, "origin": "http://192.168.1.5:8000", "pathName": "/designer/edit/bridge-overview/**%20New%20**", "referrer": "http://192.168.1.5:8000/designer/login", "selectData": {"asset_type": {"label": "Rail"}, "classification": {"label": "I-A"}, "country": {"label": "New Zealand"}, "design_status": {"label": "Design Update"}, "state": {"label": "California"}, "asset_owner": {"data": {"id": "VIC DoT"}}}, "timezone": "Australia/Melbourne", "userAgent": "Mozilla/5.0 (Macintosh; Intel Mac OS X 10_15_7) AppleWebKit/537.36 (KHTML, like Gecko) Chrome/102.0.0.0 Safari/537.36"}, "form": "62f5cc8954d20ae550e4bfcb", "externalIds": [], "created": "2022-08-12T03:44:13.049Z", "modified": "2022-08-12T06:08:19.997Z"}