{"_id": "62f5cc8954d20a9b17e4bfce", "owner": "627ddf364022c591c1b05f1b", "roles": [], "data": {"eloque_id": "AU-03BER-BR3611", "eloque_id2": "", "bridge_name": "Berrybank", "asset_id": "SN3611_BERRYBANK", "sharepoint_name": "3BER-3611", "_version": 2, "_form_version": "0", "structure_id": "SN3611", "asset_owner": "", "classification": ["I-A"], "design_status": "enabled", "sensor_type": "eloque-fiber", "ops_dashboard_link": "", "app_dashboard_link": "https://app.eloque.com/?gid=60911107-59d8-4d6c-876b-110e5f82beef&pid=0&gid0=627a67eb-c953-454c-b671-a9b5296514ff&gid1=33a07b36-f01c-448b-9684-a0b71fc6de07&gid2=c8db1b6e-c8e2-40e2-959c-02f858d5eacb&gid3=b58125ec-e1c3-4f05-92af-96107152c6da&kv=0&dashid=721f9ecb-7344-4a4d-b448-84963e358ab2", "coordinates_latitude": -37.97063, "coordinates_longitude": 143.46767, "path": "bridge-overview"}, "access": [], "metadata": {"selectData": {"country": {"label": "Australia"}, "state": {"label": "Victoria"}, "asset_type": {"label": "Bridge"}, "classification": {"label": "I-A"}, "design_status": {"label": "Enabled"}}, "timezone": "Australia/Melbourne", "offset": 600, "origin": "http://192.168.1.5:8000", "referrer": "http://192.168.1.5:8000/designer/login", "browserName": "Netscape", "userAgent": "Mozilla/5.0 (Macintosh; Intel Mac OS X 10_15_7) AppleWebKit/537.36 (KHTML, like Gecko) Chrome/102.0.0.0 Safari/537.36", "pathName": "/designer/edit/bridge-overview/**%20New%20**", "onLine": true}, "form": "62f5cc8954d20ae550e4bfcb", "externalIds": [], "created": "2022-08-12T03:44:09.888Z", "modified": "2022-08-12T06:08:19.377Z"}