{"_id": "62f5cc8b54d20a21fde4bfd6", "owner": "627ddf364022c591c1b05f1b", "roles": [], "data": {"eloque_id": "AU-03MUR-BR3594", "eloque_id2": "AU-03MUR-BR3594", "bridge_name": "Murgheboluc", "asset_id": "3MUR_3594", "sharepoint_name": "3MUR-94", "_version": 3, "_form_version": "0", "structure_id": "SN3594", "asset_owner": "", "classification": ["I-B"], "design_status": "enabled", "sensor_type": "eloque-fiber", "ops_dashboard_link": "https://ops.eloque.com/?gid=5e0a6163-3ad5-4242-be15-acf1b9201090&pid=0&gv=0&gx=0&kv=8&gid0=973405db-a2c5-4034-8498-ca87db5c3133&kx=1&dashid=a73dc524-294b-4f5a-a413-8ccedf7dad57", "app_dashboard_link": "https://app.eloque.com/?pid=0&dashid=0eec0145-fe3c-4980-b6a2-4f7b4ee9ddd9", "coordinates_latitude": -38.11399, "coordinates_longitude": 144.16379, "path": "bridge-overview"}, "access": [], "metadata": {"browserName": "Netscape", "offset": 600, "onLine": true, "origin": "http://192.168.1.6:8000", "pathName": "/designer/edit/bridge-overview/**%20New%20**", "referrer": "http://192.168.1.6:8000/designer/login", "selectData": {"classification": {"label": "I-B"}, "design_status": {"label": "Enabled"}, "country": {"label": "New Zealand"}, "state": {"label": "California"}, "asset_type": {"label": "Rail"}}, "timezone": "Australia/Melbourne", "userAgent": "Mozilla/5.0 (Macintosh; Intel Mac OS X 10_15_7) AppleWebKit/537.36 (KHTML, like Gecko) Chrome/102.0.5005.61 Safari/537.36"}, "form": "62f5cc8954d20ae550e4bfcb", "externalIds": [], "created": "2022-08-12T03:44:11.983Z", "modified": "2022-08-12T06:08:22.714Z"}