{"_id": "62f5cc8c54d20a7721e4bfda", "owner": "627ddf364022c591c1b05f1b", "roles": [], "data": {"eloque_id": "AU-03WOO-BR7446", "eloque_id2": "AU-03WOO-BR7446", "bridge_name": "Woodside", "asset_id": "3WOO_7446", "sharepoint_name": "3WOO-7746", "_version": 83, "_form_version": "0", "structure_id": "SN7446", "asset_owner": "", "classification": ["I-B"], "design_status": "as-designed", "sensor_type": "eloque-fiber", "ops_dashboard_link": "", "app_dashboard_link": "https://app.eloque.com/?pid=0&dashid=1267d096-3509-4a05-9c60-1fb113612e9c", "coordinates_latitude": -38.55668, "coordinates_longitude": 146.88173, "path": "bridge-overview"}, "access": [], "metadata": {"browserName": "Netscape", "offset": 600, "onLine": true, "origin": "http://localhost:8080", "pathName": "/edit/bridge-overview/**%20New%20**", "referrer": "http://localhost:8080/tool/bridges", "selectData": {"classification": {"label": "I-B"}, "design_status": {"label": "As Designed"}, "country": {"label": "New Zealand"}, "state": {"label": "California"}, "asset_type": {"label": "Rail"}}, "timezone": "Australia/Melbourne", "userAgent": "Mozilla/5.0 (Macintosh; Intel Mac OS X 10_15_7) AppleWebKit/537.36 (KHTML, like Gecko) Chrome/101.0.0.0 Safari/537.36"}, "form": "62f5cc8954d20ae550e4bfcb", "externalIds": [], "created": "2022-08-12T03:44:12.842Z", "modified": "2022-08-12T06:08:25.557Z"}