{"_id": "62f5cc8e54d20a3781e4bfe2", "owner": "627ddf364022c591c1b05f1b", "roles": [], "data": {"eloque_id": "US-WAROC-BR27-112", "eloque_id2": "US-WAROC-BR27-112", "bridge_name": "Rock Creek -2", "asset_id": "WADOT_0001", "sharepoint_name": "WSDOT", "_version": 15, "_form_version": "0", "structure_id": "27-112", "asset_owner": "WSDOT", "classification": ["I-A"], "design_status": "as-design", "sensor_type": "packaged", "ops_dashboard_link": "", "app_dashboard_link": "", "coordinates_latitude": 47.45305, "coordinates_longitude": -117.142083, "path": "bridge-overview"}, "access": [], "metadata": {"browserName": "Netscape", "offset": 600, "onLine": true, "origin": "http://192.168.1.6:8000", "pathName": "/designer/edit/bridge-overview/**%20New%20**", "referrer": "http://192.168.1.6:8000/designer/login", "selectData": {"asset_owner": {"data": {"id": "WSDOT"}}, "asset_type": {"label": "Rail"}, "classification": {"label": "I-A"}, "country": {"label": "New Zealand"}, "design_status": {"label": "As Designed"}, "state": {"label": "California"}}, "timezone": "Australia/Melbourne", "userAgent": "Mozilla/5.0 (Macintosh; Intel Mac OS X 10_15_7) AppleWebKit/537.36 (KHTML, like Gecko) Chrome/102.0.5005.61 Safari/537.36"}, "form": "62f5cc8954d20ae550e4bfcb", "externalIds": [], "created": "2022-08-12T03:44:14.569Z", "modified": "2022-08-12T06:08:24.474Z"}