{"_id": "62f5ccad54d20a2c36e4c031", "owner": "627ddf364022c591c1b05f1b", "roles": [], "data": {"id": "template_v2.1", "templateUse": "jinja", "description": "Template used for Version 2.1 of JSON Definition", "_version": 2, "_form_version": "", "parent_form": "dis-as-built", "application_function": "json", "template_editor": "{\n    {% set ns = namespace(items=0) %}\n    {% set ns.component_type = {} %}\n    \"excel-version\": \"0.2.0\",\n    \"bridge\": {\n        \"type\": \"{{data.eloque_id}}\",\n        \"classification\": \"{{data.classification[0]}}\",\n        \"name\": \"{{data.bridge_name}}\",\n        \"RSA structure number\": \"{{data.structure_id}}\",\n        \"fibridge-status\": \"TBD\",\n        \"fibridge-built\": \"TBD\",\n        \"coordinates\": [\n            {{data.coordinates_latitude}},\n            {{data.coordinates_longitude}}\n        ],\n        \"feature_crossed\": \"{{data.feature_crossed}}\",\n        \"road_name\": \"{{data.road_name}}\",\n        \"skew_angle\": {{data.skew_angle}},\n        \"directions_mapping\": {\n            \"down\": \"{{data.down}}\",\n            \"left\": \"{{data.left}}\",\n            \"right\": \"{{data.right}}\",\n            \"up\": \"{{data.up}}\",\n            \"left2right\": \"{{data.left2right}}\",\n            \"right2left\": \"{{data.right2left}}\"\n        },\n        \"lanes\": [\n        {% set ns.gotone = False %}\n        {% for l in data.lanes %}\n        {% if l.lane_id %}\n        {% if ns.gotone == True %}\n            ,\n        {% else %}\n        {% set ns.gotone = True %}\n        {% endif %}\n            {\n                \"id\": \"{{l.lane_id.label}}\",\n                \"type\": \"{{l.lane_direction}}\"\n            }\n        {% endif %}\n        {% endfor %}\n        ],\n\n        \"superstructure\": {\n        {% set ns.last_span = '' %}\n            \"spans\": {\n        {% for s in data.structure %}\n            {% set span = s.componentId[:3] %}\n            {% set girder = s.componentId[3:] %}\n            {% if span[0:1] == 'S' %}\n                    {% if ns.last_span == span %}\n                    ,\n                    {% endif %}\n                {% if ns.last_span != span %}\n                {% if ns.last_span != '' %}\n                },\n                {% endif %}\n                \"{{span}}\": {\n                {% endif %}\n                    \"{{girder}}\": {\n                        \"type\": \"girder\",\n                        \"id\": \"{{girder}}\",\n                        \"span_id\": \"{{span}}\"\n                    }\n            {% endif %}\n            {% set ns.last_span = span %}\n        {% endfor%}\n                }\n            }\n        },\n        {% set ns.types = False %}\n        {% set ns.components = False %}\n        \"substructure\": {\n        {% for t in data.componentTypes %}\n            {% if t.structureType != 'girder' %}\n            {% if ns.types == True %}\n            ,\n            {% else %}\n                {% set ns.types = True %}\n            {% endif %}\n            \"{{t.structureType}}\": {\n            {% for s in data.structure %}\n                {% if s.componentType.value == t.componentType %}\n                {% if ns.components == True %}\n                ,\n                {% else %}\n                    {% set ns.components = True %}\n                {% endif %}\n                \"{{s.componentId}}\": {\n                    \"type\": \"{{t.structureType}}\",\n                    \"id\": \"{{s.componentId}}\"\n                }\n                {% endif %}\n            {% endfor %}\n            {% set ns.components = False%}\n            }\n            {% endif %}\n        {% endfor %}\n        }\n    },\n\n    \"components\": {\n        {% for c in data.structure %}\n        {% for x in data.componentTypes if x.componentType == c.componentType['value'] %}{% set ns.component_type = x %}{% endfor %}\n        {% if loop.first != True %}\n        ,\"{{c.componentId}}\": {\n        {% else %}\n        \"{{c.componentId}}\": {\n        {% endif %}\n            \"component_id\": \"{{c.componentId}}\",\n            \"span_id\": \"{{c.componentId[0:3]}}\",\n            \"girder_id\": \"{{c.componentId[3:-1]}}\",\n            \"length\": {{ns.component_type.length}},\n            \"width\": {{ns.component_type.width}},\n            \"height\": {{ns.component_type.height}},\n            \"traffic\": \"\",\n            \"material\": [\n                {\n                    \"effective_youngs_modulus\": \"{{ns.component_type.effective_youngs_modulus}}\",\n                    \"units\": \"MPa\"\n                },\n                {\n                    \"effective_shear_modulus\": \"{{ns.component_type.effective_shear_modulus}}\",\n                    \"units\": \"MPa\"\n                },\n                {\n                    \"weight\": \"{{ns.component_type.weight}}\",\n                    \"units\": \"Kg\"\n                }\n            ],\n            \"geometry\": [\n                {\n                    \"effective_area_moment_of_inertia\": \"{{ns.component_type.effective_area_moment_of_inertia}}\",\n                    \"units\": \"mm^4\"\n                },\n                {\n                    \"effective_area\": \"{{ns.component_type.effective_area}}\",\n                    \"units\": \"m^2\"\n                }\n            ]\n        }\n        {% endfor %}\n    },\n    {% set ns.fiber_type = '' %}\n    \"fibers\": {\n        {% for f in ['F01','F02','F03','F04','F05','F06','F07','F08','F09','F10','F11','F12','F13','F14','F15'] %}\n        {% if data[f] and data[f][0].fiber %}\n            {% set fiber = data[f] %}\n            {% if loop.first != True %}\n        },\n        \"{{fiber[0].fiber}}\": {\n            {% else %}\n        \"{{fiber[0].fiber}}\": {\n            {% endif %}\n            {% for t in data.fiber_mapping if t.fiber_id == fiber[0].fiber %}{% set ns.fiber_type = t.fiber_type %}{% endfor %}\n            \"type\": {{ns.fiber_type}},\n            \"id\": \"{{fiber[0].fiber}}\",\n            \"number_sensors\": 0{{data.number_of_sensors}},\n            {% set specificationFile = \"./resources/fiber/\" + ns.fiber_type|string + \".json\" %}\n            \"specification\": {% include specificationFile %},\n            \"sensors\": [\n            {% for s in fiber %}\n                {% if loop.first != True %}\n                ,{\n                {% else %}\n                {\n                {% endif %}\n                    \"type\": \"{{s.type}}\",\n                    \"fiber\": \"{{fiber[0].fiber}}\",\n                    \"sensor\": {{s.sensor}},\n                    \"span\": {% if s.component_id %}\"{{s.component_id[0:3]}}\"{% else %}\"\"{% endif %},\n                    \"component\": {% if s.component_id %}\"{{s.component_id.value}}\"{% else %}\"\"{% endif %},\n                    \"x\": {{s.x}},\n                    \"y\": {{s.y}},\n                    \"sensor_type\": \"{{ s.sensor_type[0 : s.sensor_type.find('-')] }}\",\n                    {% if s.sensor_type.startswith('3d_rosette') %}\n                    \"angle\": {{s.sensor_type.split(\"-\")[1]}},\n                    {% endif %}\n                    \"side\": \"{{s.side}}\"\n                }\n                {% if loop.last == True %}\n            ]\n                {% endif %}\n            {% endfor %}\n        {% endif %}\n        {% endfor %}\n        }\n    },\n    \"algorithms\": {\n        \"deflection\": {\n        {% for d in data.deflection %}\n        {% if loop.first != True %}\n            ,\"{{d.id}}\": {\n        {% else %}\n            \"{{d.id}}\": {\n        {% endif %}\n                \"type\": \"algorithm\",\n                \"id\": \"{{d.id}}\",\n                \"algorithm_type\": \"deflection\",\n                \"fiber\": \"{{d.fiber_id}}\",\n                \"component\": \"{{d.component_id}}\",\n                \"span\": \"{{d.component_id[:3]}}\",\n                \"sensor_type\": \"sensor_pair_array\",\n                \"sensors\": {\n                    \"top\": [\n                        {{d.sensors_top}}\n                    ],\n                    \"bottom\": [\n                        {{d.sensors_bottom}}\n                    ]\n                }\n            }\n        {% endfor %}\n        },\n        \"girder_shear\": {\n        {% for d in data.shear %}\n            {% if d.id %}\n            {% if loop.first != True %}\n                ,\"{{d.id}}\": {\n            {% else %}\n                \"{{d.id}}\": {\n            {% endif %}\n                    \"type\": \"algorithm\",\n                    \"id\": \"{{d.id}}\",\n                    \"algorithm_type\": \"girder_shear\",\n                    \"fiber\": \"{{d.fiber_id}}\",\n                    \"component\": \"{{d.component_id}}\",\n                    \"span\": \"{{d.component_id[:3]}}\",\n                    \"sensor_type\": \"3d_rosette\",\n                    \"sensors\": [\n                        {{d.rosette_0}},\n                        {{d.rosette_45}},\n                        {{d.rosette_90}}\n                    ]\n                }\n            {% endif %}\n        {% endfor %}\n        },\n        \"girder_bending_moment\": {\n        {% for d in data.bending_moment %}\n            {% if d.id %}\n            {% if loop.first != True %}\n                ,\"{{d.id}}\": {\n            {% else %}\n                \"{{d.id}}\": {\n            {% endif %}\n                    \"type\": \"algorithm\",\n                    \"id\": \"{{d.id}}\",\n                    \"algorithm_type\": \"girder_bending_moment\",\n                    \"fiber\": \"{{d.fiber_id}}\",\n                    \"component\": \"{{d.component_id}}\",\n                    \"span\": \"{{d.component_id[:3]}}\",\n                    \"sensor_type\": \"sensor_pair\",\n                    \"sensors\": [\n                        {{d.sensor_top}},\n                        {{d.sensor_bottom}}\n                    ]\n                }\n            {% endif %}\n        {% endfor %}\n        }\n    }\n}", "document_content": "{\n    {% set ns = namespace(items=0) %}\n    {% set ns.component_type = {} %}\n    \"excel-version\": \"0.2.0\",\n    \"bridge\": {\n        \"type\": \"{{data.eloque_id}}\",\n        \"classification\": \"{{data.classification[0]}}\",\n        \"name\": \"{{data.bridge_name}}\",\n        \"RSA structure number\": \"{{data.structure_id}}\",\n        \"fibridge-status\": \"TBD\",\n        \"fibridge-built\": \"TBD\",\n        \"coordinates\": [\n            {{data.coordinates_latitude}},\n            {{data.coordinates_longitude}}\n        ],\n        \"feature_crossed\": \"{{data.feature_crossed}}\",\n        \"road_name\": \"{{data.road_name}}\",\n        \"skew_angle\": {{data.skew_angle}},\n        \"directions_mapping\": {\n            \"down\": \"{{data.down}}\",\n            \"left\": \"{{data.left}}\",\n            \"right\": \"{{data.right}}\",\n            \"up\": \"{{data.up}}\",\n            \"left2right\": \"{{data.left2right}}\",\n            \"right2left\": \"{{data.right2left}}\"\n        },\n        \"lanes\": [\n        {% set ns.gotone = False %}\n        {% for l in data.lanes %}\n        {% if l.lane_id %}\n        {% if ns.gotone == True %}\n            ,\n        {% else %}\n        {% set ns.gotone = True %}\n        {% endif %}\n            {\n                \"id\": \"{{l.lane_id.label}}\",\n                \"type\": \"{{l.lane_direction}}\"\n            }\n        {% endif %}\n        {% endfor %}\n        ],\n\n        \"superstructure\": {\n        {% set ns.last_span = '' %}\n            \"spans\": {\n        {% for s in data.structure %}\n            {% set span = s.componentId[:3] %}\n            {% set girder = s.componentId[3:] %}\n            {% if span[0:1] == 'S' %}\n                    {% if ns.last_span == span %}\n                    ,\n                    {% endif %}\n                {% if ns.last_span != span %}\n                {% if ns.last_span != '' %}\n                },\n                {% endif %}\n                \"{{span}}\": {\n                {% endif %}\n                    \"{{girder}}\": {\n                        \"type\": \"girder\",\n                        \"id\": \"{{girder}}\",\n                        \"span_id\": \"{{span}}\"\n                    }\n            {% endif %}\n            {% set ns.last_span = span %}\n        {% endfor%}\n                }\n            }\n        },\n        {% set ns.types = False %}\n        {% set ns.components = False %}\n        \"substructure\": {\n        {% for t in data.componentTypes %}\n            {% if t.structureType != 'girder' %}\n            {% if ns.types == True %}\n            ,\n            {% else %}\n                {% set ns.types = True %}\n            {% endif %}\n            \"{{t.structureType}}\": {\n            {% for s in data.structure %}\n                {% if s.componentType.value == t.componentType %}\n                {% if ns.components == True %}\n                ,\n                {% else %}\n                    {% set ns.components = True %}\n                {% endif %}\n                \"{{s.componentId}}\": {\n                    \"type\": \"{{t.structureType}}\",\n                    \"id\": \"{{s.componentId}}\"\n                }\n                {% endif %}\n            {% endfor %}\n            {% set ns.components = False%}\n            }\n            {% endif %}\n        {% endfor %}\n        }\n    },\n\n    \"components\": {\n        {% for c in data.structure %}\n        {% for x in data.componentTypes if x.componentType == c.componentType['value'] %}{% set ns.component_type = x %}{% endfor %}\n        {% if loop.first != True %}\n        ,\"{{c.componentId}}\": {\n        {% else %}\n        \"{{c.componentId}}\": {\n        {% endif %}\n            \"component_id\": \"{{c.componentId}}\",\n            \"span_id\": \"{{c.componentId[0:3]}}\",\n            \"girder_id\": \"{{c.componentId[3:-1]}}\",\n            \"length\": {{ns.component_type.length}},\n            \"width\": {{ns.component_type.width}},\n            \"height\": {{ns.component_type.height}},\n            \"traffic\": \"\",\n            \"material\": [\n                {\n                    \"effective_youngs_modulus\": \"{{ns.component_type.effective_youngs_modulus}}\",\n                    \"units\": \"MPa\"\n                },\n                {\n                    \"effective_shear_modulus\": \"{{ns.component_type.effective_shear_modulus}}\",\n                    \"units\": \"MPa\"\n                },\n                {\n                    \"weight\": \"{{ns.component_type.weight}}\",\n                    \"units\": \"Kg\"\n                }\n            ],\n            \"geometry\": [\n                {\n                    \"effective_area_moment_of_inertia\": \"{{ns.component_type.effective_area_moment_of_inertia}}\",\n                    \"units\": \"mm^4\"\n                },\n                {\n                    \"effective_area\": \"{{ns.component_type.effective_area}}\",\n                    \"units\": \"m^2\"\n                }\n            ]\n        }\n        {% endfor %}\n    },\n    {% set ns.fiber_type = '' %}\n    \"fibers\": {\n        {% for f in ['F01','F02','F03','F04','F05','F06','F07','F08','F09','F10','F11','F12','F13','F14','F15'] %}\n        {% if data[f] and data[f][0].fiber %}\n            {% set fiber = data[f] %}\n            {% if loop.first != True %}\n        },\n        \"{{fiber[0].fiber}}\": {\n            {% else %}\n        \"{{fiber[0].fiber}}\": {\n            {% endif %}\n            {% for t in data.fiber_mapping if t.fiber_id == fiber[0].fiber %}{% set ns.fiber_type = t.fiber_type %}{% endfor %}\n            \"type\": {{ns.fiber_type}},\n            \"id\": \"{{fiber[0].fiber}}\",\n            \"number_sensors\": 0{{data.number_of_sensors}},\n            {% set specificationFile = \"./resources/fiber/\" + ns.fiber_type|string + \".json\" %}\n            \"specification\": {% include specificationFile %},\n            \"sensors\": [\n            {% for s in fiber %}\n                {% if loop.first != True %}\n                ,{\n                {% else %}\n                {\n                {% endif %}\n                    \"type\": \"{{s.type}}\",\n                    \"fiber\": \"{{fiber[0].fiber}}\",\n                    \"sensor\": {{s.sensor}},\n                    \"span\": {% if s.component_id %}\"{{s.component_id[0:3]}}\"{% else %}\"\"{% endif %},\n                    \"component\": {% if s.component_id %}\"{{s.component_id.value}}\"{% else %}\"\"{% endif %},\n                    \"x\": {{s.x}},\n                    \"y\": {{s.y}},\n                    \"sensor_type\": \"{{ s.sensor_type[0 : s.sensor_type.find('-')] }}\",\n                    {% if s.sensor_type.startswith('3d_rosette') %}\n                    \"angle\": {{s.sensor_type.split(\"-\")[1]}},\n                    {% endif %}\n                    \"side\": \"{{s.side}}\"\n                }\n                {% if loop.last == True %}\n            ]\n                {% endif %}\n            {% endfor %}\n        {% endif %}\n        {% endfor %}\n        }\n    },\n    \"algorithms\": {\n        \"deflection\": {\n        {% for d in data.deflection %}\n        {% if loop.first != True %}\n            ,\"{{d.id}}\": {\n        {% else %}\n            \"{{d.id}}\": {\n        {% endif %}\n                \"type\": \"algorithm\",\n                \"id\": \"{{d.id}}\",\n                \"algorithm_type\": \"deflection\",\n                \"fiber\": \"{{d.fiber_id}}\",\n                \"component\": \"{{d.component_id}}\",\n                \"span\": \"{{d.component_id[:3]}}\",\n                \"sensor_type\": \"sensor_pair_array\",\n                \"sensors\": {\n                    \"top\": [\n                        {{d.sensors_top}}\n                    ],\n                    \"bottom\": [\n                        {{d.sensors_bottom}}\n                    ]\n                }\n            }\n        {% endfor %}\n        },\n        \"girder_shear\": {\n        {% for d in data.shear %}\n            {% if d.id %}\n            {% if loop.first != True %}\n                ,\"{{d.id}}\": {\n            {% else %}\n                \"{{d.id}}\": {\n            {% endif %}\n                    \"type\": \"algorithm\",\n                    \"id\": \"{{d.id}}\",\n                    \"algorithm_type\": \"girder_shear\",\n                    \"fiber\": \"{{d.fiber_id}}\",\n                    \"component\": \"{{d.component_id}}\",\n                    \"span\": \"{{d.component_id[:3]}}\",\n                    \"sensor_type\": \"3d_rosette\",\n                    \"sensors\": [\n                        {{d.rosette_0}},\n                        {{d.rosette_45}},\n                        {{d.rosette_90}}\n                    ]\n                }\n            {% endif %}\n        {% endfor %}\n        },\n        \"girder_bending_moment\": {\n        {% for d in data.bending_moment %}\n            {% if d.id %}\n            {% if loop.first != True %}\n                ,\"{{d.id}}\": {\n            {% else %}\n                \"{{d.id}}\": {\n            {% endif %}\n                    \"type\": \"algorithm\",\n                    \"id\": \"{{d.id}}\",\n                    \"algorithm_type\": \"girder_bending_moment\",\n                    \"fiber\": \"{{d.fiber_id}}\",\n                    \"component\": \"{{d.component_id}}\",\n                    \"span\": \"{{d.component_id[:3]}}\",\n                    \"sensor_type\": \"sensor_pair\",\n                    \"sensors\": [\n                        {{d.sensor_top}},\n                        {{d.sensor_bottom}}\n                    ]\n                }\n            {% endif %}\n        {% endfor %}\n        }\n    }\n}", "template_content": "{\n    {% set ns = namespace(items=0) %}\n    {% set ns.component_type = {} %}\n    \"excel-version\": \"0.2.0\",\n    \"bridge\": {\n        \"type\": \"{{data.eloque_id}}\",\n        \"classification\": \"{{data.classification[0]}}\",\n        \"name\": \"{{data.bridge_name}}\",\n        \"RSA structure number\": \"{{data.structure_id}}\",\n        \"fibridge-status\": \"TBD\",\n        \"fibridge-built\": \"TBD\",\n        \"coordinates\": [\n            {{data.coordinates_latitude}},\n            {{data.coordinates_longitude}}\n        ],\n        \"feature_crossed\": \"{{data.feature_crossed}}\",\n        \"road_name\": \"{{data.road_name}}\",\n        \"skew_angle\": {{data.skew_angle}},\n        \"directions_mapping\": {\n            \"down\": \"{{data.down}}\",\n            \"left\": \"{{data.left}}\",\n            \"right\": \"{{data.right}}\",\n            \"up\": \"{{data.up}}\",\n            \"left2right\": \"{{data.left2right}}\",\n            \"right2left\": \"{{data.right2left}}\"\n        },\n        \"lanes\": [\n        {% set ns.gotone = False %}\n        {% for l in data.lanes %}\n        {% if l.lane_id %}\n        {% if ns.gotone == True %}\n            ,\n        {% else %}\n        {% set ns.gotone = True %}\n        {% endif %}\n            {\n                \"id\": \"{{l.lane_id.label}}\",\n                \"type\": \"{{l.lane_direction}}\"\n            }\n        {% endif %}\n        {% endfor %}\n        ],\n\n        \"superstructure\": {\n        {% set ns.last_span = '' %}\n            \"spans\": {\n        {% for s in data.structure %}\n            {% set span = s.componentId[:3] %}\n            {% set girder = s.componentId[3:] %}\n            {% if span[0:1] == 'S' %}\n                    {% if ns.last_span == span %}\n                    ,\n                    {% endif %}\n                {% if ns.last_span != span %}\n                {% if ns.last_span != '' %}\n                },\n                {% endif %}\n                \"{{span}}\": {\n                {% endif %}\n                    \"{{girder}}\": {\n                        \"type\": \"girder\",\n                        \"id\": \"{{girder}}\",\n                        \"span_id\": \"{{span}}\"\n                    }\n            {% endif %}\n            {% set ns.last_span = span %}\n        {% endfor%}\n                }\n            }\n        },\n        {% set ns.types = False %}\n        {% set ns.components = False %}\n        \"substructure\": {\n        {% for t in data.componentTypes %}\n            {% if t.structureType != 'girder' %}\n            {% if ns.types == True %}\n            ,\n            {% else %}\n                {% set ns.types = True %}\n            {% endif %}\n            \"{{t.structureType}}\": {\n            {% for s in data.structure %}\n                {% if s.componentType.value == t.componentType %}\n                {% if ns.components == True %}\n                ,\n                {% else %}\n                    {% set ns.components = True %}\n                {% endif %}\n                \"{{s.componentId}}\": {\n                    \"type\": \"{{t.structureType}}\",\n                    \"id\": \"{{s.componentId}}\"\n                }\n                {% endif %}\n            {% endfor %}\n            {% set ns.components = False%}\n            }\n            {% endif %}\n        {% endfor %}\n        }\n    },\n\n    \"components\": {\n        {% for c in data.structure %}\n        {% for x in data.componentTypes if x.componentType == c.componentType['value'] %}{% set ns.component_type = x %}{% endfor %}\n        {% if loop.first != True %}\n        ,\"{{c.componentId}}\": {\n        {% else %}\n        \"{{c.componentId}}\": {\n        {% endif %}\n            \"component_id\": \"{{c.componentId}}\",\n            \"span_id\": \"{{c.componentId[0:3]}}\",\n            \"girder_id\": \"{{c.componentId[3:-1]}}\",\n            \"length\": {{ns.component_type.length}},\n            \"width\": {{ns.component_type.width}},\n            \"height\": {{ns.component_type.height}},\n            \"traffic\": \"\",\n            \"material\": [\n                {\n                    \"effective_youngs_modulus\": \"{{ns.component_type.effective_youngs_modulus}}\",\n                    \"units\": \"MPa\"\n                },\n                {\n                    \"effective_shear_modulus\": \"{{ns.component_type.effective_shear_modulus}}\",\n                    \"units\": \"MPa\"\n                },\n                {\n                    \"weight\": \"{{ns.component_type.weight}}\",\n                    \"units\": \"Kg\"\n                }\n            ],\n            \"geometry\": [\n                {\n                    \"effective_area_moment_of_inertia\": \"{{ns.component_type.effective_area_moment_of_inertia}}\",\n                    \"units\": \"mm^4\"\n                },\n                {\n                    \"effective_area\": \"{{ns.component_type.effective_area}}\",\n                    \"units\": \"m^2\"\n                }\n            ]\n        }\n        {% endfor %}\n    },\n    {% set ns.fiber_type = '' %}\n    \"fibers\": {\n        {% for f in ['F01','F02','F03','F04','F05','F06','F07','F08','F09','F10','F11','F12','F13','F14','F15'] %}\n        {% if data[f] and data[f][0].fiber %}\n            {% set fiber = data[f] %}\n            {% if loop.first != True %}\n        },\n        \"{{fiber[0].fiber}}\": {\n            {% else %}\n        \"{{fiber[0].fiber}}\": {\n            {% endif %}\n            {% for t in data.fiber_mapping if t.fiber_id == fiber[0].fiber %}{% set ns.fiber_type = t.fiber_type %}{% endfor %}\n            \"type\": {{ns.fiber_type}},\n            \"id\": \"{{fiber[0].fiber}}\",\n            \"number_sensors\": 0{{data.number_of_sensors}},\n            {% set specificationFile = \"./resources/fiber/\" + ns.fiber_type|string + \".json\" %}\n            \"specification\": {% include specificationFile %},\n            \"sensors\": [\n            {% for s in fiber %}\n                {% if loop.first != True %}\n                ,{\n                {% else %}\n                {\n                {% endif %}\n                    \"type\": \"{{s.type}}\",\n                    \"fiber\": \"{{fiber[0].fiber}}\",\n                    \"sensor\": {{s.sensor}},\n                    \"span\": {% if s.component_id %}\"{{s.component_id[0:3]}}\"{% else %}\"\"{% endif %},\n                    \"component\": {% if s.component_id %}\"{{s.component_id.value}}\"{% else %}\"\"{% endif %},\n                    \"x\": {{s.x}},\n                    \"y\": {{s.y}},\n                    \"sensor_type\": \"{{ s.sensor_type[0 : s.sensor_type.find('-')] }}\",\n                    {% if s.sensor_type.startswith('3d_rosette') %}\n                    \"angle\": {{s.sensor_type.split(\"-\")[1]}},\n                    {% endif %}\n                    \"side\": \"{{s.side}}\"\n                }\n                {% if loop.last == True %}\n            ]\n                {% endif %}\n            {% endfor %}\n        {% endif %}\n        {% endfor %}\n        }\n    },\n    \"algorithms\": {\n        \"deflection\": {\n        {% for d in data.deflection %}\n        {% if loop.first != True %}\n            ,\"{{d.id}}\": {\n        {% else %}\n            \"{{d.id}}\": {\n        {% endif %}\n                \"type\": \"algorithm\",\n                \"id\": \"{{d.id}}\",\n                \"algorithm_type\": \"deflection\",\n                \"fiber\": \"{{d.fiber_id}}\",\n                \"component\": \"{{d.component_id}}\",\n                \"span\": \"{{d.component_id[:3]}}\",\n                \"sensor_type\": \"sensor_pair_array\",\n                \"sensors\": {\n                    \"top\": [\n                        {{d.sensors_top}}\n                    ],\n                    \"bottom\": [\n                        {{d.sensors_bottom}}\n                    ]\n                }\n            }\n        {% endfor %}\n        },\n        \"girder_shear\": {\n        {% for d in data.shear %}\n            {% if d.id %}\n            {% if loop.first != True %}\n                ,\"{{d.id}}\": {\n            {% else %}\n                \"{{d.id}}\": {\n            {% endif %}\n                    \"type\": \"algorithm\",\n                    \"id\": \"{{d.id}}\",\n                    \"algorithm_type\": \"girder_shear\",\n                    \"fiber\": \"{{d.fiber_id}}\",\n                    \"component\": \"{{d.component_id}}\",\n                    \"span\": \"{{d.component_id[:3]}}\",\n                    \"sensor_type\": \"3d_rosette\",\n                    \"sensors\": [\n                        {{d.rosette_0}},\n                        {{d.rosette_45}},\n                        {{d.rosette_90}}\n                    ]\n                }\n            {% endif %}\n        {% endfor %}\n        },\n        \"girder_bending_moment\": {\n        {% for d in data.bending_moment %}\n            {% if d.id %}\n            {% if loop.first != True %}\n                ,\"{{d.id}}\": {\n            {% else %}\n                \"{{d.id}}\": {\n            {% endif %}\n                    \"type\": \"algorithm\",\n                    \"id\": \"{{d.id}}\",\n                    \"algorithm_type\": \"girder_bending_moment\",\n                    \"fiber\": \"{{d.fiber_id}}\",\n                    \"component\": \"{{d.component_id}}\",\n                    \"span\": \"{{d.component_id[:3]}}\",\n                    \"sensor_type\": \"sensor_pair\",\n                    \"sensors\": [\n                        {{d.sensor_top}},\n                        {{d.sensor_bottom}}\n                    ]\n                }\n            {% endif %}\n        {% endfor %}\n        }\n    }\n}", "path": "documents"}, "access": [], "metadata": {"selectData": {"application_function": {"label": "JSON"}, "parent_form": {"data": {"id": "dis-as-built", "description": "DIS As-Built replacement for Excel"}}}, "timezone": "Australia/Melbourne", "offset": 600, "origin": "http://192.168.1.3:8000", "referrer": "http://192.168.1.3:8000/designer/tool/reference/ops-portal-templates", "browserName": "Netscape", "userAgent": "Mozilla/5.0 (Macintosh; Intel Mac OS X 10_15_7) AppleWebKit/537.36 (KHTML, like Gecko) Chrome/102.0.0.0 Safari/537.36", "pathName": "/designer/edit/reference/ops-portal-templates/**%20New%20**", "onLine": true}, "form": "62f5ccac54d20a014ce4c02c", "externalIds": [], "created": "2022-08-12T03:44:45.168Z", "modified": "2022-08-18T01:51:36.111Z"}