{"_id": "62f5ccac54d20a2c01e4c02f", "owner": "627ddf364022c591c1b05f1b", "roles": [], "data": {"id": "dis-as-built-dis", "templateUse": "jinja", "description": "DIS As-Built template for Excel conversion", "_version": 4, "_form_version": "", "parent_form": "dis-as-built", "application_function": "dis", "template_editor": "Deployment\nEloque ID,{{data.eloque_id}},\nAsset ID,{{data.asset_id}},\nExcel Version,1.1.0,\nBridge,{{data.bridge_name}},\nRSA structure number,{{data.structure_id}},\nType,Type,\nFiBridge Type,{{data.classification[0]}},\nNumber of Spans,{{data.totalSpans}},\nDeck Width (m),{{data.deckWidth}},\nFiBridge Status,Status,\nFiBridge Built,Build Date,\nCoordinates,{{data.coordinates_latitude}},{{data.coordinates_longitude}}\nFeature crossed,{{data.feature_crossed}},\nRoad name,{{data.road_name}},\nSkew angle,{{data.skew_angle}}\nDirections mapping,,\nInternal,External,\nup,{{data.up.label}},\nleft,{{data.left.label}},\nright,{{data.right.label}},\ndown,{{data.down.label}},\nLEFT2RIGHT,{{data.left2right}},\nRIGHT2LEFT,{{data.right2left}},\n.\n\n{% set ns = namespace(items=0) %}\n\nLanes\nTransverse ID,Direction,Type,Lane ID,Width (m),Transverse Coordinates(m)\n    {% for l in data.lanes %}\n{{l.transverse_id}},{{l.lane_direction}},{{l.laneType}},{{l.lane_id.label}},{{l.lane_width}},{{l.transverse_coordinates}}\n    {% endfor %} \n.\n\nStructure\nComponent,Type,Length,Height,Width,Lane\n    {% for c in data.structure %}\n        {% for x in data.componentTypes if x.componentType == c.componentType['value'] %}{% set ns.component_type = x %}{% endfor %}\n{{c.componentId}},{{c.componentType.label}},{{ns.component_type.length}},{{ns.component_type.height}},{{ns.component_type.width}},{{c.superstructureLane.value}}\n    {% endfor %} \n.\n\nComponent Types\nComponent Type,Type,SubType,Youngs,Shear,Density,Moment,Area,Flange Width 1,Flange Width 2\n    {% for c in data.componentTypes %}\n{{c.componentType}},{{c.structureType['value']}},{{c.structureSubType}},{{c.effective_youngs_modulus}},{{c.effective_shear_modulus}},{{c.weight}},{{c.effective_area_moment_of_inertia}},{{c.effective_area}},{{c.flangeWidth1}},{{c.flangeWidth2}}\n    {% endfor %} \n.\n\n\n{% for f in ['F01','F02','F03','F04','F05','F06','F07','F08','F09','F10','F11','F12','F13','F14','F15'] %}\n  {% if data[f] and data[f][0].sensor %}\n    {% set fiber = data[f] %}\n    {% for s in fiber %}\n      {% if loop.first %}\n{{s.fiber}}\nSensor,Component,x,y,Sensor Type,Angle,Side,Top,Left,Spacing,Right,Note\n      {% endif%}\n      {% if s.sensor_type %}\n{{s.sensor}},{{s.component_id}},{{s.x}},{{s.y}},{% if s.sensor_type == 'temperature'%}{{s.sensor_type}}{% else %}strain{% endif %},{{s.angle}},{{s.side}},{{f.fromTop}},{{f.fromLeft}},{{f.sensorSpacing}},{{f.fromRight}},{{f.note}}\n      {% endif %}\n      {% if loop.last %}\n.\n\n      {% endif %}\n    {% endfor %}\n  {% endif %}\n{% endfor %}\n\n\nDeflection\nID,Type,Fiber,Component,Sensor Type,Sensors Top,Sensors Bottom\n    {% for d in data.deflection %}\n{{d.id}},{{d.algorithm_type}},{{d.fiber_id}},{{d.component_id}},sensor_pair_array,{{d.sensors_top}},{{d.sensors_bottom}}\n    {% endfor %}\n.\n\nShear\nID,Type,Fiber,Component,Sensor Type,0 deg,45 deg,90 deg\n    {% for s in data.shear %}\n{{s.id}},{{s.algorithm_type}},{{s.fiber_id}},{{s.component_id}},3d_rosette,{{s.rosette_0}},{{s.rosette_45}},{{s.rosette_90}}\n    {% endfor %}\n.\n\nBending Moment\nID,Type,Fiber,Component,Sensor Type,Sensor Top,Sensor Bottom\n    {% for b in data.bending_moment %}\n{{b.id}},{{b.algorithm_type}},{{b.fiber_id}},{{b.component_id}},sensor_pair,{{b.sensor_top}},{{b.sensor_bottom}}\n    {% endfor %}\n.", "document_content": "Deployment\nEloque ID,{{data.eloque_id}},\nAsset ID,{{data.asset_id}},\nExcel Version,1.1.0,\nBridge,{{data.bridge_name}},\nRSA structure number,{{data.structure_id}},\nType,Type,\nFiBridge Type,{{data.classification[0]}},\nNumber of Spans,{{data.totalSpans}},\nDeck Width (m),{{data.deckWidth}},\nFiBridge Status,Status,\nFiBridge Built,Build Date,\nCoordinates,{{data.coordinates_latitude}},{{data.coordinates_longitude}}\nFeature crossed,{{data.feature_crossed}},\nRoad name,{{data.road_name}},\nSkew angle,{{data.skew_angle}}\nDirections mapping,,\nInternal,External,\nup,{{data.up.label}},\nleft,{{data.left.label}},\nright,{{data.right.label}},\ndown,{{data.down.label}},\nLEFT2RIGHT,{{data.left2right}},\nRIGHT2LEFT,{{data.right2left}},\n.\n\n{% set ns = namespace(items=0) %}\n\nLanes\nTransverse ID,Direction,Type,Lane ID,Width (m),Transverse Coordinates(m)\n    {% for l in data.lanes %}\n{{l.transverse_id}},{{l.lane_direction}},{{l.laneType}},{{l.lane_id.label}},{{l.lane_width}},{{l.transverse_coordinates}}\n    {% endfor %} \n.\n\nStructure\nComponent,Type,Length,Height,Width,Lane\n    {% for c in data.structure %}\n        {% for x in data.componentTypes if x.componentType == c.componentType['value'] %}{% set ns.component_type = x %}{% endfor %}\n{{c.componentId}},{{c.componentType.label}},{{ns.component_type.length}},{{ns.component_type.height}},{{ns.component_type.width}},{{c.superstructureLane.value}}\n    {% endfor %} \n.\n\nComponent Types\nComponent Type,Type,SubType,Youngs,Shear,Density,Moment,Area,Flange Width 1,Flange Width 2\n    {% for c in data.componentTypes %}\n{{c.componentType}},{{c.structureType['value']}},{{c.structureSubType}},{{c.effective_youngs_modulus}},{{c.effective_shear_modulus}},{{c.weight}},{{c.effective_area_moment_of_inertia}},{{c.effective_area}},{{c.flangeWidth1}},{{c.flangeWidth2}}\n    {% endfor %} \n.\n\n\n{% for f in ['F01','F02','F03','F04','F05','F06','F07','F08','F09','F10','F11','F12','F13','F14','F15'] %}\n  {% if data[f] and data[f][0].sensor %}\n    {% set fiber = data[f] %}\n    {% for s in fiber %}\n      {% if loop.first %}\n{{s.fiber}}\nSensor,Component,x,y,Sensor Type,Angle,Side,Top,Left,Spacing,Right,Note\n      {% endif%}\n      {% if s.sensor_type %}\n{{s.sensor}},{{s.component_id}},{{s.x}},{{s.y}},{% if s.sensor_type == 'temperature'%}{{s.sensor_type}}{% else %}strain{% endif %},{{s.angle}},{{s.side}},{{f.fromTop}},{{f.fromLeft}},{{f.sensorSpacing}},{{f.fromRight}},{{f.note}}\n      {% endif %}\n      {% if loop.last %}\n.\n\n      {% endif %}\n    {% endfor %}\n  {% endif %}\n{% endfor %}\n\n\nDeflection\nID,Type,Fiber,Component,Sensor Type,Sensors Top,Sensors Bottom\n    {% for d in data.deflection %}\n{{d.id}},{{d.algorithm_type}},{{d.fiber_id}},{{d.component_id}},sensor_pair_array,{{d.sensors_top}},{{d.sensors_bottom}}\n    {% endfor %}\n.\n\nShear\nID,Type,Fiber,Component,Sensor Type,0 deg,45 deg,90 deg\n    {% for s in data.shear %}\n{{s.id}},{{s.algorithm_type}},{{s.fiber_id}},{{s.component_id}},3d_rosette,{{s.rosette_0}},{{s.rosette_45}},{{s.rosette_90}}\n    {% endfor %}\n.\n\nBending Moment\nID,Type,Fiber,Component,Sensor Type,Sensor Top,Sensor Bottom\n    {% for b in data.bending_moment %}\n{{b.id}},{{b.algorithm_type}},{{b.fiber_id}},{{b.component_id}},sensor_pair,{{b.sensor_top}},{{b.sensor_bottom}}\n    {% endfor %}\n.", "template_content": "Deployment\nEloque ID,{{data.eloque_id}},\nAsset ID,{{data.asset_id}},\nExcel Version,1.1.0,\nBridge,{{data.bridge_name}},\nRSA structure number,{{data.structure_id}},\nType,Type,\nFiBridge Type,{{data.classification[0]}},\nNumber of Spans,{{data.totalSpans}},\nDeck Width (m),{{data.deckWidth}},\nFiBridge Status,Status,\nFiBridge Built,Build Date,\nCoordinates,{{data.coordinates_latitude}},{{data.coordinates_longitude}}\nFeature crossed,{{data.feature_crossed}},\nRoad name,{{data.road_name}},\nSkew angle,{{data.skew_angle}}\nDirections mapping,,\nInternal,External,\nup,{{data.up.label}},\nleft,{{data.left.label}},\nright,{{data.right.label}},\ndown,{{data.down.label}},\nLEFT2RIGHT,{{data.left2right}},\nRIGHT2LEFT,{{data.right2left}},\n.\n\n{% set ns = namespace(items=0) %}\n\nLanes\nTransverse ID,Direction,Type,Lane ID,Width (m),Transverse Coordinates(m)\n    {% for l in data.lanes %}\n{{l.transverse_id}},{{l.lane_direction}},{{l.laneType}},{{l.lane_id.label}},{{l.lane_width}},{{l.transverse_coordinates}}\n    {% endfor %} \n.\n\nStructure\nComponent,Type,Length,Height,Width,Lane\n    {% for c in data.structure %}\n        {% for x in data.componentTypes if x.componentType == c.componentType['value'] %}{% set ns.component_type = x %}{% endfor %}\n{{c.componentId}},{{c.componentType.label}},{{ns.component_type.length}},{{ns.component_type.height}},{{ns.component_type.width}},{{c.superstructureLane.value}}\n    {% endfor %} \n.\n\nComponent Types\nComponent Type,Type,SubType,Youngs,Shear,Density,Moment,Area,Flange Width 1,Flange Width 2\n    {% for c in data.componentTypes %}\n{{c.componentType}},{{c.structureType['value']}},{{c.structureSubType}},{{c.effective_youngs_modulus}},{{c.effective_shear_modulus}},{{c.weight}},{{c.effective_area_moment_of_inertia}},{{c.effective_area}},{{c.flangeWidth1}},{{c.flangeWidth2}}\n    {% endfor %} \n.\n\n\n{% for f in ['F01','F02','F03','F04','F05','F06','F07','F08','F09','F10','F11','F12','F13','F14','F15'] %}\n  {% if data[f] and data[f][0].sensor %}\n    {% set fiber = data[f] %}\n    {% for s in fiber %}\n      {% if loop.first %}\n{{s.fiber}}\nSensor,Component,x,y,Sensor Type,Angle,Side,Top,Left,Spacing,Right,Note\n      {% endif%}\n      {% if s.sensor_type %}\n{{s.sensor}},{{s.component_id}},{{s.x}},{{s.y}},{% if s.sensor_type == 'temperature'%}{{s.sensor_type}}{% else %}strain{% endif %},{{s.angle}},{{s.side}},{{f.fromTop}},{{f.fromLeft}},{{f.sensorSpacing}},{{f.fromRight}},{{f.note}}\n      {% endif %}\n      {% if loop.last %}\n.\n\n      {% endif %}\n    {% endfor %}\n  {% endif %}\n{% endfor %}\n\n\nDeflection\nID,Type,Fiber,Component,Sensor Type,Sensors Top,Sensors Bottom\n    {% for d in data.deflection %}\n{{d.id}},{{d.algorithm_type}},{{d.fiber_id}},{{d.component_id}},sensor_pair_array,{{d.sensors_top}},{{d.sensors_bottom}}\n    {% endfor %}\n.\n\nShear\nID,Type,Fiber,Component,Sensor Type,0 deg,45 deg,90 deg\n    {% for s in data.shear %}\n{{s.id}},{{s.algorithm_type}},{{s.fiber_id}},{{s.component_id}},3d_rosette,{{s.rosette_0}},{{s.rosette_45}},{{s.rosette_90}}\n    {% endfor %}\n.\n\nBending Moment\nID,Type,Fiber,Component,Sensor Type,Sensor Top,Sensor Bottom\n    {% for b in data.bending_moment %}\n{{b.id}},{{b.algorithm_type}},{{b.fiber_id}},{{b.component_id}},sensor_pair,{{b.sensor_top}},{{b.sensor_bottom}}\n    {% endfor %}\n.", "path": "documents"}, "access": [], "metadata": {"browserName": "Netscape", "offset": 600, "onLine": true, "origin": "http://192.168.1.6:8000", "pathName": "/designer/edit/reference/ops-portal-templates/dis-as-built", "referrer": "http://192.168.1.6:8000/designer/tool/reference/ops-portal-templates", "selectData": {"application_function": {"label": "DIS"}, "parent_form": {"data": {"id": "dis-as-built", "description": "DIS As-Built replacement for Excel"}}}, "timezone": "Australia/Melbourne", "userAgent": "Mozilla/5.0 (Macintosh; Intel Mac OS X 10_15_7) AppleWebKit/537.36 (KHTML, like Gecko) Chrome/102.0.5005.61 Safari/537.36"}, "form": "62f5ccac54d20a014ce4c02c", "externalIds": [], "created": "2022-08-12T03:44:44.972Z", "modified": "2022-08-18T01:50:06.871Z"}