{"_id": "62f5ccad54d20a9fb4e4c032", "owner": "627ddf364022c591c1b05f1b", "roles": [], "data": {"id": "dis-as-built-rcs", "templateUse": "jinja", "description": "Template to create SQL for DB update webhook", "_version": 3, "_form_version": "", "parent_form": "dis-as-built", "application_function": "rcs", "template_editor": "DELETE FROM transpara.transpara_groups WHERE site_id = 'app' AND eloque_id = '{{data.structure_id}}';\nINSERT INTO transpara.transpara_groups (metaid, parent_metaid, name, description, display_order, asset_type, latitude, longitude, site_id, eloque_id)\nVALUES\n('{{data.structure_id}}', 'DoT', '{{data.structure_id[0:2]}} {{data.structure_id[2:]}}', 'Bridge {{data.eloque_id}} - {{data.bridge_name}}', {{data.structure_id[2:]}}, '{{data.classification[0]}}', '{{data.coordinates_latitude}}', '{{data.coordinates_longitude}}', 'app', '{{data.structure_id}}'),\n{% set ns = namespace(items=0) %}\n{% set ns.parent = '' %}\n{% set ns.order = 2 %}\n{% for f in data.structure %}\n    {% if f.componentId[:3] != ns.parent %}\n        {% set ns.parent = f.componentId[:3] %}\n        {% set ns.parent_metaid = data.structure_id + ':' + ns.parent %}\n('{{data.structure_id}}:{{ns.parent}}', '{{data.structure_id}}', '{{data.structure_id}}:{{ns.parent}}', '{{data.structure_id}} - {% if f.componentId[:1] == 'S'%}Span{% elif f.componentId[:1] == 'A' %}Abutment{% else %}Pier{% endif %} {{f.componentId[1:3]}}', {{ns.order}}, '', 0, 0, 'app', '{{data.structure_id}}'),\n    {% endif %}\n('{{data.structure_id}}:{{f.componentId}}', '{{ns.parent_metaid}}', '{{data.structure_id}}:{{f.componentId}}', '{{data.structure_id}} - {% if f.componentId[:1] == 'S' %}Span{% else %}Pier{% endif %} {{f.componentId[1:3]}} - {% if f.componentId[3:4] == 'G' %}Girder{% elif f.componentId[3:5] == 'CR' %}Crosshead{% else %}Column{% endif %} {{f.componentId[-2:]}}', {{ns.order}}, '', 0, 0, 'app', '{{data.structure_id}}'),\n('{{data.structure_id}}:{{f.componentId}}:Strain', '{{data.structure_id}}:{{f.componentId}}', 'Strain', 'Bridge {{data.structure_id}} - Strain', 2, '', 0, 0, 'app', '{{data.structure_id}}'){% if not loop.last%},\n            {% endif %}\n{% set ns.order = ns.order + 1 %}\n{% endfor %};\n\nDELETE FROM transpara.transpara_kpis WHERE site_id = 'app' AND eloque_id = '{{data.structure_id}}';\nINSERT INTO transpara.transpara_kpis\n(metaid, parent_metaid, name, description, display_order, min, lll, ll, l, actual, actual_interface, target, h, hh, hhh, max, groupmap_position, bridge, abutment, span, girder, fibre, sensor, latitude, longitude, site_id, eloque_id, status)\nVALUES\n{% set ns.order = 1 %}\n{% for f in ['F01','F02','F03','F04','F05','F06','F07','F08','F09','F10','F11','F12','F13','F14','F15'] %}\n  {% if data[f] and data[f][0].fiber %}\n  {% if not loop.first %},\n  {% endif %}\n    {% set fiber = data[f] %}\n    {% for s in fiber %}\n('{{data.structure_id}}:Strain:{{s.component_id}},S{{s.sensor}}', '{{data.structure_id}}:{{s.component_id}}:Strain', '{{data.structure_id}}:Strain {{s.component_id}},R{{s.sensor}}', '{{data.structure_id}} - Fibre {{s.fiber[2:]}} - Sensor {{s.sensor}}', {{ns.order}}, 1500, 0, 0, 0, '<[wavelength_shift|asset={{data.eloque_id}},fiber={{s.fiber[2:]}},sensor={{s.sensor}}]/1.331>', 'tStore', 0, 0, 0, 0, 1600, {{ns.order}}, '{{data.structure_id}}', '', '', '', 0, 0, 0, 0, 'app', '{{data.structure_id}}', 'good'){% if not loop.last%},\n            {% endif %}\n        {% set ns.order = ns.order + 1 %}\n    {% endfor %}\n  {% endif %}\n{% endfor %};\n", "document_content": "DELETE FROM transpara.transpara_groups WHERE site_id = 'app' AND eloque_id = '{{data.structure_id}}';\nINSERT INTO transpara.transpara_groups (metaid, parent_metaid, name, description, display_order, asset_type, latitude, longitude, site_id, eloque_id)\nVALUES\n('{{data.structure_id}}', 'DoT', '{{data.structure_id[0:2]}} {{data.structure_id[2:]}}', 'Bridge {{data.eloque_id}} - {{data.bridge_name}}', {{data.structure_id[2:]}}, '{{data.classification[0]}}', '{{data.coordinates_latitude}}', '{{data.coordinates_longitude}}', 'app', '{{data.structure_id}}'),\n{% set ns = namespace(items=0) %}\n{% set ns.parent = '' %}\n{% set ns.order = 2 %}\n{% for f in data.structure %}\n    {% if f.componentId[:3] != ns.parent %}\n        {% set ns.parent = f.componentId[:3] %}\n        {% set ns.parent_metaid = data.structure_id + ':' + ns.parent %}\n('{{data.structure_id}}:{{ns.parent}}', '{{data.structure_id}}', '{{data.structure_id}}:{{ns.parent}}', '{{data.structure_id}} - {% if f.componentId[:1] == 'S'%}Span{% elif f.componentId[:1] == 'A' %}Abutment{% else %}Pier{% endif %} {{f.componentId[1:3]}}', {{ns.order}}, '', 0, 0, 'app', '{{data.structure_id}}'),\n    {% endif %}\n('{{data.structure_id}}:{{f.componentId}}', '{{ns.parent_metaid}}', '{{data.structure_id}}:{{f.componentId}}', '{{data.structure_id}} - {% if f.componentId[:1] == 'S' %}Span{% else %}Pier{% endif %} {{f.componentId[1:3]}} - {% if f.componentId[3:4] == 'G' %}Girder{% elif f.componentId[3:5] == 'CR' %}Crosshead{% else %}Column{% endif %} {{f.componentId[-2:]}}', {{ns.order}}, '', 0, 0, 'app', '{{data.structure_id}}'),\n('{{data.structure_id}}:{{f.componentId}}:Strain', '{{data.structure_id}}:{{f.componentId}}', 'Strain', 'Bridge {{data.structure_id}} - Strain', 2, '', 0, 0, 'app', '{{data.structure_id}}'){% if not loop.last%},\n            {% endif %}\n{% set ns.order = ns.order + 1 %}\n{% endfor %};\n\nDELETE FROM transpara.transpara_kpis WHERE site_id = 'app' AND eloque_id = '{{data.structure_id}}';\nINSERT INTO transpara.transpara_kpis\n(metaid, parent_metaid, name, description, display_order, min, lll, ll, l, actual, actual_interface, target, h, hh, hhh, max, groupmap_position, bridge, abutment, span, girder, fibre, sensor, latitude, longitude, site_id, eloque_id, status)\nVALUES\n{% set ns.order = 1 %}\n{% for f in ['F01','F02','F03','F04','F05','F06','F07','F08','F09','F10','F11','F12','F13','F14','F15'] %}\n  {% if data[f] and data[f][0].fiber %}\n  {% if not loop.first %},\n  {% endif %}\n    {% set fiber = data[f] %}\n    {% for s in fiber %}\n('{{data.structure_id}}:Strain:{{s.component_id}},S{{s.sensor}}', '{{data.structure_id}}:{{s.component_id}}:Strain', '{{data.structure_id}}:Strain {{s.component_id}},R{{s.sensor}}', '{{data.structure_id}} - Fibre {{s.fiber[2:]}} - Sensor {{s.sensor}}', {{ns.order}}, 1500, 0, 0, 0, '<[wavelength_shift|asset={{data.eloque_id}},fiber={{s.fiber[2:]}},sensor={{s.sensor}}]/1.331>', 'tStore', 0, 0, 0, 0, 1600, {{ns.order}}, '{{data.structure_id}}', '', '', '', 0, 0, 0, 0, 'app', '{{data.structure_id}}', 'good'){% if not loop.last%},\n            {% endif %}\n        {% set ns.order = ns.order + 1 %}\n    {% endfor %}\n  {% endif %}\n{% endfor %};\n", "template_content": "DELETE FROM transpara.transpara_groups WHERE site_id = 'app' AND eloque_id = '{{data.structure_id}}';\nINSERT INTO transpara.transpara_groups (metaid, parent_metaid, name, description, display_order, asset_type, latitude, longitude, site_id, eloque_id)\nVALUES\n('{{data.structure_id}}', 'DoT', '{{data.structure_id[0:2]}} {{data.structure_id[2:]}}', 'Bridge {{data.eloque_id}} - {{data.bridge_name}}', {{data.structure_id[2:]}}, '{{data.classification[0]}}', '{{data.coordinates_latitude}}', '{{data.coordinates_longitude}}', 'app', '{{data.structure_id}}'),\n{% set ns = namespace(items=0) %}\n{% set ns.parent = '' %}\n{% set ns.order = 2 %}\n{% for f in data.structure %}\n    {% if f.componentId[:3] != ns.parent %}\n        {% set ns.parent = f.componentId[:3] %}\n        {% set ns.parent_metaid = data.structure_id + ':' + ns.parent %}\n('{{data.structure_id}}:{{ns.parent}}', '{{data.structure_id}}', '{{data.structure_id}}:{{ns.parent}}', '{{data.structure_id}} - {% if f.componentId[:1] == 'S'%}Span{% elif f.componentId[:1] == 'A' %}Abutment{% else %}Pier{% endif %} {{f.componentId[1:3]}}', {{ns.order}}, '', 0, 0, 'app', '{{data.structure_id}}'),\n    {% endif %}\n('{{data.structure_id}}:{{f.componentId}}', '{{ns.parent_metaid}}', '{{data.structure_id}}:{{f.componentId}}', '{{data.structure_id}} - {% if f.componentId[:1] == 'S' %}Span{% else %}Pier{% endif %} {{f.componentId[1:3]}} - {% if f.componentId[3:4] == 'G' %}Girder{% elif f.componentId[3:5] == 'CR' %}Crosshead{% else %}Column{% endif %} {{f.componentId[-2:]}}', {{ns.order}}, '', 0, 0, 'app', '{{data.structure_id}}'),\n('{{data.structure_id}}:{{f.componentId}}:Strain', '{{data.structure_id}}:{{f.componentId}}', 'Strain', 'Bridge {{data.structure_id}} - Strain', 2, '', 0, 0, 'app', '{{data.structure_id}}'){% if not loop.last%},\n            {% endif %}\n{% set ns.order = ns.order + 1 %}\n{% endfor %};\n\nDELETE FROM transpara.transpara_kpis WHERE site_id = 'app' AND eloque_id = '{{data.structure_id}}';\nINSERT INTO transpara.transpara_kpis\n(metaid, parent_metaid, name, description, display_order, min, lll, ll, l, actual, actual_interface, target, h, hh, hhh, max, groupmap_position, bridge, abutment, span, girder, fibre, sensor, latitude, longitude, site_id, eloque_id, status)\nVALUES\n{% set ns.order = 1 %}\n{% for f in ['F01','F02','F03','F04','F05','F06','F07','F08','F09','F10','F11','F12','F13','F14','F15'] %}\n  {% if data[f] and data[f][0].fiber %}\n  {% if not loop.first %},\n  {% endif %}\n    {% set fiber = data[f] %}\n    {% for s in fiber %}\n('{{data.structure_id}}:Strain:{{s.component_id}},S{{s.sensor}}', '{{data.structure_id}}:{{s.component_id}}:Strain', '{{data.structure_id}}:Strain {{s.component_id}},R{{s.sensor}}', '{{data.structure_id}} - Fibre {{s.fiber[2:]}} - Sensor {{s.sensor}}', {{ns.order}}, 1500, 0, 0, 0, '<[wavelength_shift|asset={{data.eloque_id}},fiber={{s.fiber[2:]}},sensor={{s.sensor}}]/1.331>', 'tStore', 0, 0, 0, 0, 1600, {{ns.order}}, '{{data.structure_id}}', '', '', '', 0, 0, 0, 0, 'app', '{{data.structure_id}}', 'good'){% if not loop.last%},\n            {% endif %}\n        {% set ns.order = ns.order + 1 %}\n    {% endfor %}\n  {% endif %}\n{% endfor %};\n", "path": "documents"}, "access": [], "metadata": {"selectData": {"application_function": {"label": "Remote Content Server"}, "parent_form": {"data": {"id": "dis-as-built", "description": "DIS As-Built replacement for Excel"}}}, "timezone": "Australia/Melbourne", "offset": 600, "origin": "http://192.168.1.3:8000", "referrer": "http://192.168.1.3:8000/designer/tool/reference/ops-portal-templates", "browserName": "Netscape", "userAgent": "Mozilla/5.0 (Macintosh; Intel Mac OS X 10_15_7) AppleWebKit/537.36 (KHTML, like Gecko) Chrome/102.0.0.0 Safari/537.36", "pathName": "/designer/edit/reference/ops-portal-templates/**%20New%20**", "onLine": true}, "form": "62f5ccac54d20a014ce4c02c", "externalIds": [], "created": "2022-08-12T03:44:45.240Z", "modified": "2022-08-18T01:50:22.867Z"}