{"_id": "62fda6d3aab2d31afaf32973", "owner": "62f5cc7454d20ad88be4bfc3", "roles": [], "data": {"id": "manual-forms", "templateUse": "html", "description": "Forms-Working: Forms and Resources", "_version": 1, "_form_version": "", "parent_form": "", "application_function": "", "html_editor": "<p><strong>Designer Tool Forms</strong></p><p>In the <a href=\"http://form.io\">form.io</a> world, forms come in two 'flavours': Forms and Resources. The difference is only in that Resources can be included in Forms as sources for linked data from the Form Builder directly. While this was sufficient for the stand-alone version of the Designer, this capability does not port easily to the hosted version.</p><p>The Designer does not differentiate between these two form types, other than to 'assume' that resources will have the primary unique key field named <strong>id</strong> and forms have <strong>eloque_id</strong> as their key field. This arbitrary difference not general enough, and at some point, each form should be able to have its own unique key field specific. A discussion of this change and other similar are located in the Forms section below.</p><ul><li>Application Resources -- Resources required to support end user application. For Eloque this currently includes Fibres, Sensor Types and Sensor Layouts. This list can be extended as needed to support the evolving use for Eloque.</li><li>Submissions -- All forms save their information in a MongoDB Collection named submissions. Submissions saved from the end-user application may be viewed independently of the workflow and an administrator can rename, copy and delete any of these submissions.</li><li>Tenancy and User Access -- The Designer supports multiple tenants within the saved submissions. This allows controlled access to the submissions on any application form. This is done through the meta-data files Company and Roles and configured on a User by User basis.</li><li>Documents and Tables -- Any number of Documents and Tables can be maintained within the system including web site HTML, Application Templates and various data tables for record or linked to any other part of the application or form designs.</li><li>Promotes -- The Designer Tool is configured to be deployed in the various stages of a production environment including Development, Staging and Production. The environment should be installed to run in a local developers environment for maintenance to the web server and micro-services. In addition to using the normal GitHub development cycle, forms developed locally can be promoted through the various stages of evaluation, testing, and ultimately production.</li></ul>", "document_content": "<p><strong>Designer Tool Forms</strong></p><p>In the <a href=\"http://form.io\">form.io</a> world, forms come in two 'flavours': Forms and Resources. The difference is only in that Resources can be included in Forms as sources for linked data from the Form Builder directly. While this was sufficient for the stand-alone version of the Designer, this capability does not port easily to the hosted version.</p><p>The Designer does not differentiate between these two form types, other than to 'assume' that resources will have the primary unique key field named <strong>id</strong> and forms have <strong>eloque_id</strong> as their key field. This arbitrary difference not general enough, and at some point, each form should be able to have its own unique key field specific. A discussion of this change and other similar are located in the Forms section below.</p><ul><li>Application Resources -- Resources required to support end user application. For Eloque this currently includes Fibres, Sensor Types and Sensor Layouts. This list can be extended as needed to support the evolving use for Eloque.</li><li>Submissions -- All forms save their information in a MongoDB Collection named submissions. Submissions saved from the end-user application may be viewed independently of the workflow and an administrator can rename, copy and delete any of these submissions.</li><li>Tenancy and User Access -- The Designer supports multiple tenants within the saved submissions. This allows controlled access to the submissions on any application form. This is done through the meta-data files Company and Roles and configured on a User by User basis.</li><li>Documents and Tables -- Any number of Documents and Tables can be maintained within the system including web site HTML, Application Templates and various data tables for record or linked to any other part of the application or form designs.</li><li>Promotes -- The Designer Tool is configured to be deployed in the various stages of a production environment including Development, Staging and Production. The environment should be installed to run in a local developers environment for maintenance to the web server and micro-services. In addition to using the normal GitHub development cycle, forms developed locally can be promoted through the various stages of evaluation, testing, and ultimately production.</li></ul>", "path": "documents"}, "access": [], "metadata": {"timezone": "Australia/Melbourne", "offset": 600, "origin": "http://192.168.1.3:8000", "referrer": "http://192.168.1.3:8000/app/tool/reference/documents", "browserName": "Netscape", "userAgent": "Mozilla/5.0 (Macintosh; Intel Mac OS X 10_15_7) AppleWebKit/537.36 (KHTML, like Gecko) Chrome/102.0.0.0 Safari/537.36", "pathName": "/app/edit/reference/documents/**%20New%20**", "onLine": true}, "form": "62f5ccac54d20a014ce4c02c", "externalIds": [], "created": "2022-08-18T02:41:23.203Z", "modified": "2022-08-18T02:41:23.204Z"}