{"_id": "62fda3a5aab2d38d0cf32972", "owner": "62f5cc7454d20ad88be4bfc3", "roles": [], "data": {"id": "manual-index", "templateUse": "html", "description": "Application Manual Index", "_version": 3, "_form_version": "", "parent_form": "", "application_function": "", "html_editor": "<p>Forms-Working -- Application</p><ul><li>Promotes</li><li>Security</li><li>Supporting Tables</li><li>Production Deployment</li><li>Installation</li><li>Testing</li></ul><p>Forms-Working -- Forms and Resources</p><ul><li>Application Resources<ul><li>Fibres</li><li>Sensor Types</li><li>Sensor Layouts</li></ul></li><li>Form Submissions<ul><li>View</li><li>Submissions</li></ul></li><li><a href=\"manual-tenancy\">Tenancy</a><ul><li>Company</li><li>Users</li><li>Roles</li><li>Menus</li></ul></li><li>Documents<ul><li>Country</li><li>Tables</li><li>Documents</li><li>Reports</li></ul></li><li>Promotes<ul><li>Hosts</li><li>Forms</li><li>Form Action Methods</li><li>Promote</li><li>Promote Log</li></ul></li></ul><p>Internal Workings</p><ul><li>Routing Endpoints<ul><li>Website Endpoints</li><li>Application Endpoints</li><li>Application Output Endpoints</li><li>formio.js Endpoints</li></ul></li><li>API Libraries 35<ul><li>formio_api - Routines Accessing FORM.IO APIs</li><li>jinja_api - Routines to Create and Save Formatted Documents</li><li>update_db - Routines to Access to PostgreSQL Data Base</li><li>layout_v2 - Routine to Layout Sensors by Fibre by Component</li><li>webhook - Post Processing After Submission Save</li><li>util - Shared Routines</li><li>promote_api - Routines to Promote Forms and Submissions</li><li>clone_data - Routines to Initialise New Instance from Repo</li></ul></li></ul>", "template_editor": "", "document_content": "<p>Forms-Working -- Application</p><ul><li>Promotes</li><li>Security</li><li>Supporting Tables</li><li>Production Deployment</li><li>Installation</li><li>Testing</li></ul><p>Forms-Working -- Forms and Resources</p><ul><li>Application Resources<ul><li>Fibres</li><li>Sensor Types</li><li>Sensor Layouts</li></ul></li><li>Form Submissions<ul><li>View</li><li>Submissions</li></ul></li><li><a href=\"manual-tenancy\">Tenancy</a><ul><li>Company</li><li>Users</li><li>Roles</li><li>Menus</li></ul></li><li>Documents<ul><li>Country</li><li>Tables</li><li>Documents</li><li>Reports</li></ul></li><li>Promotes<ul><li>Hosts</li><li>Forms</li><li>Form Action Methods</li><li>Promote</li><li>Promote Log</li></ul></li></ul><p>Internal Workings</p><ul><li>Routing Endpoints<ul><li>Website Endpoints</li><li>Application Endpoints</li><li>Application Output Endpoints</li><li>formio.js Endpoints</li></ul></li><li>API Libraries 35<ul><li>formio_api - Routines Accessing FORM.IO APIs</li><li>jinja_api - Routines to Create and Save Formatted Documents</li><li>update_db - Routines to Access to PostgreSQL Data Base</li><li>layout_v2 - Routine to Layout Sensors by Fibre by Component</li><li>webhook - Post Processing After Submission Save</li><li>util - Shared Routines</li><li>promote_api - Routines to Promote Forms and Submissions</li><li>clone_data - Routines to Initialise New Instance from Repo</li></ul></li></ul>", "path": "documents"}, "access": [], "metadata": {"timezone": "Australia/Melbourne", "offset": 600, "origin": "http://192.168.1.3:8000", "referrer": "http://192.168.1.3:8000/app/tool/reference/documents", "browserName": "Netscape", "userAgent": "Mozilla/5.0 (Macintosh; Intel Mac OS X 10_15_7) AppleWebKit/537.36 (KHTML, like Gecko) Chrome/102.0.0.0 Safari/537.36", "pathName": "/app/edit/reference/documents/**%20New%20**", "onLine": true}, "form": "62f5ccac54d20a014ce4c02c", "externalIds": [], "created": "2022-08-18T02:27:49.395Z", "modified": "2022-08-18T04:30:36.825Z"}