{"_id": "62f5ccae54d20a6416e4c03c", "owner": "627ddf364022c591c1b05f1b", "roles": [], "data": {"id": "41200256", "fibreType": "peek", "description": "25 Sensor Original -- less", "sensorsPerFiber": 25, "createDate": "2022-05-31T02:00:00.000Z", "sensors_built": true, "show_page": "json", "wls_to_strain_value": 1.331, "wls_to_strain_unit": "pm/micro-strain", "wls_to_temperature_value": 10, "wls_to_temperature_unit": "pm/micro-strain", "all_sensors": [{"central_wavelength": 1511.5, "sensor_id": "R01", "spacing_before_sensor_point": 17001}, {"central_wavelength": 1514.7, "sensor_id": "R02", "spacing_before_sensor_point": 200}, {"central_wavelength": 1517.9, "sensor_id": "R03", "spacing_before_sensor_point": 200}, {"central_wavelength": 1521.1, "sensor_id": "R04", "spacing_before_sensor_point": 2500}, {"central_wavelength": 1524.3, "sensor_id": "R05", "spacing_before_sensor_point": 2500}, {"central_wavelength": 1527.5, "sensor_id": "R06", "spacing_before_sensor_point": 2500}, {"central_wavelength": 1530.7, "sensor_id": "R07", "spacing_before_sensor_point": 2500}, {"central_wavelength": 1533.9, "sensor_id": "R08", "spacing_before_sensor_point": 2500}, {"central_wavelength": 1537.1, "sensor_id": "R09", "spacing_before_sensor_point": 2500}, {"central_wavelength": 1540.3, "sensor_id": "R10", "spacing_before_sensor_point": 2500}, {"central_wavelength": 1543.5, "sensor_id": "R11", "spacing_before_sensor_point": 2500}, {"central_wavelength": 1546.7, "sensor_id": "R12", "spacing_before_sensor_point": 2500}, {"central_wavelength": 1549.9, "sensor_id": "R13", "spacing_before_sensor_point": 2500}, {"central_wavelength": 1553.1, "sensor_id": "R14", "spacing_before_sensor_point": 2500}, {"central_wavelength": 1556.3, "sensor_id": "R15", "spacing_before_sensor_point": 2500}, {"central_wavelength": 1559.5, "sensor_id": "R16", "spacing_before_sensor_point": 2500}, {"central_wavelength": 1562.7, "sensor_id": "R17", "spacing_before_sensor_point": 2500}, {"central_wavelength": 1565.9, "sensor_id": "R18", "spacing_before_sensor_point": 2500}, {"central_wavelength": 1569.1, "sensor_id": "R19", "spacing_before_sensor_point": 2500}, {"central_wavelength": 1572.3, "sensor_id": "R20", "spacing_before_sensor_point": 2500}, {"central_wavelength": 1575.5, "sensor_id": "R21", "spacing_before_sensor_point": 2500}, {"central_wavelength": 1578.7, "sensor_id": "R22", "spacing_before_sensor_point": 2500}, {"central_wavelength": 1581.9, "sensor_id": "R23", "spacing_before_sensor_point": 2500}, {"central_wavelength": 1585.1, "sensor_id": "R24", "spacing_before_sensor_point": 200}, {"central_wavelength": 1588.3, "sensor_id": "R25", "spacing_before_sensor_point": 200}], "jsonData": "{\n\t\"number_of_sensors\": 25,\n\t\"wls_to_strain\": {\n\t\t\"value\": \"1.331\",\n\t\t\"unit\": \"pm/micro-strain\"\n\t},\n\t\"wls_to_temperature\": {\n\t\t\"value\": \"10\",\n\t\t\"unit\": \"pm/micro-strain\"\n\t},\n\t\"central_wls\": {\n\t\t\"value\": [1511.5,1514.7,1517.9,1521.1,1524.3,1527.5,1530.7,1533.9,1537.1,1540.3,1543.5,1546.7,1549.9,1553.1,1556.3,1559.5,1562.7,1565.9,1569.1,1572.3,1575.5,1578.7,1581.9,1585.1,1588.3],\n\t\t\"unit\": \"nm\"\n\t},\n\t\"spacing_before_sensing_point\": {\n\t\t\"value\": [17001,200,200,2500,2500,2500,2500,2500,2500,2500,2500,2500,2500,2500,2500,2500,2500,2500,2500,2500,2500,2500,2500,200,200],\n\t\t\"unit\": \"mm\"\n\t}\n}", "path": "fiberlibrary"}, "access": [], "metadata": {"selectData": {"fibreType": {"label": "PEEK"}, "wls_to_strain_unit": {"label": "pm/micro-strain"}, "wls_to_temperature_unit": {"label": "pm/celsius"}}, "timezone": "Australia/Melbourne", "offset": 600, "origin": "http://localhost:8000", "referrer": "http://localhost:8000/panel/tool/reference/fiberlibrary", "browserName": "Netscape", "userAgent": "Mozilla/5.0 (Macintosh; Intel Mac OS X 10_15_7) AppleWebKit/537.36 (KHTML, like Gecko) Chrome/100.0.4896.75 Safari/537.36", "pathName": "/panel/edit/reference/fiberlibrary/**%20New%20**", "onLine": true}, "form": "62f5ccae54d20ae70be4c03a", "externalIds": [], "created": "2022-08-12T03:44:46.817Z", "modified": "2022-08-12T06:08:58.312Z"}