{"_id": "62f5cc9954d20a46aae4bffe", "owner": "627ddf364022c591c1b05f1b", "roles": [], "data": {"id": "view_browse", "description": "View of Form Submissions", "title": "View", "primaryForm": "view", "add_new": true, "_version": "", "_form_version": "", "columns": [{"data_type": "refLink", "format": "", "label": "ID", "sort": "none", "submission_field": "id"}, {"data_type": "text", "format": "", "label": "Description", "sort": "none", "submission_field": "description"}, {"data_type": "browseLink", "format": "", "label": "Open", "sort": "none", "submission_field": "id"}], "browseLabels": "<th>ID</th><th>Description</th><th>Open</th>", "dataTableScript": "$(document).ready( function () { \n         $('#server').DataTable({ \n             processing: true, \n             serverSide: true, \n             ajax: '../get_submissions_paged?path=view&fields=id,description,id&formats=,,&sorts=none,none,none',\n             columns: [ \n { \"data\": \"id\",\"fnCreatedCell\": function (nTd, sData, oData, iRow, iCol) { $(nTd).html(\"<a href='javascript:refLink(`\"+oData.id+\"`)'>\"+oData.id+\"</a>\");}},\n{ \"data\": \"description\" },\n{ \"data\": \"id\",\"fnCreatedCell\": function (nTd, sData, oData, iRow, iCol) { $(nTd).html(\"<a href='javascript:NewBrowse(`\"+oData.id+\"`)'>\"+oData.id+\"</a>\");}}\n             ]\n         }) \n     });\n", "path": "view"}, "access": [], "metadata": {"browserName": "Netscape", "offset": 600, "onLine": true, "origin": "http://172.16.100.185:8000", "pathName": "/designer/edit/reference/browse/**%20New%20**", "referrer": "http://172.16.100.185:8000/designer/tool/reference/browse", "selectData": {"columns": [{"data_type": {"label": "Ref Link"}, "sort": {"label": "none"}}, {"data_type": {"label": "Text"}, "sort": {"label": "none"}}, {"data_type": {"label": "Browse Link"}, "sort": {"label": "none"}}, {"data_type": {"label": "ImageLink"}, "sort": {"label": "none"}}], "primaryForm": {"data": {"id": "view", "description": "Views of Submissions by Form"}}}, "timezone": "Australia/Melbourne", "userAgent": "Mozilla/5.0 (Macintosh; Intel Mac OS X 10_15_7) AppleWebKit/537.36 (KHTML, like Gecko) Chrome/102.0.0.0 Safari/537.36"}, "form": "62f5cc9954d20a5054e4bff9", "externalIds": [], "created": "2022-08-12T03:44:25.857Z", "modified": "2022-08-19T00:13:23.881Z"}