{"_id": "62f5ccac54d20a4503e4c029", "owner": "627ddf364022c591c1b05f1b", "roles": [], "data": {"id": "WS-OPS", "description": "Washington State Ops", "form_read_only_access": [], "form_full_access": ["bridge-overview", "mapping-sensors", "sensor-type", "fiberlibrary", "dis-as-design", "sensor-layout"], "company_read_only_access": [], "company_full_access": ["WSDOT"], "view_read_only_access": [], "view_full_access": [], "path": "access-roles"}, "access": [], "metadata": {"browserName": "Netscape", "offset": 600, "onLine": true, "origin": "http://192.168.1.5:8000", "pathName": "/designer/edit/reference/access-roles/**%20New%20**", "referrer": "http://192.168.1.5:8000/designer/tool/reference/access-roles", "selectData": {"company_full_access": {"data": {"id": "WSDOT"}}, "company_read_only_access": {"data": {"id": "WSDOT"}}, "form_full_access": {"data": {"id": "sensor-layout"}}, "form_read_only_access": {"data": {"id": "mapping-design"}}}, "timezone": "Australia/Melbourne", "userAgent": "Mozilla/5.0 (Macintosh; Intel Mac OS X 10_15_7) AppleWebKit/537.36 (KHTML, like Gecko) Chrome/102.0.0.0 Safari/537.36"}, "form": "62f5ccac54d20a775ae4c027", "externalIds": [], "created": "2022-08-12T03:44:44.586Z", "modified": "2022-08-12T06:08:55.962Z"}