{"_id": "62f5ccac54d20a2096e4c02b", "owner": "627ddf364022c591c1b05f1b", "roles": [], "data": {"id": "ADMIN", "description": "Full access to system", "form_read_only_access": [], "form_full_access": ["mapping-design", "bridge-overview", "dis-as-design", "dis-as-built", "fiberlibrary", "formio-hosts", "app-forms", "user", "form-promote-entry", "form-promote", "ops-limits", "ops-portal-templates", "bridge-design-change-log", "change-password", "mapping-sensors", "access-roles", "sensor-type", "sensor-layout", "company", "tables", "country", "browse", "sensor-types", "view", "menus", "templates", "reports"], "company_read_only_access": [], "company_full_access": ["VIC DoT", "WSDOT"], "view_read_only_access": [], "view_full_access": ["Assets", "OPS Control Panel", "promote_log", "view_browse"], "path": "access-roles"}, "access": [], "metadata": {"browserName": "Netscape", "offset": 600, "onLine": true, "origin": "http://192.168.1.5:8000", "pathName": "/designer/edit/reference/access-roles/**%20New%20**", "referrer": "http://192.168.1.5:8000/designer/tool/reference/access-roles", "selectData": {"company_full_access": {"data": {"id": "WSDOT", "description": "Washington State Department of Transportation"}}, "company_read_only_access": {"data": {"id": "WSDOT"}}, "form_full_access": {"data": {"id": "reports", "description": "Report Description with Change"}}, "form_read_only_access": {"data": {"id": "access-roles"}}, "view_full_access": {"data": {"id": "view_browse", "description": "View of Form Submissions -- Different views of the save forms's submissions can havce different fields and links options"}}}, "timezone": "Australia/Melbourne", "userAgent": "Mozilla/5.0 (Macintosh; Intel Mac OS X 10_15_7) AppleWebKit/537.36 (KHTML, like Gecko) Chrome/102.0.0.0 Safari/537.36"}, "form": "62f5ccac54d20a775ae4c027", "externalIds": [], "created": "2022-08-12T03:44:44.750Z", "modified": "2022-08-12T06:08:56.050Z"}