{"_id": "62f5cc9954d20a9901e4bfff", "owner": "627ddf364022c591c1b05f1b", "roles": [], "data": {"id": "OPS Control Panel", "description": "OPS Control Panel", "title": "OPS Panel", "primaryForm": "ops-limits", "add_new": true, "_version": "", "_form_version": "", "columns": [{"data_type": "appLink", "format": "", "label": "Eloque ID", "sort": "asc", "submission_field": "eloque_id"}, {"data_type": "text", "format": "", "label": "Bridge Name", "sort": "none", "submission_field": "bridge_name"}], "browseLabels": "<th>Eloque ID</th><th>Bridge Name</th>", "dataTableScript": "$(document).ready( function () { \n         $('#server').DataTable({ \n             processing: true, \n             serverSide: true, \n             ajax: '../get_submissions_paged?path=ops-limits&fields=eloque_id,bridge_name&formats=,&sorts=asc,none',\n             columns: [ \n { \"data\": \"eloque_id\",\"fnCreatedCell\": function (nTd, sData, oData, iRow, iCol) { $(nTd).html(\"<a href='javascript:appLink(`\"+oData.eloque_id+\"`)'>\"+oData.eloque_id+\"</a>\");}},\n{ \"data\": \"bridge_name\" }\n             ]\n         }) \n     });\n", "path": "view"}, "access": [], "metadata": {"browserName": "Netscape", "offset": 600, "onLine": true, "origin": "http://192.168.1.3:8000", "pathName": "/designer/edit/view/**%20New%20**", "referrer": "http://192.168.1.3:8000/designer/view/view_browse", "selectData": {"columns": [{"data_type": {"label": "App Link"}, "sort": {"label": "Ascending"}}, {"data_type": {"label": "Text"}, "sort": {"label": "none"}}], "primaryForm": {"data": {"id": "ops-limits", "description": "OPS Control Panel Limits"}}}, "timezone": "Australia/Melbourne", "userAgent": "Mozilla/5.0 (Macintosh; Intel Mac OS X 10_15_7) AppleWebKit/537.36 (KHTML, like Gecko) Chrome/102.0.0.0 Safari/537.36"}, "form": "62f5cc9954d20a5054e4bff9", "externalIds": [], "created": "2022-08-12T03:44:25.963Z", "modified": "2022-08-19T00:13:50.195Z"}