{"_id": "62f5cc9954d20a24c6e4bffd", "owner": "627ddf364022c591c1b05f1b", "roles": [], "data": {"id": "promote_log", "description": "Promote Log Browse", "title": "Promote Log", "primaryForm": "form-promote", "add_new": false, "_version": "", "_form_version": "", "columns": [{"data_type": "dateTime", "format": "yyyy-MM-dd hh:mm:ss", "label": "Date/Time", "sort": "desc", "submission_field": "promoteDateTime"}, {"data_type": "text", "format": "", "label": "Type", "sort": "none", "submission_field": "promote_type"}, {"data_type": "text", "format": "", "label": "Form", "sort": "none", "submission_field": "path"}, {"data_type": "", "format": "", "label": "Key", "sort": "none", "submission_field": "key_value"}, {"data_type": "", "format": "", "label": "User", "sort": "none", "submission_field": "promoteUser"}, {"data_type": "", "format": "", "label": "From Host", "sort": "none", "submission_field": "promote_from_host"}, {"data_type": "", "format": "", "label": "To Host", "sort": "none", "submission_field": "promote_to_host"}, {"data_type": "", "format": "", "label": "Version", "sort": "none", "submission_field": "version"}, {"label": "Details", "submission_field": "description", "data_type": "popUp", "format": "", "sort": "none"}], "browseLabels": "<th>Date/Time</th><th>Type</th><th>Form</th><th>Key</th><th>User</th><th>From Host</th><th>To Host</th><th>Version</th><th>Details</th>", "dataTableScript": "$(document).ready( function () { \n         $('#server').DataTable({ \n             lengthChange: true, \n             pageLength: 25, \n             processing: true, \n             serverSide: true, \n             ajax: '../get_submissions_paged?path=form-promote&page=1&length=25&fields=promoteDateTime,promote_type,path,key_value,promoteUser,promote_from_host,promote_to_host,version,description&formats=yyyy-MM-dd hh:mm:ss,,,,,,,,&sorts=desc,none,none,none,none,none,none,none,none',\n             columns: [ \n { \"data\": \"promoteDateTime\" },\n{ \"data\": \"promote_type\" },\n{ \"data\": \"path\" },\n{ \"data\": \"key_value\" },\n{ \"data\": \"promoteUser\" },\n{ \"data\": \"promote_from_host\" },\n{ \"data\": \"promote_to_host\" },\n{ \"data\": \"version\" },\n{ \"data\": \"description\",\"fnCreatedCell\": function (nTd, sData, oData, iRow, iCol) { $(nTd).html(\"<div class='popup_main'><button class='open_popup'>Details</button><div class='popup_body'><div class='popup_back'></div><div class='popup_contain'><div class='popup_close'>x</div><div style='overflow-y: scroll; height:400px;'>\"+oData.description+\"</div></div></div>\");}}\n             ]\n         }) \n     });\n", "path": "view"}, "access": [], "metadata": {"browserName": "Netscape", "offset": 600, "onLine": true, "origin": "http://192.168.1.5:8000", "pathName": "/designer/edit/reference/browse/**%20New%20**", "referrer": "http://192.168.1.5:8000/designer/tool/reference/browse", "selectData": {"columns": [{"data_type": {"label": "Date/Time"}, "sort": {"label": "Descending"}}, {"data_type": {"label": "Text"}, "sort": {"label": "none"}}, {"data_type": {"label": "Text"}, "sort": {"label": "none"}}, {"data_type": {"label": "Pop-Up"}, "sort": {"label": "none"}}, {"data_type": {"label": "Pop-Up"}, "sort": {"label": "none"}}, {"data_type": {"label": "Pop-Up"}, "sort": {"label": "none"}}, {"data_type": {"label": "Pop-Up"}, "sort": {"label": "none"}}, {"data_type": {"label": "Pop-Up"}, "sort": {"label": "none"}}, {"data_type": {"label": "Pop-Up"}, "sort": {"label": "none"}}], "primaryForm": {"data": {"id": "form-promote", "description": "Form & Submission Promote Log"}}}, "timezone": "Australia/Melbourne", "userAgent": "Mozilla/5.0 (Macintosh; Intel Mac OS X 10_15_7) AppleWebKit/537.36 (KHTML, like Gecko) Chrome/102.0.0.0 Safari/537.36"}, "form": "62f5cc9954d20a5054e4bff9", "externalIds": [], "created": "2022-08-12T03:44:25.760Z", "modified": "2022-08-12T06:08:33.939Z"}