{"_id": "62f5cc9954d20a1532e4bffb", "owner": "627ddf364022c591c1b05f1b", "roles": [], "data": {"id": "change_log", "description": "Application Submission Change Log", "title": "Change Log", "primaryForm": "bridge-design-change-log", "add_new": false, "_version": "", "_form_version": "", "columns": [{"data_type": "dateTime", "format": "", "label": "Date/Time", "sort": "none", "submission_field": "logDateTime"}, {"data_type": "", "format": "", "label": "Form", "sort": "none", "submission_field": "form_name"}, {"data_type": "", "format": "", "label": "User", "sort": "none", "submission_field": "logUser"}, {"data_type": "", "format": "", "label": "First Change", "sort": "none", "submission_field": "logFirstChange"}, {"data_type": "popUp", "format": "", "label": "Details", "sort": "none", "submission_field": "logComment"}], "browseLabels": "<th>Date/Time</th><th>Form</th><th>User</th><th>First Change</th><th>Details</th>", "dataTableScript": "$(document).ready( function () { \n         $('#server').DataTable({ \n             lengthChange: true, \n             pageLength: 25, \n             processing: true, \n             serverSide: true, \n             ajax: '../get_submissions_paged?path=bridge-design-change-log&page=1&length=25&fields=logDateTime,form_name,logUser,logFirstChange,logComment&formats=,,,,&sorts=none,none,none,none,none',\n             columns: [ \n { \"data\": \"logDateTime\" },\n{ \"data\": \"form_name\" },\n{ \"data\": \"logUser\" },\n{ \"data\": \"logFirstChange\" },\n{ \"data\": \"logComment\",\"fnCreatedCell\": function (nTd, sData, oData, iRow, iCol) { $(nTd).html(\"<div class='popup_main'><button class='open_popup'>Details</button><div class='popup_body'><div class='popup_back'></div><div class='popup_contain'><div class='popup_close'>x</div><div style='overflow-y: scroll; height:400px;'>\"+oData.logComment+\"</div></div></div>\");}}\n             ]\n         }) \n     });\n", "path": "view"}, "access": [], "metadata": {"selectData": {"columns": [{"data_type": {"label": "Date/Time"}, "sort": {"label": "none"}}, {"data_type": {"label": "Pop-Up"}, "sort": {"label": "none"}}, {"data_type": {"label": "Pop-Up"}, "sort": {"label": "none"}}, {"data_type": {"label": "Pop-Up"}, "sort": {"label": "none"}}, {"data_type": {"label": "Pop-Up"}, "sort": {"label": "none"}}], "primaryForm": {"data": {"id": "bridge-design-change-log"}}}, "timezone": "Australia/Melbourne", "offset": 600, "origin": "http://192.168.1.3:8000", "referrer": "http://192.168.1.3:8000/designer/tool/view", "browserName": "Netscape", "userAgent": "Mozilla/5.0 (Macintosh; Intel Mac OS X 10_15_7) AppleWebKit/537.36 (KHTML, like Gecko) Chrome/102.0.0.0 Safari/537.36", "pathName": "/designer/edit/view/**%20New%20**", "onLine": true}, "form": "62f5cc9954d20a5054e4bff9", "externalIds": [], "created": "2022-08-12T03:44:25.520Z", "modified": "2022-08-12T06:08:34.274Z"}