{"_id": "62f5cc8e54d20a29d3e4bfe3", "owner": "627ddf364022c591c1b05f1b", "roles": [], "data": {"eloque_id": "AU-03COB-BR4016", "eloque_id2": "AU-03COB-BR4016", "bridge_name": "Cobden", "asset_id": "3COB_4016", "sharepoint_name": "3COB-4016", "_version": 3, "_form_version": "0", "structure_id": "SN4016", "asset_owner": "", "classification": ["I-B"], "design_status": "as-built", "sensor_type": "eloque-fiber", "ops_dashboard_link": "", "app_dashboard_link": "https://app.eloque.com/?pid=0&dashid=144dd29d-5c4a-433b-bb9d-9e7e842e661d", "coordinates_latitude": -38.36927, "coordinates_longitude": 143.11572, "path": "bridge-overview"}, "access": [], "metadata": {"browserName": "Netscape", "offset": 600, "onLine": true, "origin": "http://192.168.1.6:8000", "pathName": "/designer/edit/bridge-overview/**%20New%20**", "referrer": "http://192.168.1.6:8000/designer/tool/bridges", "selectData": {"classification": {"label": "I-B"}, "design_status": {"label": "As Built"}, "country": {"label": "New Zealand"}, "state": {"label": "California"}, "asset_type": {"label": "Rail"}}, "timezone": "Australia/Melbourne", "userAgent": "Mozilla/5.0 (Macintosh; Intel Mac OS X 10_15_7) AppleWebKit/537.36 (KHTML, like Gecko) Chrome/102.0.5005.61 Safari/537.36"}, "form": "62f5cc8954d20ae550e4bfcb", "externalIds": [], "created": "2022-08-12T03:44:14.757Z", "modified": "2022-08-12T06:08:18.867Z"}