{"_id": "62f5cc8d54d20a5d60e4bfdf", "owner": "627ddf364022c591c1b05f1b", "roles": [], "data": {"eloque_id": "AU-03KAL-BR1051", "eloque_id2": "AU-03KAL-BR1051", "bridge_name": "Kalkallo", "asset_id": "SN1051_KALKALLO", "sharepoint_name": "3KAL-51", "_version": 4, "_form_version": "0", "structure_id": "SN1051", "asset_owner": "VIC DoT", "classification": ["I-A"], "design_status": "initialDesign", "sensor_type": "eloque-fiber", "ops_dashboard_link": "https://ops.eloque.com/?pid=0&dashid=230996b6-e229-4d65-84a8-96bbb5e91d12", "app_dashboard_link": "https://app.eloque.com/?pid=0&dashid=60194780-fce5-4e37-9827-6a491e9c89b6", "coordinates_latitude": -37.52816, "coordinates_longitude": 144.94768, "path": "bridge-overview"}, "access": [], "metadata": {"browserName": "Netscape", "offset": 600, "onLine": true, "origin": "http://192.168.1.5:8000", "pathName": "/designer/edit/bridge-overview/**%20New%20**", "referrer": "http://192.168.1.5:8000/designer/login", "selectData": {"asset_type": {"label": "Rail"}, "classification": {"label": "I-A"}, "country": {"label": "New Zealand"}, "design_status": {"label": "Initial Design"}, "state": {"label": "California"}, "asset_owner": {"data": {"id": "VIC DoT"}}}, "timezone": "Australia/Melbourne", "userAgent": "Mozilla/5.0 (Macintosh; Intel Mac OS X 10_15_7) AppleWebKit/537.36 (KHTML, like Gecko) Chrome/102.0.0.0 Safari/537.36"}, "form": "62f5cc8954d20ae550e4bfcb", "externalIds": [], "created": "2022-08-12T03:44:13.924Z", "modified": "2022-08-12T06:08:20.872Z"}