{"_id": "62f5cc8b54d20a658ce4bfd4", "owner": "627ddf364022c591c1b05f1b", "roles": [], "data": {"eloque_id": "AU-03MOU-BR3306", "eloque_id2": "AU-03MOU-BR3306", "bridge_name": "Mount Martha", "asset_id": "SN3306_MOUNT_MARTHA", "sharepoint_name": "3MOU-3306", "_version": 1, "_form_version": "0", "structure_id": "SN3306", "asset_owner": "", "classification": ["I-A"], "design_status": "enabled", "sensor_type": "eloque-fiber", "ops_dashboard_link": "", "app_dashboard_link": "", "coordinates_latitude": -38.264, "coordinates_longitude": 145.03716, "path": "bridge-overview"}, "access": [], "metadata": {"selectData": {"country": {"label": "Australia"}, "state": {"label": "Victoria"}, "asset_type": {"label": "Bridge"}, "classification": {"label": "I-A"}, "design_status": {"label": "Enabled"}}, "timezone": "Australia/Melbourne", "offset": 600, "origin": "http://192.168.1.5:8000", "referrer": "http://192.168.1.5:8000/designer/login", "browserName": "Netscape", "userAgent": "Mozilla/5.0 (Macintosh; Intel Mac OS X 10_15_7) AppleWebKit/537.36 (KHTML, like Gecko) Chrome/102.0.0.0 Safari/537.36", "pathName": "/designer/edit/bridge-overview/**%20New%20**", "onLine": true}, "form": "62f5cc8954d20ae550e4bfcb", "externalIds": [], "created": "2022-08-12T03:44:11.557Z", "modified": "2022-08-12T06:08:23.273Z"}