{"_id": "62f5cc8f54d20a2472e4bfe7", "owner": "627ddf364022c591c1b05f1b", "roles": [], "data": {"eloque_id": "AU-3DEA-BR3955", "eloque_id2": "AU-3DEA-BR3955", "bridge_name": "Deans Marsh", "asset_id": "3DEA_3955", "sharepoint_name": "3DEA-3955", "_version": 3, "_form_version": "0", "structure_id": "SN3955", "asset_owner": "", "classification": ["I-B"], "design_status": "as-built", "sensor_type": "eloque-fiber", "ops_dashboard_link": "", "app_dashboard_link": "https://app.eloque.com/?pid=0&dashid=34fa5791-5296-4dec-98ad-3a0eec560408", "coordinates_latitude": -38.3968, "coordinates_longitude": 143.857, "path": "bridge-overview"}, "access": [], "metadata": {"browserName": "Netscape", "offset": 600, "onLine": true, "origin": "http://192.168.1.6:8000", "pathName": "/designer/edit/bridge-overview/**%20New%20**", "referrer": "http://192.168.1.6:8000/designer/login", "selectData": {"classification": {"label": "I-B"}, "design_status": {"label": "As Built"}, "country": {"label": "New Zealand"}, "state": {"label": "California"}, "asset_type": {"label": "Rail"}}, "timezone": "Australia/Melbourne", "userAgent": "Mozilla/5.0 (Macintosh; Intel Mac OS X 10_15_7) AppleWebKit/537.36 (KHTML, like Gecko) Chrome/102.0.5005.61 Safari/537.36"}, "form": "62f5cc8954d20ae550e4bfcb", "externalIds": [], "created": "2022-08-12T03:44:15.588Z", "modified": "2022-08-12T06:08:21.398Z"}