{"_id": "62f5cc8a54d20a73a1e4bfcf", "owner": "627ddf364022c591c1b05f1b", "roles": [], "data": {"eloque_id": "AU-03AGN-BR3159", "eloque_id2": "AU-03AGN-BR3159", "bridge_name": "Agnes", "asset_id": "3AGN_3159", "sharepoint_name": "3AGN-3159", "_version": 9, "_form_version": "0", "structure_id": "SN3159", "asset_owner": "", "classification": ["I-A"], "design_status": "designUpdate", "sensor_type": "eloque-fiber", "ops_dashboard_link": "https://ops.eloque.com/?gid=5e0a6163-3ad5-4242-be15-acf1b9201090&pid=0&gv=0&gx=0&kv=8&gid0=973405db-a2c5-4034-8498-ca87db5c3133&kx=1&dashid=a73dc524-294b-4f5a-a413-8ccedf7dad57", "app_dashboard_link": "", "coordinates_latitude": -38.6709, "coordinates_longitude": 146.38812, "path": "bridge-overview"}, "access": [], "metadata": {"browserName": "Netscape", "offset": 600, "onLine": true, "origin": "http://localhost:8000", "pathName": "/panel/edit/bridge-overview/**%20New%20**", "referrer": "http://localhost:8000/panel/tool/bridges", "selectData": {"classification": {"label": "I-A"}, "design_status": {"label": "Design Update"}, "country": {"label": "New Zealand"}, "state": {"label": "California"}, "asset_type": {"label": "Rail"}}, "timezone": "Australia/Melbourne", "userAgent": "Mozilla/5.0 (Macintosh; Intel Mac OS X 10_15_7) AppleWebKit/537.36 (KHTML, like Gecko) Chrome/100.0.4896.75 Safari/537.36"}, "form": "62f5cc8954d20ae550e4bfcb", "externalIds": [], "created": "2022-08-12T03:44:10.387Z", "modified": "2022-08-12T06:08:19.675Z"}