{"_id": "62f5cc8c54d20a7d25e4bfd7", "owner": "627ddf364022c591c1b05f1b", "roles": [], "data": {"eloque_id": "AU-03GRA-BR2625", "eloque_id2": "AU-03GRA-BR2625", "bridge_name": "Northern Grampians", "asset_id": "3GRA_2625", "sharepoint_name": "3GRA-2625", "_version": 1, "_form_version": "0", "structure_id": "SN2625", "asset_owner": "", "classification": ["I-B"], "design_status": "as-designed", "sensor_type": "eloque-fiber", "ops_dashboard_link": "", "app_dashboard_link": "", "coordinates_latitude": -36.64056, "coordinates_longitude": 142.97784, "path": "bridge-overview"}, "access": [], "metadata": {"selectData": {"country": {"label": "Australia"}, "state": {"label": "Victoria"}, "asset_type": {"label": "Bridge"}, "classification": {"label": "I-B"}, "design_status": {"label": "As Designed"}}, "timezone": "Australia/Melbourne", "offset": 600, "origin": "http://192.168.1.5:8000", "referrer": "http://192.168.1.5:8000/designer/login", "browserName": "Netscape", "userAgent": "Mozilla/5.0 (Macintosh; Intel Mac OS X 10_15_7) AppleWebKit/537.36 (KHTML, like Gecko) Chrome/102.0.0.0 Safari/537.36", "pathName": "/designer/edit/bridge-overview/**%20New%20**", "onLine": true}, "form": "62f5cc8954d20ae550e4bfcb", "externalIds": [], "created": "2022-08-12T03:44:12.190Z", "modified": "2022-08-12T06:08:25.238Z"}