{"_id": "62f5cc8f54d20a14b8e4bfe6", "owner": "627ddf364022c591c1b05f1b", "roles": [], "data": {"eloque_id": "AU-03DUM-BR7464", "eloque_id2": "AU-03DUM-BR7464", "bridge_name": "Dumbalk", "asset_id": "3DUM_7464", "sharepoint_name": "3DUM-7464", "_version": 4, "_form_version": "0", "structure_id": "SN7464", "asset_owner": "", "classification": ["I-B"], "design_status": "new", "sensor_type": "eloque-fiber", "ops_dashboard_link": "", "app_dashboard_link": "", "coordinates_latitude": -38.1135, "coordinates_longitude": 143.31865, "path": "bridge-overview"}, "access": [], "metadata": {"browserName": "Netscape", "offset": 600, "onLine": true, "origin": "http://192.168.1.5:8000", "pathName": "/designer/edit/bridge-overview/**%20New%20**", "referrer": "http://192.168.1.5:8000/designer/login", "selectData": {"asset_type": {"label": "Rail"}, "classification": {"label": "I-B"}, "country": {"label": "New Zealand"}, "design_status": {"label": "New"}, "state": {"label": "California"}}, "timezone": "Australia/Melbourne", "userAgent": "Mozilla/5.0 (Macintosh; Intel Mac OS X 10_15_7) AppleWebKit/537.36 (KHTML, like Gecko) Chrome/102.0.0.0 Safari/537.36"}, "form": "62f5cc8954d20ae550e4bfcb", "externalIds": [], "created": "2022-08-12T03:44:15.320Z", "modified": "2022-08-12T06:08:22.446Z"}