{"_id": "62f5cc8c54d20ae74fe4bfd9", "owner": "627ddf364022c591c1b05f1b", "roles": [], "data": {"eloque_id": "AU-03LON-BR1333", "eloque_id2": "AU-03LON-BR1333", "bridge_name": "Longwood", "asset_id": "SN1333_LONGWOOD", "sharepoint_name": "3LON-SN1330", "_version": 2, "_form_version": "0", "structure_id": "SN1333", "asset_owner": "", "classification": ["I-A"], "design_status": "designUpdate", "sensor_type": "eloque-fiber", "ops_dashboard_link": "https://ops.eloque.com/?pid=0&dashid=8bb9291a-1d83-4fc4-9cf4-fc8fd1bd7925", "app_dashboard_link": "", "coordinates_latitude": -36.80689, "coordinates_longitude": 145.46327, "path": "bridge-overview"}, "access": [], "metadata": {"browserName": "Netscape", "offset": 600, "onLine": true, "origin": "http://192.168.1.5:8000", "pathName": "/designer/edit/bridge-overview/**%20New%20**", "referrer": "http://192.168.1.5:8000/designer/login", "selectData": {"asset_type": {"label": "Rail"}, "classification": {"label": "I-A"}, "country": {"label": "New Zealand"}, "design_status": {"label": "Design Update"}, "state": {"label": "California"}}, "timezone": "Australia/Melbourne", "userAgent": "Mozilla/5.0 (Macintosh; Intel Mac OS X 10_15_7) AppleWebKit/537.36 (KHTML, like Gecko) Chrome/102.0.0.0 Safari/537.36"}, "form": "62f5cc8954d20ae550e4bfcb", "externalIds": [], "created": "2022-08-12T03:44:12.646Z", "modified": "2022-08-12T06:08:23.662Z"}