{"_id": "62f5cc8c54d20a2f0de4bfd8", "owner": "627ddf364022c591c1b05f1b", "roles": [], "data": {"eloque_id": "AU-03COL-BR3500", "eloque_id2": "AU-03COL-BR3500", "bridge_name": "Coldstream", "asset_id": "3COL_SN3500", "sharepoint_name": "3COL-3500", "_version": 1, "_form_version": "0", "structure_id": "SN3500", "asset_owner": "", "classification": ["I-A"], "design_status": "as-designed", "sensor_type": "eloque-fiber", "ops_dashboard_link": "", "app_dashboard_link": "https://app.eloque.com/?pid=0&dashid=afdb5438-4603-438e-8a73-f8e2767b7d87", "coordinates_latitude": -37.70606, "coordinates_longitude": 145.40955, "path": "bridge-overview"}, "access": [], "metadata": {"selectData": {"country": {"label": "Australia"}, "state": {"label": "Victoria"}, "asset_type": {"label": "Bridge"}, "classification": {"label": "I-A"}, "design_status": {"label": "As Designed"}}, "timezone": "Australia/Melbourne", "offset": 600, "origin": "http://192.168.1.5:8000", "referrer": "http://192.168.1.5:8000/designer/login", "browserName": "Netscape", "userAgent": "Mozilla/5.0 (Macintosh; Intel Mac OS X 10_15_7) AppleWebKit/537.36 (KHTML, like Gecko) Chrome/102.0.0.0 Safari/537.36", "pathName": "/designer/edit/bridge-overview/**%20New%20**", "onLine": true}, "form": "62f5cc8954d20ae550e4bfcb", "externalIds": [], "created": "2022-08-12T03:44:12.420Z", "modified": "2022-08-12T06:08:22.164Z"}