{"_id": "62f5ccbb54d20a80cce4c07c", "owner": "627ddf364022c591c1b05f1b", "roles": [], "data": {"id": "Production", "description": "Production Server with Hosted MongoDB", "url": "54.79.191.17", "port": 3001, "admin_user": "admin@example.com", "admin_password": "CHANGEME", "path": "formio-hosts"}, "access": [], "metadata": {"timezone": "Australia/Melbourne", "offset": 600, "origin": "http://localhost:8000", "referrer": "http://localhost:8000/panel/tool/reference/formio-hosts", "browserName": "Netscape", "userAgent": "Mozilla/5.0 (Macintosh; Intel Mac OS X 10_15_7) AppleWebKit/537.36 (KHTML, like Gecko) Chrome/100.0.4896.75 Safari/537.36", "pathName": "/panel/edit/reference/formio-hosts/**%20New%20**", "onLine": true}, "form": "62f5ccbb54d20abc4ce4c078", "externalIds": [], "created": "2022-08-12T03:44:59.441Z", "modified": "2022-08-12T06:09:14.930Z"}