{"_id": "62f5ccac54d20afcd4e4c023", "owner": "627ddf364022c591c1b05f1b", "roles": [], "data": {"id": "SensorLocations", "description": "List of Valid Sensor Locations for use by Sensor Layouts", "header_row": false, "csv_data": "Left,Left\nRight,Right\nBottom,Bottm\nUp,Up\nDown,Down\nMid-span,Mid-span\n1/4 Span,1/4 Span\n3/4 Span, 3/4 Span\nCenter,Center", "jsonArray": {}, "json_data": "{\"json_table\": [{\"label\": \"Left\",\"value\": \"Left\"}, {\"label\": \"Right\",\"value\": \"Right\"}, {\"label\": \"Bottom\",\"value\": \"Bottm\"}, {\"label\": \"Up\",\"value\": \"Up\"}, {\"label\": \"Down\",\"value\": \"Down\"}, {\"label\": \"Mid-span\",\"value\": \"Mid-span\"}, {\"label\": \"1/4 Span\",\"value\": \"1/4 Span\"}, {\"label\": \"3/4 Span\",\"value\": \" 3/4 Span\"}, {\"label\": \"Center\",\"value\": \"Center\"}] }", "table": "<table style='font-size:16px;font-family: \"Trebuchet MS\", Arial, Helvetica, sans-serif;border-collapse: collapse;border-spacing: 0; border: 1px solid grey; width: 100%;'><th style='text-align: left; padding: 8px; padding-top: 11px; padding-bottom: 11px; background-color: #04AA6D; color: white;'>Label</th><th style='text-align: left; padding: 8px; padding-top: 11px; padding-bottom: 11px; background-color: #04AA6D; color: white;'>Value</th></tr><tr><td style='text-align: left; padding: 8px; border-bottom: 1px solid grey; border-right: 1px solid grey;'>Left</td><td style='text-align: left; padding: 8px; border-bottom: 1px solid grey; border-right: 1px solid grey;'>Left</td></tr><tr><td style='text-align: left; padding: 8px; border-bottom: 1px solid grey; border-right: 1px solid grey;'>Right</td><td style='text-align: left; padding: 8px; border-bottom: 1px solid grey; border-right: 1px solid grey;'>Right</td></tr><tr><td style='text-align: left; padding: 8px; border-bottom: 1px solid grey; border-right: 1px solid grey;'>Bottom</td><td style='text-align: left; padding: 8px; border-bottom: 1px solid grey; border-right: 1px solid grey;'>Bottm</td></tr><tr><td style='text-align: left; padding: 8px; border-bottom: 1px solid grey; border-right: 1px solid grey;'>Up</td><td style='text-align: left; padding: 8px; border-bottom: 1px solid grey; border-right: 1px solid grey;'>Up</td></tr><tr><td style='text-align: left; padding: 8px; border-bottom: 1px solid grey; border-right: 1px solid grey;'>Down</td><td style='text-align: left; padding: 8px; border-bottom: 1px solid grey; border-right: 1px solid grey;'>Down</td></tr><tr><td style='text-align: left; padding: 8px; border-bottom: 1px solid grey; border-right: 1px solid grey;'>Mid-span</td><td style='text-align: left; padding: 8px; border-bottom: 1px solid grey; border-right: 1px solid grey;'>Mid-span</td></tr><tr><td style='text-align: left; padding: 8px; border-bottom: 1px solid grey; border-right: 1px solid grey;'>1/4 Span</td><td style='text-align: left; padding: 8px; border-bottom: 1px solid grey; border-right: 1px solid grey;'>1/4 Span</td></tr><tr><td style='text-align: left; padding: 8px; border-bottom: 1px solid grey; border-right: 1px solid grey;'>3/4 Span</td><td style='text-align: left; padding: 8px; border-bottom: 1px solid grey; border-right: 1px solid grey;'> 3/4 Span</td></tr><tr><td style='text-align: left; padding: 8px; border-bottom: 1px solid grey; border-right: 1px solid grey;'>Center</td><td style='text-align: left; padding: 8px; border-bottom: 1px solid grey; border-right: 1px solid grey;'>Center</td></tr></table>", "path": "tables"}, "access": [], "metadata": {"timezone": "Australia/Melbourne", "offset": 600, "origin": "http://192.168.1.3:8000", "referrer": "http://192.168.1.3:8000/designer/tool/reference/tables", "browserName": "Netscape", "userAgent": "Mozilla/5.0 (Macintosh; Intel Mac OS X 10_15_7) AppleWebKit/537.36 (KHTML, like Gecko) Chrome/102.0.0.0 Safari/537.36", "pathName": "/designer/edit/reference/tables/**%20New%20**", "onLine": true}, "form": "62f5ccac54d20a7128e4c01f", "externalIds": [], "created": "2022-08-12T03:44:44.334Z", "modified": "2022-08-12T06:08:55.643Z"}