{"_id": "62f5ccbb54d20a471de4c076", "owner": "627ddf364022c591c1b05f1b", "roles": [], "data": {"id": "AU", "description": "Australia", "states": "Australian Capital Territory,ACT\nNew South Wales,NSW\nNorthern Territory,NT\nQueensland,QLD\nSouth Australia,SA\nTasmania,TAS\nVictoria,VIC\nWestern Australia,WA", "json_table": "{\"json_table\":[{\"label\":\"Australian Capital Territory\",\"value\":\"ACT\"},{\"label\":\"New South Wales\",\"value\":\"NSW\"},{\"label\":\"Northern Territory\",\"value\":\"NT\"},{\"label\":\"Queensland\",\"value\":\"QLD\"},{\"label\":\"South Australia\",\"value\":\"SA\"},{\"label\":\"Tasmania\",\"value\":\"TAS\"},{\"label\":\"Victoria\",\"value\":\"VIC\"},{\"label\":\"Western Australia\",\"value\":\"WA\"}]}", "path": "country"}, "access": [], "metadata": {"timezone": "Australia/Melbourne", "offset": 600, "origin": "http://192.168.1.5:8000", "referrer": "http://192.168.1.5:8000/designer/tool/reference/country", "browserName": "Netscape", "userAgent": "Mozilla/5.0 (Macintosh; Intel Mac OS X 10_15_7) AppleWebKit/537.36 (KHTML, like Gecko) Chrome/102.0.0.0 Safari/537.36", "pathName": "/designer/edit/reference/country/AU", "onLine": true}, "form": "62f5ccbb54d20a1632e4c074", "externalIds": [], "created": "2022-08-12T03:44:59.146Z", "modified": "2022-08-12T06:09:14.630Z"}