{"_id": "62f5cca054d20afe9ae4c006", "owner": "627ddf364022c591c1b05f1b", "roles": [], "data": {"eloque_id": "AU-03COL-BR3500", "bridge_name": "Coldstream", "asset_id": "3COL_SN3500", "sharepoint_name": "3COL-3500", "structure_id": "SN3500", "classification": ["I-A"], "save-excel": false, "update-as-design": false, "update-metadata": false, "jinja_template": "", "lock-configuration": false, "coordinates_latitude": -37.70606, "coordinates_longitude": 145.40955, "totalSpans": "", "totalGirders": "", "totalPiers": "", "totalPierCrossheads": "", "totalPierColumns": "", "totalTransverseLanes": "", "totalLanes": "", "fiberType": "", "totalFibers": "", "path": "mapping-design"}, "access": [], "form": "62f5cc9a54d20a15d5e4c000", "externalIds": [], "created": "2022-08-12T03:44:32.531Z", "modified": "2022-08-12T06:08:39.405Z"}