{"_id": "62f5cca154d20a1968e4c009", "owner": "627ddf364022c591c1b05f1b", "roles": [], "data": {"eloque_id": "AU-03DUM-BR7464", "bridge_name": "Dumbalk", "asset_id": "3DUM_7464", "sharepoint_name": "3DUM-7464", "structure_id": "SN7464", "classification": ["I-B", "I-B", "I-B"], "save-excel": false, "update-as-design": false, "update-metadata": false, "jinja_template": "", "lock-configuration": false, "coordinates_latitude": "-38.1135", "coordinates_longitude": "143.31865", "totalSpans": "", "totalGirders": "", "totalPiers": "", "totalPierCrossheads": "", "totalPierColumns": "", "totalTransverseLanes": "", "totalLanes": "", "fiberType": "", "totalFibers": "", "path": "mapping-design"}, "access": [], "form": "62f5cc9a54d20a15d5e4c000", "externalIds": [], "created": "2022-08-12T03:44:33.255Z", "modified": "2022-08-12T06:08:43.877Z"}