{"_id": "62f5cca954d20a4e32e4c01a", "owner": "627ddf364022c591c1b05f1b", "roles": [], "data": {"eloque_id": "AU-03WED-BR4551", "bridge_name": "Wedderburn", "asset_id": "3WED_4551", "sharepoint_name": "3WED-4551", "structure_id": "SN4551", "classification": ["I-B"], "save-excel": false, "update-as-design": false, "update-metadata": false, "jinja_template": "", "lock-configuration": false, "coordinates_latitude": -36.4371, "coordinates_longitude": 143.611, "totalSpans": "", "totalGirders": "", "totalPiers": "", "totalPierCrossheads": "", "totalPierColumns": "", "totalTransverseLanes": "", "totalLanes": "", "fiberType": "", "totalFibers": "", "path": "mapping-design"}, "access": [], "form": "62f5cc9a54d20a15d5e4c000", "externalIds": [], "created": "2022-08-12T03:44:41.960Z", "modified": "2022-08-12T06:08:51.776Z"}