{"_id": "62f5cca154d20a7297e4c00a", "owner": "627ddf364022c591c1b05f1b", "roles": [], "data": {"eloque_id": "AU-03BLA-BR3734", "bridge_name": "Lerderderg River Mclean Bridge Myrniong-Trentham Rd", "asset_id": "3BLA_3734", "sharepoint_name": "3BLA-3734", "structure_id": "SN3734", "classification": ["I-B", "I-B"], "_version": 1, "_form_version": "0", "save-excel": false, "update-as-design": false, "update-metadata": false, "jinja_template": "v2.1", "lock-configuration": false, "display-page": "bridge", "feature_crossed": "Lerderderg River", "road_name": "Mclean Bridge Myrniong-Trentham Rd", "coordinates_latitude": "-37.46906", "coordinates_longitude": "144.30513", "deckWidth": "0", "skew_angle": "0", "down": {}, "up": {}, "left": {}, "right": {}, "left2right": "", "right2left": "", "lanes": [{"transverse_id": "", "lane_direction": "", "laneType": "", "lane_id": {}, "lane_width": "", "transverse_coordinates": 0}], "structure": [{"componentId": "", "componentType": {}, "superstructureLane": {}}], "componentTypes": [{"componentType": "", "structureType": "", "structureSubType": "", "flangeWidth1": "", "flangeWidth2": "", "length": "", "height": "", "width": "", "effective_youngs_modulus": "", "effective_shear_modulus": "", "weight": "", "effective_area_moment_of_inertia": "", "effective_area": ""}], "totalSpans": "", "totalGirders": "", "allComponentsList": "", "totalPiers": "", "totalPierCrossheads": "", "totalPierColumns": "", "totalTransverseLanes": "", "totalLanes": "", "allTransverseLanesList": "", "allTrafficLanesList": "", "fiberType": "", "totalFibers": "", "allFibersList": "", "fibers": [{"fiberId": "", "fiberComponent": [{"componentId": {}, "leftMargin": "", "rightMargin": "", "topMargin": "", "bottomMargin": "", "sensorTypes": [{"sensorType": "", "position": "", "side": "", "typeFirst": "", "typeLast": "", "customX": "", "customY": ""}]}]}], "path": "mapping-design"}, "access": [], "metadata": {"selectData": {"classification": {"label": "I-B"}, "jinja_template": {"label": "V2.1"}, "lanes": [{"lane_direction": {"label": "Middle"}, "laneType": {"label": "Transit"}}]}, "timezone": "Australia/Melbourne", "offset": 600, "origin": "http://192.168.1.6:8000", "referrer": "http://192.168.1.6:8000/designer/edit/bridge-overview/AU-03BLA-BR3734", "browserName": "Netscape", "userAgent": "Mozilla/5.0 (Macintosh; Intel Mac OS X 10_15_7) AppleWebKit/537.36 (KHTML, like Gecko) Chrome/102.0.0.0 Safari/537.36", "pathName": "/designer/edit/mapping-design/AU-03BLA-BR3734", "onLine": true}, "form": "62f5cc9a54d20a15d5e4c000", "externalIds": [], "created": "2022-08-12T03:44:33.494Z", "modified": "2022-08-12T06:08:36.251Z"}