{"_id": "62f5ccab54d20a7c08e4c01c", "owner": "627ddf364022c591c1b05f1b", "roles": [], "data": {"eloque_id": "AU-03COB-BR4016", "bridge_name": "Cobden", "asset_id": "3COB_4016", "sharepoint_name": "3COB-4016", "structure_id": "SN4016", "classification": ["I-B", "I-B"], "_version": 15, "_form_version": "0", "save-excel": false, "update-as-design": true, "update-metadata": false, "jinja_template": "v2.1", "lock-configuration": true, "display-page": "layout", "feature_crossed": "Curdies River", "road_name": "Lavers Hill-Cobden Road", "coordinates_latitude": "-38.36927", "coordinates_longitude": "143.11572", "deckWidth": 7.04, "skew_angle": "0", "down": {"label": "G16", "value": "G16"}, "up": {"label": "G01", "value": "G01"}, "left": {"label": "A01", "value": "A01"}, "right": {"label": "A02", "value": "A02"}, "left2right": "To Cobden", "right2left": "To Simpsons", "lanes": [{"laneType": "shoulder", "lane_direction": "", "lane_id": {}, "lane_width": "", "transverse_coordinates": 0, "transverse_id": "W01"}, {"laneType": "traffic", "lane_direction": "left2right", "lane_id": {"label": "L01", "value": "L01"}, "lane_width": "", "transverse_coordinates": 0, "transverse_id": "W02"}, {"laneType": "traffic", "lane_direction": "right2left", "lane_id": {"label": "L02", "value": "L02"}, "lane_width": "", "transverse_coordinates": 0, "transverse_id": "W03"}, {"laneType": "shoulder", "lane_direction": "", "lane_id": {}, "lane_width": "", "transverse_coordinates": 0, "transverse_id": "W04"}], "structure": [{"componentId": "S01G01", "componentType": {"label": "S01-Girder", "value": "S01-Girder"}, "superstructureLane": {}}, {"componentId": "S01G02", "componentType": {"label": "S01-Girder", "value": "S01-Girder"}, "superstructureLane": {}}, {"componentId": "S01G03", "componentType": {"label": "S01-Girder", "value": "S01-Girder"}, "superstructureLane": {}}, {"componentId": "S01G04", "componentType": {"label": "S01-Girder", "value": "S01-Girder"}, "superstructureLane": {}}, {"componentId": "S01G05", "componentType": {"label": "S01-Girder", "value": "S01-Girder"}, "superstructureLane": {}}, {"componentId": "S01G06", "componentType": {"label": "S01-Girder", "value": "S01-Girder"}, "superstructureLane": {}}, {"componentId": "S01G07", "componentType": {"label": "S01-Girder", "value": "S01-Girder"}, "superstructureLane": {}}, {"componentId": "S01G08", "componentType": {"label": "S01-Girder", "value": "S01-Girder"}, "superstructureLane": {}}, {"componentId": "S01G09", "componentType": {"label": "S01-Girder", "value": "S01-Girder"}, "superstructureLane": {}}, {"componentId": "S01G10", "componentType": {"label": "S01-Girder", "value": "S01-Girder"}, "superstructureLane": {}}, {"componentId": "S01G11", "componentType": {"label": "S01-Girder", "value": "S01-Girder"}, "superstructureLane": {}}, {"componentId": "S01G12", "componentType": {"label": "S01-Girder", "value": "S01-Girder"}, "superstructureLane": {}}, {"componentId": "S01G13", "componentType": {"label": "S01-Girder", "value": "S01-Girder"}, "superstructureLane": {}}, {"componentId": "S01G14", "componentType": {"label": "S01-Girder", "value": "S01-Girder"}, "superstructureLane": {}}, {"componentId": "S01G15", "componentType": {"label": "S01-Girder", "value": "S01-Girder"}, "superstructureLane": {}}, {"componentId": "S01G16", "componentType": {"label": "S01-Girder", "value": "S01-Girder"}, "superstructureLane": {}}, {"componentId": "S02G01", "componentType": {"label": "S02-Girder", "value": "S02-Girder"}, "superstructureLane": {}}, {"componentId": "S02G02", "componentType": {"label": "S02-Girder", "value": "S02-Girder"}, "superstructureLane": {}}, {"componentId": "S02G03", "componentType": {"label": "S02-Girder", "value": "S02-Girder"}, "superstructureLane": {}}, {"componentId": "S02G04", "componentType": {"label": "S02-Girder", "value": "S02-Girder"}, "superstructureLane": {}}, {"componentId": "S02G05", "componentType": {"label": "S02-Girder", "value": "S02-Girder"}, "superstructureLane": {}}, {"componentId": "S02G06", "componentType": {"label": "S02-Girder", "value": "S02-Girder"}, "superstructureLane": {}}, {"componentId": "S02G07", "componentType": {"label": "S02-Girder", "value": "S02-Girder"}, "superstructureLane": {}}, {"componentId": "S02G08", "componentType": {"label": "S02-Girder", "value": "S02-Girder"}, "superstructureLane": {}}, {"componentId": "S02G09", "componentType": {"label": "S02-Girder", "value": "S02-Girder"}, "superstructureLane": {}}, {"componentId": "S02G10", "componentType": {"label": "S02-Girder", "value": "S02-Girder"}, "superstructureLane": {}}, {"componentId": "S02G11", "componentType": {"label": "S02-Girder", "value": "S02-Girder"}, "superstructureLane": {}}, {"componentId": "S02G12", "componentType": {"label": "S02-Girder", "value": "S02-Girder"}, "superstructureLane": {}}, {"componentId": "S02G13", "componentType": {"label": "S02-Girder", "value": "S02-Girder"}, "superstructureLane": {}}, {"componentId": "S02G14", "componentType": {"label": "S02-Girder", "value": "S02-Girder"}, "superstructureLane": {}}, {"componentId": "S02G15", "componentType": {"label": "S02-Girder", "value": "S02-Girder"}, "superstructureLane": {}}, {"componentId": "S02G16", "componentType": {"label": "S02-Girder", "value": "S02-Girder"}, "superstructureLane": {}}, {"componentId": "S03G01", "componentType": {"label": "S03-Girder", "value": "S03-Girder"}, "superstructureLane": {}}, {"componentId": "S03G02", "componentType": {"label": "S03-Girder", "value": "S03-Girder"}, "superstructureLane": {}}, {"componentId": "S03G03", "componentType": {"label": "S03-Girder", "value": "S03-Girder"}, "superstructureLane": {}}, {"componentId": "S03G04", "componentType": {"label": "S03-Girder", "value": "S03-Girder"}, "superstructureLane": {}}, {"componentId": "S03G05", "componentType": {"label": "S03-Girder", "value": "S03-Girder"}, "superstructureLane": {}}, {"componentId": "S03G06", "componentType": {"label": "S03-Girder", "value": "S03-Girder"}, "superstructureLane": {}}, {"componentId": "S03G07", "componentType": {"label": "S03-Girder", "value": "S03-Girder"}, "superstructureLane": {}}, {"componentId": "S03G08", "componentType": {"label": "S03-Girder", "value": "S03-Girder"}, "superstructureLane": {}}, {"componentId": "S03G09", "componentType": {"label": "S03-Girder", "value": "S03-Girder"}, "superstructureLane": {}}, {"componentId": "S03G10", "componentType": {"label": "S03-Girder", "value": "S03-Girder"}, "superstructureLane": {}}, {"componentId": "S03G11", "componentType": {"label": "S03-Girder", "value": "S03-Girder"}, "superstructureLane": {}}, {"componentId": "S03G12", "componentType": {"label": "S03-Girder", "value": "S03-Girder"}, "superstructureLane": {}}, {"componentId": "S03G13", "componentType": {"label": "S03-Girder", "value": "S03-Girder"}, "superstructureLane": {}}, {"componentId": "S03G14", "componentType": {"label": "S03-Girder", "value": "S03-Girder"}, "superstructureLane": {}}, {"componentId": "S03G15", "componentType": {"label": "S03-Girder", "value": "S03-Girder"}, "superstructureLane": {}}, {"componentId": "S03G16", "componentType": {"label": "S03-Girder", "value": "S03-Girder"}, "superstructureLane": {}}, {"componentId": "P01CR01", "componentType": {"label": "PierCrosshead01", "value": "PierCrosshead01"}, "superstructureLane": {}}, {"componentId": "P01C01", "componentType": {"label": "PierColumn01", "value": "PierColumn01"}, "superstructureLane": {}}, {"componentId": "P01C02", "componentType": {"label": "PierColumn01", "value": "PierColumn01"}, "superstructureLane": {}}, {"componentId": "P01C03", "componentType": {"label": "PierColumn01", "value": "PierColumn01"}, "superstructureLane": {}}, {"componentId": "P01C04", "componentType": {"label": "PierColumn01", "value": "PierColumn01"}, "superstructureLane": {}}, {"componentId": "P01C05", "componentType": {"label": "PierColumn01", "value": "PierColumn01"}, "superstructureLane": {}}, {"componentId": "P01C06", "componentType": {"label": "PierColumn01", "value": "PierColumn01"}, "superstructureLane": {}}, {"componentId": "P01C07", "componentType": {"label": "PierColumn01", "value": "PierColumn01"}, "superstructureLane": {}}, {"componentId": "P01C08", "componentType": {"label": "PierColumn01", "value": "PierColumn01"}, "superstructureLane": {}}, {"componentId": "P01C09", "componentType": {"label": "PierColumn01", "value": "PierColumn01"}, "superstructureLane": {}}, {"componentId": "P01C10", "componentType": {"label": "PierColumn01", "value": "PierColumn01"}, "superstructureLane": {}}, {"componentId": "P01C11", "componentType": {"label": "PierColumn01", "value": "PierColumn01"}, "superstructureLane": {}}, {"componentId": "P01C12", "componentType": {"label": "PierColumn01", "value": "PierColumn01"}, "superstructureLane": {}}, {"componentId": "P01C13", "componentType": {"label": "PierColumn01", "value": "PierColumn01"}, "superstructureLane": {}}, {"componentId": "P01C14", "componentType": {"label": "PierColumn01", "value": "PierColumn01"}, "superstructureLane": {}}, {"componentId": "P01C15", "componentType": {"label": "PierColumn01", "value": "PierColumn01"}, "superstructureLane": {}}, {"componentId": "P01C16", "componentType": {"label": "PierColumn01", "value": "PierColumn01"}, "superstructureLane": {}}, {"componentId": "P01C17", "componentType": {"label": "PierColumn01", "value": "PierColumn01"}, "superstructureLane": {}}, {"componentId": "P01C18", "componentType": {"label": "PierColumn01", "value": "PierColumn01"}, "superstructureLane": {}}, {"componentId": "P01C19", "componentType": {"label": "PierColumn01", "value": "PierColumn01"}, "superstructureLane": {}}, {"componentId": "P01C20", "componentType": {"label": "PierColumn01", "value": "PierColumn01"}, "superstructureLane": {}}, {"componentId": "P01C21", "componentType": {"label": "PierColumn01", "value": "PierColumn01"}, "superstructureLane": {}}, {"componentId": "P01C22", "componentType": {"label": "PierColumn01", "value": "PierColumn01"}, "superstructureLane": {}}, {"componentId": "P01C23", "componentType": {"label": "PierColumn01", "value": "PierColumn01"}, "superstructureLane": {}}, {"componentId": "P01C24", "componentType": {"label": "PierColumn01", "value": "PierColumn01"}, "superstructureLane": {}}, {"componentId": "P02CR01", "componentType": {"label": "PierCrosshead01", "value": "PierCrosshead01"}, "superstructureLane": {}}, {"componentId": "P02C01", "componentType": {"label": "PierColumn01", "value": "PierColumn01"}, "superstructureLane": {}}, {"componentId": "P02C02", "componentType": {"label": "PierColumn01", "value": "PierColumn01"}, "superstructureLane": {}}, {"componentId": "P02C03", "componentType": {"label": "PierColumn01", "value": "PierColumn01"}, "superstructureLane": {}}, {"componentId": "P02C04", "componentType": {"label": "PierColumn01", "value": "PierColumn01"}, "superstructureLane": {}}, {"componentId": "P02C05", "componentType": {"label": "PierColumn01", "value": "PierColumn01"}, "superstructureLane": {}}, {"componentId": "P02C06", "componentType": {"label": "PierColumn01", "value": "PierColumn01"}, "superstructureLane": {}}, {"componentId": "P02C07", "componentType": {"label": "PierColumn01", "value": "PierColumn01"}, "superstructureLane": {}}, {"componentId": "P02C08", "componentType": {"label": "PierColumn01", "value": "PierColumn01"}, "superstructureLane": {}}, {"componentId": "P02C09", "componentType": {"label": "PierColumn01", "value": "PierColumn01"}, "superstructureLane": {}}, {"componentId": "P02C10", "componentType": {"label": "PierColumn01", "value": "PierColumn01"}, "superstructureLane": {}}, {"componentId": "P02C11", "componentType": {"label": "PierColumn01", "value": "PierColumn01"}, "superstructureLane": {}}, {"componentId": "P02C12", "componentType": {"label": "PierColumn01", "value": "PierColumn01"}, "superstructureLane": {}}, {"componentId": "P02C13", "componentType": {"label": "PierColumn01", "value": "PierColumn01"}, "superstructureLane": {}}, {"componentId": "P02C14", "componentType": {"label": "PierColumn01", "value": "PierColumn01"}, "superstructureLane": {}}, {"componentId": "P02C15", "componentType": {"label": "PierColumn01", "value": "PierColumn01"}, "superstructureLane": {}}, {"componentId": "P02C16", "componentType": {"label": "PierColumn01", "value": "PierColumn01"}, "superstructureLane": {}}, {"componentId": "P02C17", "componentType": {"label": "PierColumn01", "value": "PierColumn01"}, "superstructureLane": {}}, {"componentId": "P02C18", "componentType": {"label": "PierColumn01", "value": "PierColumn01"}, "superstructureLane": {}}, {"componentId": "P02C19", "componentType": {"label": "PierColumn01", "value": "PierColumn01"}, "superstructureLane": {}}, {"componentId": "P02C20", "componentType": {"label": "PierColumn01", "value": "PierColumn01"}, "superstructureLane": {}}, {"componentId": "P02C21", "componentType": {"label": "PierColumn01", "value": "PierColumn01"}, "superstructureLane": {}}, {"componentId": "P02C22", "componentType": {"label": "PierColumn01", "value": "PierColumn01"}, "superstructureLane": {}}, {"componentId": "P02C23", "componentType": {"label": "PierColumn01", "value": "PierColumn01"}, "superstructureLane": {}}, {"componentId": "P02C24", "componentType": {"label": "PierColumn01", "value": "PierColumn01"}, "superstructureLane": {}}, {"componentId": "A01", "componentType": {"label": "Abutment01", "value": "Abutment01"}, "superstructureLane": {}}, {"componentId": "A02", "componentType": {"label": "Abutment01", "value": "Abutment01"}, "superstructureLane": {}}], "componentTypes": [{"componentType": "S01-Girder", "effective_area": "", "effective_area_moment_of_inertia": "", "effective_shear_modulus": "", "effective_youngs_modulus": "", "height": 0.58, "length": 8.46, "structureSubType": "i-b", "structureType": "girder", "weight": "", "width": 0.61}, {"componentType": "S02-Girder", "effective_area": "", "effective_area_moment_of_inertia": "", "effective_shear_modulus": "", "effective_youngs_modulus": "", "flangeWidth1": "", "flangeWidth2": "", "height": 0.58, "length": 8.46, "structureSubType": "i-b", "structureType": "girder", "weight": "", "width": 0.61}, {"componentType": "S03-Girder", "effective_area": "", "effective_area_moment_of_inertia": "", "effective_shear_modulus": "", "effective_youngs_modulus": "", "flangeWidth1": "", "flangeWidth2": "", "height": 0.58, "length": 8.46, "structureSubType": "i-b", "structureType": "girder", "weight": "", "width": 0.61}, {"componentType": "Pier01", "effective_area": "", "effective_area_moment_of_inertia": "", "effective_shear_modulus": "", "effective_youngs_modulus": "", "flangeWidth1": "", "flangeWidth2": "", "height": 2.46, "length": 0.61, "structureSubType": "", "structureType": "pier", "weight": "", "width": 0.61}, {"componentType": "PierColumn01", "effective_area": "", "effective_area_moment_of_inertia": "", "effective_shear_modulus": "", "effective_youngs_modulus": "", "flangeWidth1": "", "flangeWidth2": "", "height": 2.46, "length": 0.61, "structureSubType": "", "structureType": "pierColumn", "weight": "", "width": 0.61}, {"componentType": "PierCrosshead01", "effective_area": "", "effective_area_moment_of_inertia": "", "effective_shear_modulus": "", "effective_youngs_modulus": "", "flangeWidth1": "", "flangeWidth2": "", "height": 0.83, "length": 10.2, "structureSubType": "", "structureType": "pierCrosshead", "weight": "", "width": 0.69}, {"componentType": "Abutment01", "effective_area": "", "effective_area_moment_of_inertia": "", "effective_shear_modulus": "", "effective_youngs_modulus": "", "flangeWidth1": "", "flangeWidth2": "", "height": 0.73, "length": 10.3, "structureSubType": "", "structureType": "abutment", "weight": "", "width": 0.61}], "totalSpans": 3, "totalGirders": 16, "allComponentsList": [{"label": "Span/Girder: S01G01", "value": "S01G01"}, {"label": "Span/Girder: S01G02", "value": "S01G02"}, {"label": "Span/Girder: S01G03", "value": "S01G03"}, {"label": "Span/Girder: S01G04", "value": "S01G04"}, {"label": "Span/Girder: S01G05", "value": "S01G05"}, {"label": "Span/Girder: S01G06", "value": "S01G06"}, {"label": "Span/Girder: S01G07", "value": "S01G07"}, {"label": "Span/Girder: S01G08", "value": "S01G08"}, {"label": "Span/Girder: S01G09", "value": "S01G09"}, {"label": "Span/Girder: S01G10", "value": "S01G10"}, {"label": "Span/Girder: S01G11", "value": "S01G11"}, {"label": "Span/Girder: S01G12", "value": "S01G12"}, {"label": "Span/Girder: S01G13", "value": "S01G13"}, {"label": "Span/Girder: S01G14", "value": "S01G14"}, {"label": "Span/Girder: S01G15", "value": "S01G15"}, {"label": "Span/Girder: S01G16", "value": "S01G16"}, {"label": "Span/Girder: S02G01", "value": "S02G01"}, {"label": "Span/Girder: S02G02", "value": "S02G02"}, {"label": "Span/Girder: S02G03", "value": "S02G03"}, {"label": "Span/Girder: S02G04", "value": "S02G04"}, {"label": "Span/Girder: S02G05", "value": "S02G05"}, {"label": "Span/Girder: S02G06", "value": "S02G06"}, {"label": "Span/Girder: S02G07", "value": "S02G07"}, {"label": "Span/Girder: S02G08", "value": "S02G08"}, {"label": "Span/Girder: S02G09", "value": "S02G09"}, {"label": "Span/Girder: S02G10", "value": "S02G10"}, {"label": "Span/Girder: S02G11", "value": "S02G11"}, {"label": "Span/Girder: S02G12", "value": "S02G12"}, {"label": "Span/Girder: S02G13", "value": "S02G13"}, {"label": "Span/Girder: S02G14", "value": "S02G14"}, {"label": "Span/Girder: S02G15", "value": "S02G15"}, {"label": "Span/Girder: S02G16", "value": "S02G16"}, {"label": "Span/Girder: S03G01", "value": "S03G01"}, {"label": "Span/Girder: S03G02", "value": "S03G02"}, {"label": "Span/Girder: S03G03", "value": "S03G03"}, {"label": "Span/Girder: S03G04", "value": "S03G04"}, {"label": "Span/Girder: S03G05", "value": "S03G05"}, {"label": "Span/Girder: S03G06", "value": "S03G06"}, {"label": "Span/Girder: S03G07", "value": "S03G07"}, {"label": "Span/Girder: S03G08", "value": "S03G08"}, {"label": "Span/Girder: S03G09", "value": "S03G09"}, {"label": "Span/Girder: S03G10", "value": "S03G10"}, {"label": "Span/Girder: S03G11", "value": "S03G11"}, {"label": "Span/Girder: S03G12", "value": "S03G12"}, {"label": "Span/Girder: S03G13", "value": "S03G13"}, {"label": "Span/Girder: S03G14", "value": "S03G14"}, {"label": "Span/Girder: S03G15", "value": "S03G15"}, {"label": "Span/Girder: S03G16", "value": "S03G16"}, {"label": "Pier: P01", "value": "P01"}, {"label": "Crosshead: P01CR01", "value": "P01CR01"}, {"label": "Column: P01C01", "value": "P01C01"}, {"label": "Column: P01C02", "value": "P01C02"}, {"label": "Column: P01C03", "value": "P01C03"}, {"label": "Column: P01C04", "value": "P01C04"}, {"label": "Column: P01C05", "value": "P01C05"}, {"label": "Column: P01C06", "value": "P01C06"}, {"label": "Column: P01C07", "value": "P01C07"}, {"label": "Column: P01C08", "value": "P01C08"}, {"label": "Column: P01C09", "value": "P01C09"}, {"label": "Column: P01C10", "value": "P01C10"}, {"label": "Column: P01C11", "value": "P01C11"}, {"label": "Column: P01C12", "value": "P01C12"}, {"label": "Column: P01C13", "value": "P01C13"}, {"label": "Column: P01C14", "value": "P01C14"}, {"label": "Column: P01C15", "value": "P01C15"}, {"label": "Column: P01C16", "value": "P01C16"}, {"label": "Column: P01C17", "value": "P01C17"}, {"label": "Column: P01C18", "value": "P01C18"}, {"label": "Column: P01C19", "value": "P01C19"}, {"label": "Column: P01C20", "value": "P01C20"}, {"label": "Column: P01C21", "value": "P01C21"}, {"label": "Column: P01C22", "value": "P01C22"}, {"label": "Column: P01C23", "value": "P01C23"}, {"label": "Column: P01C24", "value": "P01C24"}, {"label": "Pier: P02", "value": "P02"}, {"label": "Crosshead: P02CR01", "value": "P02CR01"}, {"label": "Column: P02C01", "value": "P02C01"}, {"label": "Column: P02C02", "value": "P02C02"}, {"label": "Column: P02C03", "value": "P02C03"}, {"label": "Column: P02C04", "value": "P02C04"}, {"label": "Column: P02C05", "value": "P02C05"}, {"label": "Column: P02C06", "value": "P02C06"}, {"label": "Column: P02C07", "value": "P02C07"}, {"label": "Column: P02C08", "value": "P02C08"}, {"label": "Column: P02C09", "value": "P02C09"}, {"label": "Column: P02C10", "value": "P02C10"}, {"label": "Column: P02C11", "value": "P02C11"}, {"label": "Column: P02C12", "value": "P02C12"}, {"label": "Column: P02C13", "value": "P02C13"}, {"label": "Column: P02C14", "value": "P02C14"}, {"label": "Column: P02C15", "value": "P02C15"}, {"label": "Column: P02C16", "value": "P02C16"}, {"label": "Column: P02C17", "value": "P02C17"}, {"label": "Column: P02C18", "value": "P02C18"}, {"label": "Column: P02C19", "value": "P02C19"}, {"label": "Column: P02C20", "value": "P02C20"}, {"label": "Column: P02C21", "value": "P02C21"}, {"label": "Column: P02C22", "value": "P02C22"}, {"label": "Column: P02C23", "value": "P02C23"}, {"label": "Column: P02C24", "value": "P02C24"}, {"label": "Abutment: A01", "value": "A01"}, {"label": "Abutment: A02", "value": "A02"}], "totalPiers": 2, "totalPierCrossheads": 1, "totalPierColumns": 24, "totalTransverseLanes": 4, "totalLanes": 2, "allTransverseLanesList": [{"label": "W01", "value": "W01"}, {"label": "W02", "value": "W02"}, {"label": "W03", "value": "W03"}, {"label": "W04", "value": "W04"}], "allTrafficLanesList": [{"label": "", "value": ""}, {"label": "L01", "value": "L01"}, {"label": "L02", "value": "L02"}], "fiberType": 41200256, "totalFibers": 8, "allFibersList": [{"label": "F01", "value": "F01"}, {"label": "F02", "value": "F02"}, {"label": "F03", "value": "F03"}, {"label": "F04", "value": "F04"}, {"label": "F05", "value": "F05"}, {"label": "F06", "value": "F06"}, {"label": "F07", "value": "F07"}, {"label": "F08", "value": "F08"}], "fibers": [{"fiberComponent": [{"bottomMargin": 0, "componentId": {"label": "Span/Girder: S01G05", "value": "S01G05"}, "leftMargin": 0, "rightMargin": 0, "sensorTypes": [{"customX": "", "customY": "", "position": "R2L", "sensorType": "strainHorizontal", "side": "top", "typeFirst": 1, "typeLast": 9}], "topMargin": 0}, {"bottomMargin": 0, "componentId": {"label": "Span/Girder: S01G04", "value": "S01G04"}, "leftMargin": 0, "rightMargin": 0, "sensorTypes": [{"customX": "", "customY": "", "position": "R2L", "sensorType": "strainHorizontal", "side": "top", "typeFirst": 10, "typeLast": 16}], "topMargin": 0}, {"bottomMargin": 0, "componentId": {"label": "Span/Girder: S01G03", "value": "S01G03"}, "leftMargin": 0, "rightMargin": 0, "sensorTypes": [{"customX": "", "customY": "", "position": "R2L", "sensorType": "strainHorizontal", "side": "top", "typeFirst": 17, "typeLast": 25}], "topMargin": 0}], "fiberId": "F01"}, {"fiberComponent": [{"bottomMargin": 0, "componentId": {"label": "Span/Girder: S01G12", "value": "S01G12"}, "leftMargin": 0, "rightMargin": 0, "sensorTypes": [{"customX": "", "customY": "", "position": "R2L", "sensorType": "strainHorizontal", "side": "top", "typeFirst": 1, "typeLast": 9}], "topMargin": 0}, {"bottomMargin": 0, "componentId": {"label": "Span/Girder: S01G13", "value": "S01G13"}, "leftMargin": 0, "rightMargin": 0, "sensorTypes": [{"customX": "", "customY": "", "position": "R2L", "sensorType": "strainHorizontal", "side": "top", "typeFirst": 10, "typeLast": 16}], "topMargin": 0}, {"bottomMargin": 0, "componentId": {"label": "Span/Girder: S01G14", "value": "S01G14"}, "leftMargin": 0, "rightMargin": 0, "sensorTypes": [{"customX": "", "customY": "", "position": "R2L", "sensorType": "strainHorizontal", "side": "top", "typeFirst": 17, "typeLast": 25}], "topMargin": 0}], "fiberId": "F02"}, {"fiberComponent": [{"bottomMargin": 0, "componentId": {"label": "Span/Girder: S02G08", "value": "S02G08"}, "leftMargin": 0, "rightMargin": 0, "sensorTypes": [{"customX": "", "customY": "", "position": "R2L", "sensorType": "strainHorizontal", "side": "top", "typeFirst": 1, "typeLast": 9}], "topMargin": 0}, {"bottomMargin": 0, "componentId": {"label": "Span/Girder: S02G07", "value": "S02G07"}, "leftMargin": 0, "rightMargin": 0, "sensorTypes": [{"customX": "", "customY": "", "position": "R2L", "sensorType": "strainHorizontal", "side": "top", "typeFirst": 10, "typeLast": 16}], "topMargin": 0}, {"bottomMargin": 0, "componentId": {"label": "Span/Girder: S01G06", "value": "S01G06"}, "leftMargin": 0, "rightMargin": 0, "sensorTypes": [{"customX": "", "customY": "", "position": "R2L", "sensorType": "strainHorizontal", "side": "top", "typeFirst": 17, "typeLast": 25}], "topMargin": 0}], "fiberId": "F03"}, {"fiberComponent": [{"bottomMargin": 0, "componentId": {"label": "Span/Girder: S02G09", "value": "S02G09"}, "leftMargin": 0, "rightMargin": 0, "sensorTypes": [{"customX": "", "customY": "", "position": "R2L", "sensorType": "strainHorizontal", "side": "top", "typeFirst": 1, "typeLast": 9}], "topMargin": 0}, {"bottomMargin": 0, "componentId": {"label": "Span/Girder: S02G10", "value": "S02G10"}, "leftMargin": 0, "rightMargin": 0, "sensorTypes": [{"customX": "", "customY": "", "position": "R2L", "sensorType": "strainHorizontal", "side": "top", "typeFirst": 10, "typeLast": 16}], "topMargin": 0}, {"bottomMargin": 0, "componentId": {"label": "Span/Girder: S02G11", "value": "S02G11"}, "leftMargin": 0, "rightMargin": 0, "sensorTypes": [{"customX": "", "customY": "", "position": "R2L", "sensorType": "strainHorizontal", "side": "top", "typeFirst": 17, "typeLast": 25}], "topMargin": 0}], "fiberId": "F04"}, {"fiberComponent": [{"bottomMargin": 0, "componentId": {"label": "Span/Girder: S03G05", "value": "S03G05"}, "leftMargin": 0, "rightMargin": 0, "sensorTypes": [{"customX": "", "customY": "", "position": "R2L", "sensorType": "strainHorizontal", "side": "top", "typeFirst": 1, "typeLast": 9}], "topMargin": 0}, {"bottomMargin": 0, "componentId": {"label": "Span/Girder: S03G04", "value": "S03G04"}, "leftMargin": 0, "rightMargin": 0, "sensorTypes": [{"customX": "", "customY": "", "position": "R2L", "sensorType": "strainHorizontal", "side": "top", "typeFirst": 10, "typeLast": 16}], "topMargin": 0}, {"bottomMargin": 0, "componentId": {"label": "Span/Girder: S03G03", "value": "S03G03"}, "leftMargin": 0, "rightMargin": 0, "sensorTypes": [{"customX": "", "customY": "", "position": "R2L", "sensorType": "strainHorizontal", "side": "top", "typeFirst": 17, "typeLast": 25}], "topMargin": 0}], "fiberId": "F05"}, {"fiberComponent": [{"bottomMargin": 0, "componentId": {"label": "Span/Girder: S03G12", "value": "S03G12"}, "leftMargin": 0, "rightMargin": 0, "sensorTypes": [{"customX": "", "customY": "", "position": "R2L", "sensorType": "strainHorizontal", "side": "top", "typeFirst": 1, "typeLast": 9}], "topMargin": 0}, {"bottomMargin": 0, "componentId": {"label": "Span/Girder: S03G13", "value": "S03G13"}, "leftMargin": 0, "rightMargin": 0, "sensorTypes": [{"customX": "", "customY": "", "position": "R2L", "sensorType": "strainHorizontal", "side": "top", "typeFirst": 10, "typeLast": 16}], "topMargin": 0}, {"bottomMargin": 0, "componentId": {"label": "Span/Girder: S03G14", "value": "S03G14"}, "leftMargin": 0, "rightMargin": 0, "sensorTypes": [{"customX": "", "customY": "", "position": "R2L", "sensorType": "strainHorizontal", "side": "top", "typeFirst": 17, "typeLast": 25}], "topMargin": 0}], "fiberId": "F06"}, {"fiberComponent": [{"bottomMargin": 0, "componentId": {"label": "Crosshead: P02CR01", "value": "P02CR01"}, "leftMargin": 0, "rightMargin": 0, "sensorTypes": [{"customX": "", "customY": "", "position": "R2L", "sensorType": "strainHorizontal", "side": "left", "typeFirst": 1, "typeLast": 7}, {"customX": "", "customY": "", "position": "R2L", "sensorType": "strainHorizontal", "side": "bottom", "typeFirst": 10, "typeLast": 14}, {"customX": "", "customY": "", "position": "R2L", "sensorType": "strainHorizontal", "side": "left", "typeFirst": 17, "typeLast": 25}], "topMargin": 0}, {"bottomMargin": 0, "componentId": {"label": "Column: P02C02", "value": "P02C02"}, "leftMargin": 0, "rightMargin": 0, "sensorTypes": [{"customX": "", "customY": "", "position": "T2B", "sensorType": "strainVertical", "side": "down", "typeFirst": 8, "typeLast": 9}], "topMargin": 0}, {"bottomMargin": 0, "componentId": {"label": "Column: P02C01", "value": "P02C01"}, "leftMargin": 0, "rightMargin": 0, "sensorTypes": [{"customX": "", "customY": "", "position": "T2B", "sensorType": "strainVertical", "side": "down", "typeFirst": 15, "typeLast": 16}], "topMargin": 0}], "fiberId": "F07"}, {"fiberComponent": [{"bottomMargin": 0, "componentId": {"label": "Abutment: A02", "value": "A02"}, "leftMargin": 0, "rightMargin": 0, "sensorTypes": [{"customX": 7.44, "customY": 0.35, "position": "custom", "sensorType": "rosette", "side": "left", "typeFirst": 1, "typeLast": ""}, {"customX": "", "customY": "", "position": "L2R", "sensorType": "strainHorizontal", "side": "left", "typeFirst": 4, "typeLast": 22}, {"customX": 5.41, "customY": 0.35, "position": "custom", "sensorType": "rosette", "side": "left", "typeFirst": 23, "typeLast": ""}], "topMargin": 0}], "fiberId": "F08"}], "path": "mapping-design"}, "access": [], "metadata": {"browserName": "Netscape", "offset": 600, "onLine": true, "origin": "http://192.168.1.6:8000", "pathName": "/designer/edit/mapping-design/3COB-4016", "referrer": "http://192.168.1.6:8000/designer/edit/bridge-overview/3COB-4016", "selectData": {"classification": {"label": "I-B"}, "componentTypes": [{"structureSubType": {"label": "I-B"}, "structureType": {"label": "Girder"}}, {"structureSubType": {"label": "I-B"}, "structureType": {"label": "Girder"}}, {"structureSubType": {"label": "I-B"}, "structureType": {"label": "Girder"}}, {"structureSubType": {"label": "I-C"}, "structureType": {"label": "Pier"}}, {"structureSubType": {"label": "I-C"}, "structureType": {"label": "Pier Column"}}, {"structureSubType": {"label": "I-C"}, "structureType": {"label": "Pier Crosshead"}}, {"structureSubType": {"label": "I-C"}, "structureType": {"label": "Abutment"}}], "fiberType": {"data": {"id": "41200256"}}, "fibers": [{"fiberComponent": [{"sensorTypes": [{"position": {"label": "Right to Left - Girder"}, "sensorType": {"label": "Strain - Horizontal"}, "side": {"label": "Top"}}, {"position": {"label": "Right to Left - Girder"}, "sensorType": {"label": "Strain - Horizontal"}, "side": {"label": "Top"}}, {"position": {"label": "Right to Left - Girder"}, "sensorType": {"label": "Strain - Horizontal"}, "side": {"label": "Top"}}]}, {"sensorTypes": [{"position": {"label": "Right to Left - Girder"}, "sensorType": {"label": "Strain - Horizontal"}, "side": {"label": "Top"}}]}, {"sensorTypes": [{"position": {"label": "Right to Left - Girder"}, "sensorType": {"label": "Strain - Horizontal"}, "side": {"label": "Top"}}]}]}, {"fiberComponent": [{"sensorTypes": [{"position": {"label": "Right to Left - Girder"}, "sensorType": {"label": "Strain - Horizontal"}, "side": {"label": "Top"}}, {"position": {"label": "Right to Left - Girder"}, "sensorType": {"label": "Strain - Horizontal"}, "side": {"label": "Top"}}, {"position": {"label": "Right to Left - Girder"}, "sensorType": {"label": "Strain - Horizontal"}, "side": {"label": "Top"}}]}, {"sensorTypes": [{"position": {"label": "Right to Left - Girder"}, "sensorType": {"label": "Strain - Horizontal"}, "side": {"label": "Top"}}]}, {"sensorTypes": [{"position": {"label": "Right to Left - Girder"}, "sensorType": {"label": "Strain - Horizontal"}, "side": {"label": "Top"}}]}]}, {"fiberComponent": [{"sensorTypes": [{"position": {"label": "Right to Left - Girder"}, "sensorType": {"label": "Strain - Horizontal"}, "side": {"label": "Top"}}]}, {"sensorTypes": [{"position": {"label": "Right to Left - Girder"}, "sensorType": {"label": "Strain - Horizontal"}, "side": {"label": "Top"}}]}, {"sensorTypes": [{"position": {"label": "Right to Left - Girder"}, "sensorType": {"label": "Strain - Horizontal"}, "side": {"label": "Top"}}]}]}, {"fiberComponent": [{"sensorTypes": [{"position": {"label": "Right to Left - Girder"}, "sensorType": {"label": "Strain - Horizontal"}, "side": {"label": "Top"}}]}, {"sensorTypes": [{"position": {"label": "Right to Left - Girder"}, "sensorType": {"label": "Strain - Horizontal"}, "side": {"label": "Top"}}]}, {"sensorTypes": [{"position": {"label": "Right to Left - Girder"}, "sensorType": {"label": "Strain - Horizontal"}, "side": {"label": "Top"}}]}]}, {"fiberComponent": [{"sensorTypes": [{"position": {"label": "Right to Left - Girder"}, "sensorType": {"label": "Strain - Horizontal"}, "side": {"label": "Top"}}]}, {"sensorTypes": [{"position": {"label": "Right to Left - Girder"}, "sensorType": {"label": "Strain - Horizontal"}, "side": {"label": "Top"}}]}, {"sensorTypes": [{"position": {"label": "Right to Left - Girder"}, "sensorType": {"label": "Strain - Horizontal"}, "side": {"label": "Top"}}]}]}, {"fiberComponent": [{"sensorTypes": [{"position": {"label": "Right to Left - Girder"}, "sensorType": {"label": "Strain - Horizontal"}, "side": {"label": "Top"}}]}, {"sensorTypes": [{"position": {"label": "Right to Left - Girder"}, "sensorType": {"label": "Strain - Horizontal"}, "side": {"label": "Top"}}]}, {"sensorTypes": [{"position": {"label": "Right to Left - Girder"}, "sensorType": {"label": "Strain - Horizontal"}, "side": {"label": "Top"}}]}]}, {"fiberComponent": [{"sensorTypes": [{"position": {"label": "Right to Left - Girder"}, "sensorType": {"label": "Strain - Horizontal"}, "side": {"label": "Left"}}, {"position": {"label": "Right to Left - Girder"}, "sensorType": {"label": "Strain - Horizontal"}, "side": {"label": "Bottom"}}, {"position": {"label": "Right to Left - Girder"}, "sensorType": {"label": "Strain - Horizontal"}, "side": {"label": "Left"}}]}, {"sensorTypes": [{"position": {"label": "Top to Bottom - Column"}, "sensorType": {"label": "Strain - Vertical"}, "side": {"label": "Down"}}]}, {"sensorTypes": [{"position": {"label": "Top to Bottom - Column"}, "sensorType": {"label": "Strain - Vertical"}, "side": {"label": "Down"}}]}]}, {"fiberComponent": [{"sensorTypes": [{"position": {"label": "Specify X/Y"}, "sensorType": {"label": "Rosette"}, "side": {"label": "Left"}}, {"sensorType": {"label": "Strain - Horizontal"}, "position": {"label": "Left to Right - Girder"}, "side": {"label": "Left"}}, {"sensorType": {"label": "Rosette"}, "position": {"label": "Specify X/Y"}, "side": {"label": "Left"}}]}]}], "jinja_template": {"label": "V2.1"}, "lanes": [{"laneType": {"label": "Shoulder"}, "lane_direction": {"label": "Middle"}}, {"laneType": {"label": "Traffic"}, "lane_direction": {"label": "Left to Right"}}, {"laneType": {"label": "Traffic"}, "lane_direction": {"label": "Right to Left"}}, {"laneType": {"label": "Shoulder"}, "lane_direction": {"label": "Middle"}}]}, "timezone": "Australia/Melbourne", "userAgent": "Mozilla/5.0 (Macintosh; Intel Mac OS X 10_15_7) AppleWebKit/537.36 (KHTML, like Gecko) Chrome/102.0.5005.61 Safari/537.36"}, "form": "62f5cc9a54d20a15d5e4c000", "externalIds": [], "created": "2022-08-12T03:44:43.948Z", "modified": "2022-08-12T06:08:43.572Z"}