{"_id": "62f5cca854d20a5e76e4c017", "owner": "627ddf364022c591c1b05f1b", "roles": [], "data": {"eloque_id": "AU-03INV-BR8474", "bridge_name": "Inverleigh", "asset_id": "3INV_8474", "sharepoint_name": "3INV-8474", "structure_id": "SN8474", "classification": ["I-A", "I-A"], "save-excel": false, "update-as-design": false, "update-metadata": false, "jinja_template": "", "lock-configuration": false, "coordinates_latitude": "-38.09985", "coordinates_longitude": "144.06287", "totalSpans": "", "totalGirders": "", "totalPiers": "", "totalPierCrossheads": "", "totalPierColumns": "", "totalTransverseLanes": "", "totalLanes": "", "fiberType": "", "totalFibers": "", "path": "mapping-design"}, "access": [], "form": "62f5cc9a54d20a15d5e4c000", "externalIds": [], "created": "2022-08-12T03:44:40.940Z", "modified": "2022-08-12T06:08:44.176Z"}