{"_id": "62f5cc9b54d20af42be4c002", "owner": "627ddf364022c591c1b05f1b", "roles": [], "data": {"eloque_id": "AU-03AGN-BR3159", "bridge_name": "Agnes", "asset_id": "3AGN_3159", "sharepoint_name": "3AGN-3159", "structure_id": "SN3159", "classification": ["I-A", "I-A", "I-A", "I-A", "I-A", "['I-A']"], "_version": 24, "_form_version": "0", "save-excel": true, "update-as-design": false, "update-metadata": false, "jinja_template": "v2.1", "lock-configuration": true, "display-page": "layout", "feature_crossed": "Agnes River", "road_name": "South Gipsland Highway", "coordinates_latitude": "-38.6709", "coordinates_longitude": "146.38812", "deckWidth": "0", "skew_angle": "0", "down": {"label": "G04", "value": "G04"}, "up": {"label": "G01", "value": "G01"}, "left": {"label": "A01", "value": "A01"}, "right": {"label": "A02", "value": "A02"}, "left2right": "", "right2left": "", "lanes": [{"laneType": "traffic", "lane_direction": "left2right", "lane_id": {"label": "L01", "value": "L01"}, "lane_width": 4.45, "transverse_coordinates": 0, "transverse_id": "W01"}, {"laneType": "traffic", "lane_direction": "right2left", "lane_id": {"label": "L02", "value": "L02"}, "lane_width": 4.45, "transverse_coordinates": 4.5, "transverse_id": "W02"}], "structure": [{"componentId": "S01G01", "componentType": {"label": "S01-Girder", "value": "S01-Girder"}, "superstructureLane": {"label": "W01", "value": "W01"}}, {"componentId": "S01G02", "componentType": {"label": "S01-Girder", "value": "S01-Girder"}, "superstructureLane": {"label": "W01", "value": "W01"}}, {"componentId": "S01G03", "componentType": {"label": "S01-Girder", "value": "S01-Girder"}, "superstructureLane": {"label": "W02", "value": "W02"}}, {"componentId": "S01G04", "componentType": {"label": "S01-Girder", "value": "S01-Girder"}, "superstructureLane": {"label": "W02", "value": "W02"}}, {"componentId": "S02G01", "componentType": {"label": "S02-Girder", "value": "S02-Girder"}, "superstructureLane": {"label": "W01", "value": "W01"}}, {"componentId": "S02G02", "componentType": {"label": "S02-Girder", "value": "S02-Girder"}, "superstructureLane": {"label": "W01", "value": "W01"}}, {"componentId": "S02G03", "componentType": {"label": "S02-Girder", "value": "S02-Girder"}, "superstructureLane": {"label": "W02", "value": "W02"}}, {"componentId": "S02G04", "componentType": {"label": "S02-Girder", "value": "S02-Girder"}, "superstructureLane": {"label": "W02", "value": "W02"}}, {"componentId": "S03G01", "componentType": {"label": "S03-Girder", "value": "S03-Girder"}, "superstructureLane": {"label": "W01", "value": "W01"}}, {"componentId": "S03G02", "componentType": {"label": "S03-Girder", "value": "S03-Girder"}, "superstructureLane": {"label": "W01", "value": "W01"}}, {"componentId": "S03G03", "componentType": {"label": "S03-Girder", "value": "S03-Girder"}, "superstructureLane": {"label": "W02", "value": "W02"}}, {"componentId": "S03G04", "componentType": {"label": "S03-Girder", "value": "S03-Girder"}, "superstructureLane": {"label": "W02", "value": "W02"}}, {"componentId": "P01CR01", "componentType": {"label": "PierCrosshesd01", "value": "PierCrosshesd01"}, "superstructureLane": {}}, {"componentId": "P01C01", "componentType": {"label": "PierColumn01", "value": "PierColumn01"}, "superstructureLane": {}}, {"componentId": "P01C02", "componentType": {"label": "PierColumn01", "value": "PierColumn01"}, "superstructureLane": {}}, {"componentId": "P01C03", "componentType": {"label": "PierColumn01", "value": "PierColumn01"}, "superstructureLane": {}}, {"componentId": "P01C04", "componentType": {"label": "PierColumn01", "value": "PierColumn01"}, "superstructureLane": {}}, {"componentId": "P02CR01", "componentType": {"label": "PierCrosshesd01", "value": "PierCrosshesd01"}, "superstructureLane": {}}, {"componentId": "P02C01", "componentType": {"label": "PierColumn01", "value": "PierColumn01"}, "superstructureLane": {}}, {"componentId": "P02C02", "componentType": {"label": "PierColumn01", "value": "PierColumn01"}, "superstructureLane": {}}, {"componentId": "P02C03", "componentType": {"label": "PierColumn01", "value": "PierColumn01"}, "superstructureLane": {}}, {"componentId": "P02C04", "componentType": {"label": "PierColumn01", "value": "PierColumn01"}, "superstructureLane": {}}, {"componentId": "A01", "componentType": {"label": "Abutment01", "value": "Abutment01"}, "superstructureLane": {}}, {"componentId": "A02", "componentType": {"label": "Abutment01", "value": "Abutment01"}, "superstructureLane": {}}], "componentTypes": [{"componentType": "S01-Girder", "effective_area": 67200, "effective_area_moment_of_inertia": 46700000000, "effective_shear_modulus": "", "effective_youngs_modulus": "", "flangeWidth1": "", "flangeWidth2": "", "height": 0.46, "length": 9.38, "structureSubType": "", "structureType": "girder", "weight": "", "width": 0.46}, {"componentType": "S02-Girder", "effective_area": 67200, "effective_area_moment_of_inertia": 46700000000, "effective_shear_modulus": "", "effective_youngs_modulus": "", "flangeWidth1": "", "flangeWidth2": "", "height": 0.46, "length": 9.25, "structureSubType": "", "structureType": "girder", "weight": "", "width": 0.46}, {"componentType": "S03-Girder", "effective_area": 67200, "effective_area_moment_of_inertia": 46700000000, "effective_shear_modulus": "", "effective_youngs_modulus": "", "flangeWidth1": "", "flangeWidth2": "", "height": 0.46, "length": 9.38, "structureSubType": "", "structureType": "girder", "weight": "", "width": 0.46}, {"componentType": "Pier01", "effective_area": "", "effective_area_moment_of_inertia": "", "effective_shear_modulus": "", "effective_youngs_modulus": "", "flangeWidth1": "", "flangeWidth2": "", "height": "", "length": "", "structureSubType": "", "structureType": "pier", "weight": "", "width": ""}, {"componentType": "PierColumn01", "effective_area": "", "effective_area_moment_of_inertia": "", "effective_shear_modulus": "", "effective_youngs_modulus": "", "flangeWidth1": "", "flangeWidth2": "", "height": "", "length": "", "structureSubType": "", "structureType": "pierColumn", "weight": "", "width": ""}, {"componentType": "PierCrosshead01", "effective_area": "", "effective_area_moment_of_inertia": "", "effective_shear_modulus": "", "effective_youngs_modulus": "", "flangeWidth1": "", "flangeWidth2": "", "height": "", "length": "", "structureSubType": "", "structureType": "pierCrosshead", "weight": "", "width": ""}, {"componentType": "Abutment01", "effective_area": "", "effective_area_moment_of_inertia": "", "effective_shear_modulus": "", "effective_youngs_modulus": "", "flangeWidth1": "", "flangeWidth2": "", "height": "", "length": "", "structureSubType": "", "structureType": "abutment", "weight": "", "width": ""}], "totalSpans": 3, "totalGirders": 4, "allComponentsList": [{"label": "Span/Girder: S01G01", "value": "S01G01"}, {"label": "Span/Girder: S01G02", "value": "S01G02"}, {"label": "Span/Girder: S01G03", "value": "S01G03"}, {"label": "Span/Girder: S01G04", "value": "S01G04"}, {"label": "Span/Girder: S02G01", "value": "S02G01"}, {"label": "Span/Girder: S02G02", "value": "S02G02"}, {"label": "Span/Girder: S02G03", "value": "S02G03"}, {"label": "Span/Girder: S02G04", "value": "S02G04"}, {"label": "Span/Girder: S03G01", "value": "S03G01"}, {"label": "Span/Girder: S03G02", "value": "S03G02"}, {"label": "Span/Girder: S03G03", "value": "S03G03"}, {"label": "Span/Girder: S03G04", "value": "S03G04"}, {"label": "Pier: P01", "value": "P01"}, {"label": "Crosshead: P01CR01", "value": "P01CR01"}, {"label": "Column: P01C01", "value": "P01C01"}, {"label": "Column: P01C02", "value": "P01C02"}, {"label": "Column: P01C03", "value": "P01C03"}, {"label": "Column: P01C04", "value": "P01C04"}, {"label": "Pier: P02", "value": "P02"}, {"label": "Crosshead: P02CR01", "value": "P02CR01"}, {"label": "Column: P02C01", "value": "P02C01"}, {"label": "Column: P02C02", "value": "P02C02"}, {"label": "Column: P02C03", "value": "P02C03"}, {"label": "Column: P02C04", "value": "P02C04"}, {"label": "Abutment: A01", "value": "A01"}, {"label": "Abutment: A02", "value": "A02"}], "totalPiers": 2, "totalPierCrossheads": 1, "totalPierColumns": 4, "totalTransverseLanes": 2, "totalLanes": 2, "allTransverseLanesList": [{"label": "W01", "value": "W01"}, {"label": "W02", "value": "W02"}], "allTrafficLanesList": [{"label": "", "value": ""}, {"label": "L01", "value": "L01"}, {"label": "L02", "value": "L02"}], "fiberType": "", "totalFibers": 6, "allFibersList": [{"label": "F01", "value": "F01"}, {"label": "F02", "value": "F02"}, {"label": "F03", "value": "F03"}, {"label": "F04", "value": "F04"}, {"label": "F05", "value": "F05"}, {"label": "F06", "value": "F06"}], "fibers": [{"fiberComponent": [{"bottomMargin": 0, "componentId": {"label": "Span/Girder: S01G01", "value": "S01G01"}, "leftMargin": 1.69, "rightMargin": 1.69, "sensorTypes": [{"customX": 0.6, "customY": 0, "position": "custom", "sensorType": "rosette", "side": "up", "typeFirst": 1, "typeLast": ""}, {"customX": "", "customY": "", "position": "L2R", "sensorType": "strainHorizontal", "side": "up", "typeFirst": 4, "typeLast": 6}, {"customX": 8.72, "customY": 0.46, "position": "custom", "sensorType": "temperature", "side": "up", "typeFirst": 7, "typeLast": 7}], "topMargin": 0}, {"bottomMargin": 0, "componentId": {"label": "Span/Girder: S02G01", "value": "S02G01"}, "leftMargin": 1.85, "rightMargin": 1.85, "sensorTypes": [{"customX": "", "customY": "", "position": "L2R", "sensorType": "strainHorizontal", "side": "up", "typeFirst": 8, "typeLast": 12}], "topMargin": 0}, {"bottomMargin": 0, "componentId": {"label": "Span/Girder: S03G01", "value": "S03G01"}, "leftMargin": 2.3, "rightMargin": 2.3, "sensorTypes": [{"customX": 0, "customY": 0.46, "position": "custom", "sensorType": "temperature", "side": "up", "typeFirst": 13, "typeLast": 13}, {"customX": "", "customY": "", "position": "L2R", "sensorType": "strainHorizontal", "side": "up", "typeFirst": 14, "typeLast": 16}, {"customX": "", "customY": "", "position": "R2L", "sensorType": "strainHorizontal", "side": "top", "typeFirst": 17, "typeLast": 19}, {"customX": 0.66, "customY": 0, "position": "custom", "sensorType": "temperature", "side": "up", "typeFirst": 20, "typeLast": 20}], "topMargin": 0}, {"bottomMargin": 0, "componentId": {"label": "Span/Girder: S02G01", "value": "S02G01"}, "leftMargin": 4.625, "rightMargin": 1.85, "sensorTypes": [{"customX": "", "customY": "", "position": "R2L", "sensorType": "strainHorizontal", "side": "top", "typeFirst": 21, "typeLast": 23}, {"customX": 4.5, "customY": 0, "position": "custom", "sensorType": "strainHorizontal", "side": "up", "typeFirst": 24, "typeLast": 24}, {"customX": 4, "customY": 0, "position": "custom", "sensorType": "temperature", "side": "up", "typeFirst": 25, "typeLast": 25}], "topMargin": 0}], "fiberId": "F01"}, {"fiberComponent": [{"bottomMargin": 0, "componentId": {"label": "Span/Girder: S01G02", "value": "S01G02"}, "leftMargin": 1.69, "rightMargin": 1.69, "sensorTypes": [{"customX": 0.6, "customY": 0, "position": "custom", "sensorType": "rosette", "side": "up", "typeFirst": 1, "typeLast": ""}, {"customX": "", "customY": "", "position": "L2R", "sensorType": "strainHorizontal", "side": "up", "typeFirst": 4, "typeLast": 6}, {"customX": 8.72, "customY": 0.46, "position": "custom", "sensorType": "temperature", "side": "up", "typeFirst": 7, "typeLast": 7}], "topMargin": 0}, {"bottomMargin": 0, "componentId": {"label": "Span/Girder: S02G02", "value": "S02G02"}, "leftMargin": 1.85, "rightMargin": 1.85, "sensorTypes": [{"customX": "", "customY": "", "position": "L2R", "sensorType": "strainHorizontal", "side": "up", "typeFirst": 8, "typeLast": 12}], "topMargin": 0}, {"bottomMargin": 0, "componentId": {"label": "Span/Girder: S03G02", "value": "S03G02"}, "leftMargin": 2.3, "rightMargin": 2.3, "sensorTypes": [{"customX": 0, "customY": 0.46, "position": "custom", "sensorType": "temperature", "side": "up", "typeFirst": 13, "typeLast": 13}, {"customX": "", "customY": "", "position": "L2R", "sensorType": "strainHorizontal", "side": "up", "typeFirst": 14, "typeLast": 16}, {"customX": "", "customY": "", "position": "R2L", "sensorType": "strainHorizontal", "side": "top", "typeFirst": 17, "typeLast": 19}, {"customX": 0.66, "customY": 0, "position": "custom", "sensorType": "temperature", "side": "up", "typeFirst": 20, "typeLast": 20}], "topMargin": 0}, {"bottomMargin": 0, "componentId": {"label": "Span/Girder: S02G02", "value": "S02G02"}, "leftMargin": 4.625, "rightMargin": 1.85, "sensorTypes": [{"customX": "", "customY": "", "position": "R2L", "sensorType": "strainHorizontal", "side": "top", "typeFirst": 21, "typeLast": 23}, {"customX": 4.5, "customY": 0, "position": "custom", "sensorType": "strainHorizontal", "side": "up", "typeFirst": 24, "typeLast": 24}, {"customX": 4, "customY": 0, "position": "custom", "sensorType": "temperature", "side": "up", "typeFirst": 25, "typeLast": 25}], "topMargin": 0}], "fiberId": "F02"}, {"fiberComponent": [{"bottomMargin": "", "componentId": {}, "leftMargin": "", "rightMargin": "", "sensorTypes": [{"customX": "", "customY": "", "position": "", "sensorType": "", "side": "", "typeFirst": "", "typeLast": ""}], "topMargin": ""}], "fiberId": "F03"}, {"fiberComponent": [{"bottomMargin": "", "componentId": {}, "leftMargin": "", "rightMargin": "", "sensorTypes": [{"customX": "", "customY": "", "position": "", "sensorType": "", "side": "", "typeFirst": "", "typeLast": ""}], "topMargin": ""}], "fiberId": "F04"}, {"fiberComponent": [{"bottomMargin": "", "componentId": {}, "leftMargin": "", "rightMargin": "", "sensorTypes": [{"customX": "", "customY": "", "position": "", "sensorType": "", "side": "", "typeFirst": "", "typeLast": ""}], "topMargin": ""}], "fiberId": "F05"}, {"fiberComponent": [{"bottomMargin": "", "componentId": {}, "leftMargin": "", "rightMargin": "", "sensorTypes": [{"customX": "", "customY": "", "position": "", "sensorType": "", "side": "", "typeFirst": "", "typeLast": ""}], "topMargin": ""}], "fiberId": "F06"}], "path": "mapping-design"}, "access": [], "metadata": {"browserName": "Netscape", "offset": 600, "onLine": true, "origin": "http://localhost:8000", "pathName": "/panel/edit/mapping-design/3AGN-3159", "referrer": "http://localhost:8000/panel/edit/bridge-overview/3AGN-3159", "selectData": {"classification": {"label": "Custom"}, "componentTypes": [{"structureSubType": {"label": "I-C"}, "structureType": {"label": "Girder"}}, {"structureSubType": {"label": "I-C"}, "structureType": {"label": "Girder"}}, {"structureSubType": {"label": "I-C"}, "structureType": {"label": "Girder"}}, {"structureSubType": {"label": "I-C"}, "structureType": {"label": "Pier"}}, {"structureSubType": {"label": "I-C"}, "structureType": {"label": "Pier Column"}}, {"structureSubType": {"label": "I-C"}, "structureType": {"label": "Pier Crosshead"}}, {"structureSubType": {"label": "I-C"}, "structureType": {"label": "Abutment"}}], "fibers": [{"fiberComponent": [{"sensorTypes": [{"position": {"label": "Specify X/Y"}, "sensorType": {"label": "Rosette"}, "side": {"label": "Up"}}, {"position": {"label": "Left to Right - Girder"}, "sensorType": {"label": "Strain - Horizontal"}, "side": {"label": "Up"}}, {"position": {"label": "Specify X/Y"}, "sensorType": {"label": "Temperature"}, "side": {"label": "Up"}}]}, {"sensorTypes": [{"position": {"label": "Left to Right - Girder"}, "sensorType": {"label": "Strain - Horizontal"}, "side": {"label": "Up"}}]}, {"sensorTypes": [{"position": {"label": "Specify X/Y"}, "sensorType": {"label": "Temperature"}, "side": {"label": "Up"}}, {"position": {"label": "Left to Right - Girder"}, "sensorType": {"label": "Strain - Horizontal"}, "side": {"label": "Up"}}, {"position": {"label": "Right to Left - Girder"}, "sensorType": {"label": "Strain - Horizontal"}, "side": {"label": "Top"}}, {"position": {"label": "Specify X/Y"}, "sensorType": {"label": "Temperature"}, "side": {"label": "Up"}}]}, {"sensorTypes": [{"position": {"label": "Right to Left - Girder"}, "sensorType": {"label": "Strain - Horizontal"}, "side": {"label": "Top"}}, {"position": {"label": "Specify X/Y"}, "sensorType": {"label": "Strain - Horizontal"}, "side": {"label": "Up"}}, {"position": {"label": "Specify X/Y"}, "sensorType": {"label": "Temperature"}, "side": {"label": "Up"}}]}]}, {"fiberComponent": [{"sensorTypes": [{"position": {"label": "Specify X/Y"}, "sensorType": {"label": "Rosette"}, "side": {"label": "Up"}}, {"sensorType": {"label": "Strain - Horizontal"}, "position": {"label": "Left to Right - Girder"}, "side": {"label": "Up"}}, {"sensorType": {"label": "Temperature"}, "position": {"label": "Specify X/Y"}, "side": {"label": "Up"}}]}, {"sensorTypes": [{"sensorType": {"label": "Strain - Horizontal"}, "position": {"label": "Left to Right - Girder"}, "side": {"label": "Up"}}]}, {"sensorTypes": [{"sensorType": {"label": "Temperature"}, "position": {"label": "Specify X/Y"}, "side": {"label": "Up"}}, {"sensorType": {"label": "Strain - Horizontal"}, "position": {"label": "Left to Right - Girder"}, "side": {"label": "Up"}}, {"sensorType": {"label": "Strain - Horizontal"}, "position": {"label": "Right to Left - Girder"}, "side": {"label": "Top"}}, {"sensorType": {"label": "Temperature"}, "position": {"label": "Specify X/Y"}, "side": {"label": "Up"}}]}, {"sensorTypes": [{"sensorType": {"label": "Strain - Horizontal"}, "position": {"label": "Right to Left - Girder"}, "side": {"label": "Top"}}, {"sensorType": {"label": "Strain - Horizontal"}, "position": {"label": "Specify X/Y"}, "side": {"label": "Up"}}, {"sensorType": {"label": "Temperature"}, "position": {"label": "Specify X/Y"}, "side": {"label": "Up"}}]}, {"sensorTypes": [{"sensorType": {"label": "Strain - Vertical"}, "position": {"label": "Top to Bottom - Column"}, "side": {"label": "Web Down"}}]}]}, {"fiberComponent": [{"sensorTypes": [{"position": {"label": "Top to Bottom - Column"}, "sensorType": {"label": "Strain - Vertical"}, "side": {"label": "Web Down"}}]}]}, {"fiberComponent": [{"sensorTypes": [{"position": {"label": "Top to Bottom - Column"}, "sensorType": {"label": "Strain - Vertical"}, "side": {"label": "Web Down"}}]}]}, {"fiberComponent": [{"sensorTypes": [{"position": {"label": "Top to Bottom - Column"}, "sensorType": {"label": "Strain - Vertical"}, "side": {"label": "Web Down"}}]}]}, {"fiberComponent": [{"sensorTypes": [{"position": {"label": "Top to Bottom - Column"}, "sensorType": {"label": "Strain - Vertical"}, "side": {"label": "Web Down"}}]}]}], "jinja_template": {"label": "V2.1"}, "lanes": [{"laneType": {"label": "Traffic"}, "lane_direction": {"label": "Left to Right"}}, {"laneType": {"label": "Traffic"}, "lane_direction": {"label": "Right to Left"}}]}, "timezone": "Australia/Melbourne", "userAgent": "Mozilla/5.0 (Macintosh; Intel Mac OS X 10_15_7) AppleWebKit/537.36 (KHTML, like Gecko) Chrome/100.0.4896.75 Safari/537.36"}, "form": "62f5cc9a54d20a15d5e4c000", "externalIds": [], "created": "2022-08-12T03:44:27.725Z", "modified": "2022-08-12T06:08:55.204Z"}