{"_id": "62f5cca754d20ab972e4c013", "owner": "627ddf364022c591c1b05f1b", "roles": [], "data": {"eloque_id": "AU-3DEA-BR3955", "bridge_name": "Deans Marsh", "asset_id": "3DEA_3955", "sharepoint_name": "", "structure_id": "SN3955", "classification": ["I-B"], "_version": 16, "_form_version": "0", "save-excel": false, "update-as-design": true, "update-metadata": false, "jinja_template": "v2.1", "lock-configuration": true, "display-page": "layout", "feature_crossed": "PENNY ROYAL CREEK", "road_name": "DEANS MARSH RD", "coordinates_latitude": -38.3968, "coordinates_longitude": 143.857, "deckWidth": "0", "skew_angle": "0", "down": {"label": "G16", "value": "G16"}, "up": {"label": "G01", "value": "G01"}, "left": {"label": "A01", "value": "A01"}, "right": {"label": "A02", "value": "A02"}, "left2right": "To Deans Marsh", "right2left": "To Birregurra", "lanes": [{"laneType": "shoulder", "lane_direction": "", "lane_id": {}, "lane_width": 0.76, "transverse_coordinates": 0, "transverse_id": "W01"}, {"laneType": "traffic", "lane_direction": "left2right", "lane_id": {"label": "L01", "value": "L01"}, "lane_width": 3.5, "transverse_coordinates": 0.8, "transverse_id": "W02"}, {"laneType": "traffic", "lane_direction": "right2left", "lane_id": {"label": "L02", "value": "L02"}, "lane_width": 3.6, "transverse_coordinates": 4.3, "transverse_id": "W03"}, {"laneType": "shoulder", "lane_direction": "", "lane_id": {}, "lane_width": 0.76, "transverse_coordinates": 7.9, "transverse_id": "W04"}], "structure": [{"componentId": "S01G01", "componentType": {"label": "S01-Girder", "value": "S01-Girder"}, "superstructureLane": {"label": "W01", "value": "W01"}}, {"componentId": "S01G02", "componentType": {"label": "S01-Girder", "value": "S01-Girder"}, "superstructureLane": {"label": "W02", "value": "W02"}}, {"componentId": "S01G03", "componentType": {"label": "S01-Girder", "value": "S01-Girder"}, "superstructureLane": {"label": "W02", "value": "W02"}}, {"componentId": "S01G04", "componentType": {"label": "S01-Girder", "value": "S01-Girder"}, "superstructureLane": {"label": "W02", "value": "W02"}}, {"componentId": "S01G05", "componentType": {"label": "S01-Girder", "value": "S01-Girder"}, "superstructureLane": {"label": "W02", "value": "W02"}}, {"componentId": "S01G06", "componentType": {"label": "S01-Girder", "value": "S01-Girder"}, "superstructureLane": {"label": "W02", "value": "W02"}}, {"componentId": "S01G07", "componentType": {"label": "S01-Girder", "value": "S01-Girder"}, "superstructureLane": {"label": "W02", "value": "W02"}}, {"componentId": "S01G08", "componentType": {"label": "S01-Girder", "value": "S01-Girder"}, "superstructureLane": {"label": "W02", "value": "W02"}}, {"componentId": "S01G09", "componentType": {"label": "S01-Girder", "value": "S01-Girder"}, "superstructureLane": {"label": "W03", "value": "W03"}}, {"componentId": "S01G10", "componentType": {"label": "S01-Girder", "value": "S01-Girder"}, "superstructureLane": {"label": "W03", "value": "W03"}}, {"componentId": "S01G11", "componentType": {"label": "S01-Girder", "value": "S01-Girder"}, "superstructureLane": {"label": "W03", "value": "W03"}}, {"componentId": "S01G12", "componentType": {"label": "S01-Girder", "value": "S01-Girder"}, "superstructureLane": {"label": "W03", "value": "W03"}}, {"componentId": "S01G13", "componentType": {"label": "S01-Girder", "value": "S01-Girder"}, "superstructureLane": {"label": "W03", "value": "W03"}}, {"componentId": "S01G14", "componentType": {"label": "S01-Girder", "value": "S01-Girder"}, "superstructureLane": {"label": "W03", "value": "W03"}}, {"componentId": "S01G15", "componentType": {"label": "S01-Girder", "value": "S01-Girder"}, "superstructureLane": {"label": "W04", "value": "W04"}}, {"componentId": "S01G16", "componentType": {"label": "S01-Girder", "value": "S01-Girder"}, "superstructureLane": {"label": "W04", "value": "W04"}}, {"componentId": "S02G01", "componentType": {"label": "S02-Girder", "value": "S02-Girder"}, "superstructureLane": {"label": "W01", "value": "W01"}}, {"componentId": "S02G02", "componentType": {"label": "S02-Girder", "value": "S02-Girder"}, "superstructureLane": {"label": "W01", "value": "W01"}}, {"componentId": "S02G03", "componentType": {"label": "S02-Girder", "value": "S02-Girder"}, "superstructureLane": {"label": "W02", "value": "W02"}}, {"componentId": "S02G04", "componentType": {"label": "S02-Girder", "value": "S02-Girder"}, "superstructureLane": {"label": "W02", "value": "W02"}}, {"componentId": "S02G05", "componentType": {"label": "S02-Girder", "value": "S02-Girder"}, "superstructureLane": {"label": "W02", "value": "W02"}}, {"componentId": "S02G06", "componentType": {"label": "S02-Girder", "value": "S02-Girder"}, "superstructureLane": {"label": "W02", "value": "W02"}}, {"componentId": "S02G07", "componentType": {"label": "S02-Girder", "value": "S02-Girder"}, "superstructureLane": {"label": "W02", "value": "W02"}}, {"componentId": "S02G08", "componentType": {"label": "S02-Girder", "value": "S02-Girder"}, "superstructureLane": {"label": "W02", "value": "W02"}}, {"componentId": "S02G09", "componentType": {"label": "S02-Girder", "value": "S02-Girder"}, "superstructureLane": {"label": "W03", "value": "W03"}}, {"componentId": "S02G10", "componentType": {"label": "S02-Girder", "value": "S02-Girder"}, "superstructureLane": {"label": "W03", "value": "W03"}}, {"componentId": "S02G11", "componentType": {"label": "S02-Girder", "value": "S02-Girder"}, "superstructureLane": {"label": "W03", "value": "W03"}}, {"componentId": "S02G12", "componentType": {"label": "S02-Girder", "value": "S02-Girder"}, "superstructureLane": {"label": "W03", "value": "W03"}}, {"componentId": "S02G13", "componentType": {"label": "S02-Girder", "value": "S02-Girder"}, "superstructureLane": {"label": "W03", "value": "W03"}}, {"componentId": "S02G14", "componentType": {"label": "S02-Girder", "value": "S02-Girder"}, "superstructureLane": {"label": "W03", "value": "W03"}}, {"componentId": "S02G15", "componentType": {"label": "S02-Girder", "value": "S02-Girder"}, "superstructureLane": {"label": "W04", "value": "W04"}}, {"componentId": "S02G16", "componentType": {"label": "S02-Girder", "value": "S02-Girder"}, "superstructureLane": {"label": "W04", "value": "W04"}}, {"componentId": "S03G01", "componentType": {"label": "S03-Girder", "value": "S03-Girder"}, "superstructureLane": {"label": "W01", "value": "W01"}}, {"componentId": "S03G02", "componentType": {"label": "S03-Girder", "value": "S03-Girder"}, "superstructureLane": {"label": "W01", "value": "W01"}}, {"componentId": "S03G03", "componentType": {"label": "S03-Girder", "value": "S03-Girder"}, "superstructureLane": {"label": "W02", "value": "W02"}}, {"componentId": "S03G04", "componentType": {"label": "S03-Girder", "value": "S03-Girder"}, "superstructureLane": {"label": "W02", "value": "W02"}}, {"componentId": "S03G05", "componentType": {"label": "S03-Girder", "value": "S03-Girder"}, "superstructureLane": {"label": "W02", "value": "W02"}}, {"componentId": "S03G06", "componentType": {"label": "S03-Girder", "value": "S03-Girder"}, "superstructureLane": {"label": "W02", "value": "W02"}}, {"componentId": "S03G07", "componentType": {"label": "S03-Girder", "value": "S03-Girder"}, "superstructureLane": {"label": "W02", "value": "W02"}}, {"componentId": "S03G08", "componentType": {"label": "S03-Girder", "value": "S03-Girder"}, "superstructureLane": {"label": "W02", "value": "W02"}}, {"componentId": "S03G09", "componentType": {"label": "S03-Girder", "value": "S03-Girder"}, "superstructureLane": {"label": "W03", "value": "W03"}}, {"componentId": "S03G10", "componentType": {"label": "S03-Girder", "value": "S03-Girder"}, "superstructureLane": {"label": "W03", "value": "W03"}}, {"componentId": "S03G11", "componentType": {"label": "S03-Girder", "value": "S03-Girder"}, "superstructureLane": {"label": "W03", "value": "W03"}}, {"componentId": "S03G12", "componentType": {"label": "S03-Girder", "value": "S03-Girder"}, "superstructureLane": {"label": "W03", "value": "W03"}}, {"componentId": "S03G13", "componentType": {"label": "S03-Girder", "value": "S03-Girder"}, "superstructureLane": {"label": "W03", "value": "W03"}}, {"componentId": "S03G14", "componentType": {"label": "S03-Girder", "value": "S03-Girder"}, "superstructureLane": {"label": "W03", "value": "W03"}}, {"componentId": "S03G15", "componentType": {"label": "S03-Girder", "value": "S03-Girder"}, "superstructureLane": {"label": "W04", "value": "W04"}}, {"componentId": "S03G16", "componentType": {"label": "S03-Girder", "value": "S03-Girder"}, "superstructureLane": {"label": "W04", "value": "W04"}}, {"componentId": "P01CR01", "componentType": {"label": "PierCrosshead01", "value": "PierCrosshead01"}, "superstructureLane": {}}, {"componentId": "P01C01", "componentType": {"label": "PierColumn01", "value": "PierColumn01"}, "superstructureLane": {}}, {"componentId": "P01C02", "componentType": {"label": "PierColumn01", "value": "PierColumn01"}, "superstructureLane": {}}, {"componentId": "P01C03", "componentType": {"label": "PierColumn01", "value": "PierColumn01"}, "superstructureLane": {}}, {"componentId": "P02CR01", "componentType": {"label": "PierCrosshead01", "value": "PierCrosshead01"}, "superstructureLane": {}}, {"componentId": "P02C01", "componentType": {"label": "PierColumn01", "value": "PierColumn01"}, "superstructureLane": {}}, {"componentId": "P02C02", "componentType": {"label": "PierColumn01", "value": "PierColumn01"}, "superstructureLane": {}}, {"componentId": "P02C03", "componentType": {"label": "PierColumn01", "value": "PierColumn01"}, "superstructureLane": {}}, {"componentId": "A01", "componentType": {"label": "Abutment01", "value": "Abutment01"}, "superstructureLane": {}}, {"componentId": "A02", "componentType": {"label": "Abutment01", "value": "Abutment01"}, "superstructureLane": {}}], "componentTypes": [{"componentType": "S01-Girder", "effective_area": "", "effective_area_moment_of_inertia": "", "effective_shear_modulus": "", "effective_youngs_modulus": "", "flangeWidth1": "", "flangeWidth2": "", "height": 0.508, "length": 9.8, "structureSubType": "i-b", "structureType": "girder", "weight": "", "width": 0.61}, {"componentType": "S02-Girder", "effective_area": "", "effective_area_moment_of_inertia": "", "effective_shear_modulus": "", "effective_youngs_modulus": "", "flangeWidth1": "", "flangeWidth2": "", "height": 0.508, "length": 10, "structureSubType": "", "structureType": "girder", "weight": "", "width": 0.61}, {"componentType": "S03-Girder", "effective_area": "", "effective_area_moment_of_inertia": "", "effective_shear_modulus": "", "effective_youngs_modulus": "", "flangeWidth1": "", "flangeWidth2": "", "height": 0.508, "length": 9.8, "structureSubType": "", "structureType": "girder", "weight": "", "width": 0.61}, {"componentType": "Pier01", "effective_area": "", "effective_area_moment_of_inertia": "", "effective_shear_modulus": "", "effective_youngs_modulus": "", "flangeWidth1": "", "flangeWidth2": "", "height": "", "length": "", "structureSubType": "", "structureType": "pier", "weight": "", "width": ""}, {"componentType": "PierColumn01", "effective_area": "", "effective_area_moment_of_inertia": "", "effective_shear_modulus": "", "effective_youngs_modulus": "", "flangeWidth1": "", "flangeWidth2": "", "height": 3, "length": 0.508, "structureSubType": "", "structureType": "pierColumn", "weight": "", "width": 0.508}, {"componentType": "PierCrosshead01", "effective_area": "", "effective_area_moment_of_inertia": "", "effective_shear_modulus": "", "effective_youngs_modulus": "", "flangeWidth1": "", "flangeWidth2": "", "height": 0.72, "length": 11.44, "structureSubType": "", "structureType": "pierCrosshead", "weight": "", "width": 0.61}, {"componentType": "Abutment01", "effective_area": "", "effective_area_moment_of_inertia": "", "effective_shear_modulus": "", "effective_youngs_modulus": "", "flangeWidth1": "", "flangeWidth2": "", "height": "", "length": "", "structureSubType": "", "structureType": "abutment", "weight": "", "width": ""}], "totalSpans": 3, "totalGirders": 16, "allComponentsList": [{"label": "Span/Girder: S01G01", "value": "S01G01"}, {"label": "Span/Girder: S01G02", "value": "S01G02"}, {"label": "Span/Girder: S01G03", "value": "S01G03"}, {"label": "Span/Girder: S01G04", "value": "S01G04"}, {"label": "Span/Girder: S01G05", "value": "S01G05"}, {"label": "Span/Girder: S01G06", "value": "S01G06"}, {"label": "Span/Girder: S01G07", "value": "S01G07"}, {"label": "Span/Girder: S01G08", "value": "S01G08"}, {"label": "Span/Girder: S01G09", "value": "S01G09"}, {"label": "Span/Girder: S01G10", "value": "S01G10"}, {"label": "Span/Girder: S01G11", "value": "S01G11"}, {"label": "Span/Girder: S01G12", "value": "S01G12"}, {"label": "Span/Girder: S01G13", "value": "S01G13"}, {"label": "Span/Girder: S01G14", "value": "S01G14"}, {"label": "Span/Girder: S01G15", "value": "S01G15"}, {"label": "Span/Girder: S01G16", "value": "S01G16"}, {"label": "Span/Girder: S02G01", "value": "S02G01"}, {"label": "Span/Girder: S02G02", "value": "S02G02"}, {"label": "Span/Girder: S02G03", "value": "S02G03"}, {"label": "Span/Girder: S02G04", "value": "S02G04"}, {"label": "Span/Girder: S02G05", "value": "S02G05"}, {"label": "Span/Girder: S02G06", "value": "S02G06"}, {"label": "Span/Girder: S02G07", "value": "S02G07"}, {"label": "Span/Girder: S02G08", "value": "S02G08"}, {"label": "Span/Girder: S02G09", "value": "S02G09"}, {"label": "Span/Girder: S02G10", "value": "S02G10"}, {"label": "Span/Girder: S02G11", "value": "S02G11"}, {"label": "Span/Girder: S02G12", "value": "S02G12"}, {"label": "Span/Girder: S02G13", "value": "S02G13"}, {"label": "Span/Girder: S02G14", "value": "S02G14"}, {"label": "Span/Girder: S02G15", "value": "S02G15"}, {"label": "Span/Girder: S02G16", "value": "S02G16"}, {"label": "Span/Girder: S03G01", "value": "S03G01"}, {"label": "Span/Girder: S03G02", "value": "S03G02"}, {"label": "Span/Girder: S03G03", "value": "S03G03"}, {"label": "Span/Girder: S03G04", "value": "S03G04"}, {"label": "Span/Girder: S03G05", "value": "S03G05"}, {"label": "Span/Girder: S03G06", "value": "S03G06"}, {"label": "Span/Girder: S03G07", "value": "S03G07"}, {"label": "Span/Girder: S03G08", "value": "S03G08"}, {"label": "Span/Girder: S03G09", "value": "S03G09"}, {"label": "Span/Girder: S03G10", "value": "S03G10"}, {"label": "Span/Girder: S03G11", "value": "S03G11"}, {"label": "Span/Girder: S03G12", "value": "S03G12"}, {"label": "Span/Girder: S03G13", "value": "S03G13"}, {"label": "Span/Girder: S03G14", "value": "S03G14"}, {"label": "Span/Girder: S03G15", "value": "S03G15"}, {"label": "Span/Girder: S03G16", "value": "S03G16"}, {"label": "Pier: P01", "value": "P01"}, {"label": "Crosshead: P01CR01", "value": "P01CR01"}, {"label": "Column: P01C01", "value": "P01C01"}, {"label": "Column: P01C02", "value": "P01C02"}, {"label": "Column: P01C03", "value": "P01C03"}, {"label": "Pier: P02", "value": "P02"}, {"label": "Crosshead: P02CR01", "value": "P02CR01"}, {"label": "Column: P02C01", "value": "P02C01"}, {"label": "Column: P02C02", "value": "P02C02"}, {"label": "Column: P02C03", "value": "P02C03"}, {"label": "Abutment: A01", "value": "A01"}, {"label": "Abutment: A02", "value": "A02"}], "totalPiers": 2, "totalPierCrossheads": 1, "totalPierColumns": 3, "totalTransverseLanes": 4, "totalLanes": 2, "allTransverseLanesList": [{"label": "W01", "value": "W01"}, {"label": "W02", "value": "W02"}, {"label": "W03", "value": "W03"}, {"label": "W04", "value": "W04"}], "allTrafficLanesList": [{"label": "", "value": ""}, {"label": "L01", "value": "L01"}, {"label": "L02", "value": "L02"}], "fiberType": 41200256, "totalFibers": 8, "allFibersList": [{"label": "F01", "value": "F01"}, {"label": "F02", "value": "F02"}, {"label": "F03", "value": "F03"}, {"label": "F04", "value": "F04"}, {"label": "F05", "value": "F05"}, {"label": "F06", "value": "F06"}, {"label": "F07", "value": "F07"}, {"label": "F08", "value": "F08"}], "fibers": [{"fiberComponent": [{"bottomMargin": 0, "componentId": {"label": "Span/Girder: S01G05", "value": "S01G05"}, "leftMargin": 0, "rightMargin": 0, "sensorTypes": [{"customX": "", "customY": "", "position": "L2R", "sensorType": "strainHorizontal", "side": "top", "typeFirst": 1, "typeLast": 10}], "topMargin": 0}, {"bottomMargin": 0, "componentId": {"label": "Span/Girder: S01G04", "value": "S01G04"}, "leftMargin": 0, "rightMargin": 0, "sensorTypes": [{"customX": "", "customY": "", "position": "R2L", "sensorType": "strainHorizontal", "side": "top", "typeFirst": 11, "typeLast": 16}], "topMargin": 0}, {"bottomMargin": 0, "componentId": {"label": "Span/Girder: S01G03", "value": "S01G03"}, "leftMargin": 0, "rightMargin": 0, "sensorTypes": [{"customX": "", "customY": "", "position": "L2R", "sensorType": "strainHorizontal", "side": "top", "typeFirst": 17, "typeLast": 25}], "topMargin": 0}], "fiberId": "F01"}, {"fiberComponent": [{"bottomMargin": 0, "componentId": {"label": "Span/Girder: S01G14", "value": "S01G14"}, "leftMargin": 0, "rightMargin": 0, "sensorTypes": [{"customX": "", "customY": "", "position": "L2R", "sensorType": "strainHorizontal", "side": "top", "typeFirst": 1, "typeLast": 10}], "topMargin": 0}, {"bottomMargin": 0, "componentId": {"label": "Span/Girder: S01G13", "value": "S01G13"}, "leftMargin": 0, "rightMargin": 0, "sensorTypes": [{"customX": "", "customY": "", "position": "R2L", "sensorType": "strainHorizontal", "side": "top", "typeFirst": 11, "typeLast": 16}], "topMargin": 0}, {"bottomMargin": 0, "componentId": {"label": "Span/Girder: S01G12", "value": "S01G12"}, "leftMargin": 0, "rightMargin": 0, "sensorTypes": [{"customX": "", "customY": "", "position": "L2R", "sensorType": "strainHorizontal", "side": "top", "typeFirst": 17, "typeLast": 25}], "topMargin": 0}], "fiberId": "F02"}, {"fiberComponent": [{"bottomMargin": 0, "componentId": {"label": "Span/Girder: S02G07", "value": "S02G07"}, "leftMargin": 0, "rightMargin": 0, "sensorTypes": [{"customX": "", "customY": "", "position": "L2R", "sensorType": "strainHorizontal", "side": "top", "typeFirst": 1, "typeLast": 9}], "topMargin": 0}, {"bottomMargin": 0, "componentId": {"label": "Span/Girder: S02G06", "value": "S02G06"}, "leftMargin": 0, "rightMargin": 0, "sensorTypes": [{"customX": "", "customY": "", "position": "R2L", "sensorType": "strainHorizontal", "side": "top", "typeFirst": 10, "typeLast": 16}], "topMargin": 0}, {"bottomMargin": 0, "componentId": {"label": "Span/Girder: S02G05", "value": "S02G05"}, "leftMargin": 0, "rightMargin": 0, "sensorTypes": [{"customX": "", "customY": "", "position": "L2R", "sensorType": "strainHorizontal", "side": "top", "typeFirst": 17, "typeLast": 25}], "topMargin": 0}], "fiberId": "F03"}, {"fiberComponent": [{"bottomMargin": 0, "componentId": {"label": "Span/Girder: S02G12", "value": "S02G12"}, "leftMargin": 0, "rightMargin": 0, "sensorTypes": [{"customX": "", "customY": "", "position": "L2R", "sensorType": "strainHorizontal", "side": "top", "typeFirst": 1, "typeLast": 9}], "topMargin": 0}, {"bottomMargin": 0, "componentId": {"label": "Span/Girder: S02G11", "value": "S02G11"}, "leftMargin": 0, "rightMargin": 0, "sensorTypes": [{"customX": "", "customY": "", "position": "R2L", "sensorType": "strainHorizontal", "side": "top", "typeFirst": 10, "typeLast": 16}], "topMargin": 0}, {"bottomMargin": 0, "componentId": {"label": "Span/Girder: S02G10", "value": "S02G10"}, "leftMargin": 0, "rightMargin": 0, "sensorTypes": [{"customX": "", "customY": "", "position": "L2R", "sensorType": "strainHorizontal", "side": "top", "typeFirst": 17, "typeLast": 25}], "topMargin": 0}], "fiberId": "F04"}, {"fiberComponent": [{"bottomMargin": 0, "componentId": {"label": "Span/Girder: S03G06", "value": "S03G06"}, "leftMargin": 0, "rightMargin": 0, "sensorTypes": [{"customX": "", "customY": "", "position": "L2R", "sensorType": "strainHorizontal", "side": "top", "typeFirst": 1, "typeLast": 9}], "topMargin": 0}, {"bottomMargin": 0, "componentId": {"label": "Span/Girder: S03G07", "value": "S03G07"}, "leftMargin": 0, "rightMargin": 0, "sensorTypes": [{"customX": "", "customY": "", "position": "R2L", "sensorType": "strainHorizontal", "side": "top", "typeFirst": 10, "typeLast": 16}], "topMargin": 0}, {"bottomMargin": 0, "componentId": {"label": "Span/Girder: S03G08", "value": "S03G08"}, "leftMargin": 0, "rightMargin": 0, "sensorTypes": [{"customX": "", "customY": "", "position": "L2R", "sensorType": "strainHorizontal", "side": "top", "typeFirst": 17, "typeLast": 25}], "topMargin": 0}], "fiberId": "F05"}, {"fiberComponent": [{"bottomMargin": 0, "componentId": {"label": "Span/Girder: S03G09", "value": "S03G09"}, "leftMargin": 0, "rightMargin": 0, "sensorTypes": [{"customX": "", "customY": "", "position": "L2R", "sensorType": "strainHorizontal", "side": "top", "typeFirst": 1, "typeLast": 9}], "topMargin": 0}, {"bottomMargin": 0, "componentId": {"label": "Span/Girder: S03G10", "value": "S03G10"}, "leftMargin": 0, "rightMargin": 0, "sensorTypes": [{"customX": "", "customY": "", "position": "R2L", "sensorType": "strainHorizontal", "side": "top", "typeFirst": 10, "typeLast": 16}], "topMargin": 0}, {"bottomMargin": 0, "componentId": {"label": "Span/Girder: S03G11", "value": "S03G11"}, "leftMargin": 0, "rightMargin": 0, "sensorTypes": [{"customX": "", "customY": "", "position": "L2R", "sensorType": "strainHorizontal", "side": "top", "typeFirst": 17, "typeLast": 25}], "topMargin": 0}], "fiberId": "F06"}, {"fiberComponent": [{"bottomMargin": 0, "componentId": {"label": "Crosshead: P01CR01", "value": "P01CR01"}, "leftMargin": 0, "rightMargin": 0, "sensorTypes": [{"customX": 10.474, "customY": 0.33, "position": "custom", "sensorType": "rosette", "side": "right", "typeFirst": 1, "typeLast": ""}, {"customX": "", "customY": "", "position": "R2L", "sensorType": "strainHorizontal", "side": "bottom", "typeFirst": 8, "typeLast": 10}, {"customX": "", "customY": "", "position": "R2L", "sensorType": "strainHorizontal", "side": "bottom", "typeFirst": 15, "typeLast": 17}, {"customX": "", "customY": "", "position": "R2L", "sensorType": "strainHorizontal", "side": "right", "typeFirst": 22, "typeLast": 24}, {"customX": 4.166, "customY": 0.05, "position": "custom", "sensorType": "temperature", "side": "right", "typeFirst": 25, "typeLast": 25}], "topMargin": 0}, {"bottomMargin": 0, "componentId": {"label": "Column: P01C03", "value": "P01C03"}, "leftMargin": 0, "rightMargin": 0, "sensorTypes": [{"customX": "", "customY": "", "position": "T2B", "sensorType": "strainVertical", "side": "down", "typeFirst": 4, "typeLast": 7}], "topMargin": 0}, {"bottomMargin": 0, "componentId": {"label": "Column: P01C02", "value": "P01C02"}, "leftMargin": 0, "rightMargin": 0, "sensorTypes": [{"customX": "", "customY": "", "position": "T2B", "sensorType": "strainVertical", "side": "down", "typeFirst": 11, "typeLast": 14}], "topMargin": 0}, {"bottomMargin": 0, "componentId": {"label": "Column: P01C01", "value": "P01C01"}, "leftMargin": 0, "rightMargin": 0, "sensorTypes": [{"customX": "", "customY": "", "position": "T2B", "sensorType": "strainVertical", "side": "down", "typeFirst": 18, "typeLast": 21}], "topMargin": 0}], "fiberId": "F07"}, {"fiberComponent": [{"bottomMargin": 0, "componentId": {"label": "Crosshead: P02CR01", "value": "P02CR01"}, "leftMargin": 0, "rightMargin": 0, "sensorTypes": [{"customX": 10.474, "customY": 0.33, "position": "custom", "sensorType": "rosette", "side": "right", "typeFirst": 1, "typeLast": ""}, {"customX": "", "customY": "", "position": "R2L", "sensorType": "strainHorizontal", "side": "bottom", "typeFirst": 8, "typeLast": 10}, {"customX": "", "customY": "", "position": "R2L", "sensorType": "strainHorizontal", "side": "bottom", "typeFirst": 15, "typeLast": 17}, {"customX": "", "customY": "", "position": "R2L", "sensorType": "strainHorizontal", "side": "right", "typeFirst": 22, "typeLast": 24}, {"customX": 4.166, "customY": 0.05, "position": "custom", "sensorType": "temperature", "side": "right", "typeFirst": 25, "typeLast": 25}], "topMargin": 0}, {"bottomMargin": 0, "componentId": {"label": "Column: P02C03", "value": "P02C03"}, "leftMargin": 0, "rightMargin": 0, "sensorTypes": [{"customX": "", "customY": "", "position": "T2B", "sensorType": "strainVertical", "side": "down", "typeFirst": 4, "typeLast": 7}], "topMargin": 0}, {"bottomMargin": 0, "componentId": {"label": "Column: P02C02", "value": "P02C02"}, "leftMargin": 0, "rightMargin": 0, "sensorTypes": [{"customX": "", "customY": "", "position": "T2B", "sensorType": "strainVertical", "side": "down", "typeFirst": 11, "typeLast": 14}], "topMargin": 0}, {"bottomMargin": 0, "componentId": {"label": "Column: P02C01", "value": "P02C01"}, "leftMargin": 0, "rightMargin": 0, "sensorTypes": [{"customX": "", "customY": "", "position": "T2B", "sensorType": "strainVertical", "side": "down", "typeFirst": 18, "typeLast": 21}], "topMargin": 0}], "fiberId": "F08"}], "path": "mapping-design"}, "access": [], "metadata": {"browserName": "Netscape", "offset": 600, "onLine": true, "origin": "http://192.168.1.6:8000", "pathName": "/designer/edit/mapping-design/AU-3DEA-BR3955", "referrer": "http://192.168.1.6:8000/designer/edit/bridge-overview/**%20New%20**", "selectData": {"classification": {"label": "I-B"}, "componentTypes": [{"structureSubType": {"label": "I-B"}, "structureType": {"label": "Girder"}}, {"structureSubType": {"label": "I-C"}, "structureType": {"label": "Girder"}}, {"structureSubType": {"label": "I-C"}, "structureType": {"label": "Girder"}}, {"structureSubType": {"label": "I-C"}, "structureType": {"label": "Pier"}}, {"structureSubType": {"label": "I-C"}, "structureType": {"label": "Pier Column"}}, {"structureSubType": {"label": "I-C"}, "structureType": {"label": "Pier Crosshead"}}, {"structureSubType": {"label": "I-C"}, "structureType": {"label": "Abutment"}}], "fiberType": {"data": {"id": "41200256"}}, "fibers": [{"fiberComponent": [{"sensorTypes": [{"position": {"label": "Left to Right - Girder"}, "sensorType": {"label": "Strain - Horizontal"}, "side": {"label": "Top"}}]}, {"sensorTypes": [{"position": {"label": "Right to Left - Girder"}, "sensorType": {"label": "Strain - Horizontal"}, "side": {"label": "Top"}}]}, {"sensorTypes": [{"position": {"label": "Left to Right - Girder"}, "sensorType": {"label": "Strain - Horizontal"}, "side": {"label": "Top"}}]}]}, {"fiberComponent": [{"sensorTypes": [{"position": {"label": "Left to Right - Girder"}, "sensorType": {"label": "Strain - Horizontal"}, "side": {"label": "Top"}}]}, {"sensorTypes": [{"position": {"label": "Right to Left - Girder"}, "sensorType": {"label": "Strain - Horizontal"}, "side": {"label": "Top"}}]}, {"sensorTypes": [{"position": {"label": "Left to Right - Girder"}, "sensorType": {"label": "Strain - Horizontal"}, "side": {"label": "Top"}}]}]}, {"fiberComponent": [{"sensorTypes": [{"position": {"label": "Left to Right - Girder"}, "sensorType": {"label": "Strain - Horizontal"}, "side": {"label": "Top"}}]}, {"sensorTypes": [{"position": {"label": "Right to Left - Girder"}, "sensorType": {"label": "Strain - Horizontal"}, "side": {"label": "Top"}}]}, {"sensorTypes": [{"position": {"label": "Left to Right - Girder"}, "sensorType": {"label": "Strain - Horizontal"}, "side": {"label": "Top"}}]}]}, {"fiberComponent": [{"sensorTypes": [{"position": {"label": "Left to Right - Girder"}, "sensorType": {"label": "Strain - Horizontal"}, "side": {"label": "Top"}}]}, {"sensorTypes": [{"position": {"label": "Right to Left - Girder"}, "sensorType": {"label": "Strain - Horizontal"}, "side": {"label": "Top"}}]}, {"sensorTypes": [{"position": {"label": "Left to Right - Girder"}, "sensorType": {"label": "Strain - Horizontal"}, "side": {"label": "Top"}}]}]}, {"fiberComponent": [{"sensorTypes": [{"position": {"label": "Left to Right - Girder"}, "sensorType": {"label": "Strain - Horizontal"}, "side": {"label": "Top"}}]}, {"sensorTypes": [{"position": {"label": "Right to Left - Girder"}, "sensorType": {"label": "Strain - Horizontal"}, "side": {"label": "Top"}}]}, {"sensorTypes": [{"position": {"label": "Left to Right - Girder"}, "sensorType": {"label": "Strain - Horizontal"}, "side": {"label": "Top"}}]}]}, {"fiberComponent": [{"sensorTypes": [{"position": {"label": "Left to Right - Girder"}, "sensorType": {"label": "Strain - Horizontal"}, "side": {"label": "Top"}}]}, {"sensorTypes": [{"position": {"label": "Right to Left - Girder"}, "sensorType": {"label": "Strain - Horizontal"}, "side": {"label": "Top"}}]}, {"sensorTypes": [{"position": {"label": "Left to Right - Girder"}, "sensorType": {"label": "Strain - Horizontal"}, "side": {"label": "Top"}}]}]}, {"fiberComponent": [{"sensorTypes": [{"position": {"label": "Specify X/Y"}, "sensorType": {"label": "Rosette"}, "side": {"label": "Right"}}, {"position": {"label": "Right to Left - Girder"}, "sensorType": {"label": "Strain - Horizontal"}, "side": {"label": "Bottom"}}, {"position": {"label": "Right to Left - Girder"}, "sensorType": {"label": "Strain - Horizontal"}, "side": {"label": "Bottom"}}, {"position": {"label": "Right to Left - Girder"}, "sensorType": {"label": "Strain - Horizontal"}, "side": {"label": "Right"}}, {"position": {"label": "Specify X/Y"}, "sensorType": {"label": "Temperature"}, "side": {"label": "Right"}}]}, {"sensorTypes": [{"position": {"label": "Top to Bottom - Column"}, "sensorType": {"label": "Strain - Vertical"}, "side": {"label": "Down"}}]}, {"sensorTypes": [{"position": {"label": "Top to Bottom - Column"}, "sensorType": {"label": "Strain - Vertical"}, "side": {"label": "Down"}}]}, {"sensorTypes": [{"position": {"label": "Top to Bottom - Column"}, "sensorType": {"label": "Strain - Vertical"}, "side": {"label": "Down"}}]}]}, {"fiberComponent": [{"sensorTypes": [{"position": {"label": "Specify X/Y"}, "sensorType": {"label": "Rosette"}, "side": {"label": "Right"}}, {"sensorType": {"label": "Strain - Horizontal"}, "position": {"label": "Right to Left - Girder"}, "side": {"label": "Bottom"}}, {"sensorType": {"label": "Strain - Horizontal"}, "position": {"label": "Right to Left - Girder"}, "side": {"label": "Bottom"}}, {"sensorType": {"label": "Strain - Horizontal"}, "position": {"label": "Right to Left - Girder"}, "side": {"label": "Right"}}, {"sensorType": {"label": "Temperature"}, "position": {"label": "Specify X/Y"}, "side": {"label": "Right"}}, {"sensorType": {"label": "Strain - Vertical"}, "position": {"label": "Top to Bottom - Column"}, "side": {"label": "Web Down"}}]}, {"sensorTypes": [{"sensorType": {"label": "Strain - Vertical"}, "position": {"label": "Top to Bottom - Column"}, "side": {"label": "Down"}}]}, {"sensorTypes": [{"sensorType": {"label": "Strain - Vertical"}, "position": {"label": "Top to Bottom - Column"}, "side": {"label": "Down"}}]}, {"sensorTypes": [{"sensorType": {"label": "Strain - Vertical"}, "position": {"label": "Top to Bottom - Column"}, "side": {"label": "Down"}}]}]}], "jinja_template": {"label": "V2.1"}, "lanes": [{"laneType": {"label": "Shoulder"}, "lane_direction": {"label": "Middle"}}, {"laneType": {"label": "Traffic"}, "lane_direction": {"label": "Left to Right"}}, {"laneType": {"label": "Traffic"}, "lane_direction": {"label": "Right to Left"}}, {"laneType": {"label": "Shoulder"}, "lane_direction": {"label": "Middle"}}]}, "timezone": "Australia/Melbourne", "userAgent": "Mozilla/5.0 (Macintosh; Intel Mac OS X 10_15_7) AppleWebKit/537.36 (KHTML, like Gecko) Chrome/102.0.5005.61 Safari/537.36"}, "form": "62f5cc9a54d20a15d5e4c000", "externalIds": [], "created": "2022-08-12T03:44:39.886Z", "modified": "2022-08-12T06:08:51.129Z"}