{"_id": "62f5cca954d20a9205e4c018", "owner": "627ddf364022c591c1b05f1b", "roles": [], "data": {"eloque_id": "AU-03BER-BR3611", "bridge_name": "Berrybank #1", "asset_id": "SN3611_BERRYBANK", "sharepoint_name": "3BER-3611", "structure_id": "SN3611", "classification": ["I-A", "I-A", "I-A"], "save-excel": false, "update-as-design": false, "update-metadata": false, "jinja_template": "", "lock-configuration": false, "coordinates_latitude": "-37.97063", "coordinates_longitude": "143.46767", "totalSpans": "", "totalGirders": "", "totalPiers": "", "totalPierCrossheads": "", "totalPierColumns": "", "totalTransverseLanes": "", "totalLanes": "", "fiberType": "", "totalFibers": "", "path": "mapping-design"}, "access": [], "form": "62f5cc9a54d20a15d5e4c000", "externalIds": [], "created": "2022-08-12T03:44:41.156Z", "modified": "2022-08-12T06:08:35.002Z"}