{"_id": "62f5cca054d20a3bc9e4c005", "owner": "627ddf364022c591c1b05f1b", "roles": [], "data": {"eloque_id": "AU-03MOU-BR3306", "bridge_name": "Mount Martha", "asset_id": "SN3306_MOUNT_MARTHA", "sharepoint_name": "3MOU-3306", "structure_id": "SN3306", "classification": ["I-A"], "_version": 18, "_form_version": "0", "save-excel": true, "update-as-design": true, "update-metadata": false, "jinja_template": "v2.1", "lock-configuration": true, "display-page": "layout", "feature_crossed": "Balcombe Creek", "road_name": "Napean Hwy", "coordinates_latitude": -38.264, "coordinates_longitude": 145.03716, "deckWidth": "0", "skew_angle": "0", "down": {"label": "G06", "value": "G06"}, "up": {"label": "G01", "value": "G01"}, "left": {"label": "A01", "value": "A01"}, "right": {"label": "A02", "value": "A02"}, "left2right": "To Dromana", "right2left": "To Melbourne", "lanes": [{"laneType": "traffic", "lane_direction": "left2right", "lane_id": {"label": "L01", "value": "L01"}, "lane_width": "", "transverse_coordinates": 0, "transverse_id": "W01"}, {"laneType": "traffic", "lane_direction": "right2left", "lane_id": {"label": "L02", "value": "L02"}, "lane_width": "", "transverse_coordinates": 0, "transverse_id": "W02"}], "structure": [{"componentId": "S01G01", "componentType": {"label": "S01-Girder", "value": "S01-Girder"}, "superstructureLane": {"label": "W01", "value": "W01"}}, {"componentId": "S01G02", "componentType": {"label": "S01-Girder", "value": "S01-Girder"}, "superstructureLane": {"label": "W01", "value": "W01"}}, {"componentId": "S01G03", "componentType": {"label": "S01-Girder", "value": "S01-Girder"}, "superstructureLane": {"label": "W01", "value": "W01"}}, {"componentId": "S01G04", "componentType": {"label": "S01-Girder", "value": "S01-Girder"}, "superstructureLane": {"label": "W02", "value": "W02"}}, {"componentId": "S01G05", "componentType": {"label": "S01-Girder", "value": "S01-Girder"}, "superstructureLane": {"label": "W02", "value": "W02"}}, {"componentId": "S01G06", "componentType": {"label": "S01-Girder", "value": "S01-Girder"}, "superstructureLane": {"label": "W02", "value": "W02"}}, {"componentId": "S02G01", "componentType": {"label": "S02-Girder", "value": "S02-Girder"}, "superstructureLane": {"label": "W01", "value": "W01"}}, {"componentId": "S02G02", "componentType": {"label": "S02-Girder", "value": "S02-Girder"}, "superstructureLane": {"label": "W01", "value": "W01"}}, {"componentId": "S02G03", "componentType": {"label": "S02-Girder", "value": "S02-Girder"}, "superstructureLane": {"label": "W01", "value": "W01"}}, {"componentId": "S02G04", "componentType": {"label": "S02-Girder", "value": "S02-Girder"}, "superstructureLane": {"label": "W02", "value": "W02"}}, {"componentId": "S02G05", "componentType": {"label": "S02-Girder", "value": "S02-Girder"}, "superstructureLane": {"label": "W02", "value": "W02"}}, {"componentId": "S02G06", "componentType": {"label": "S02-Girder", "value": "S02-Girder"}, "superstructureLane": {"label": "W02", "value": "W02"}}, {"componentId": "S03G01", "componentType": {"label": "S03-Girder", "value": "S03-Girder"}, "superstructureLane": {"label": "W01", "value": "W01"}}, {"componentId": "S03G02", "componentType": {"label": "S03-Girder", "value": "S03-Girder"}, "superstructureLane": {"label": "W01", "value": "W01"}}, {"componentId": "S03G03", "componentType": {"label": "S03-Girder", "value": "S03-Girder"}, "superstructureLane": {"label": "W01", "value": "W01"}}, {"componentId": "S03G04", "componentType": {"label": "S03-Girder", "value": "S03-Girder"}, "superstructureLane": {"label": "W02", "value": "W02"}}, {"componentId": "S03G05", "componentType": {"label": "S03-Girder", "value": "S03-Girder"}, "superstructureLane": {"label": "W02", "value": "W02"}}, {"componentId": "S03G06", "componentType": {"label": "S03-Girder", "value": "S03-Girder"}, "superstructureLane": {"label": "W02", "value": "W02"}}, {"componentId": "P01CR01", "componentType": {"label": "PierCrosshead01", "value": "PierCrosshead01"}, "superstructureLane": {}}, {"componentId": "P01C01", "componentType": {"label": "PierColumn01", "value": "PierColumn01"}, "superstructureLane": {}}, {"componentId": "P01C02", "componentType": {"label": "PierColumn01", "value": "PierColumn01"}, "superstructureLane": {}}, {"componentId": "P01C03", "componentType": {"label": "PierColumn01", "value": "PierColumn01"}, "superstructureLane": {}}, {"componentId": "P01C04", "componentType": {"label": "PierColumn01", "value": "PierColumn01"}, "superstructureLane": {}}, {"componentId": "P01C05", "componentType": {"label": "PierColumn01", "value": "PierColumn01"}, "superstructureLane": {}}, {"componentId": "P01C06", "componentType": {"label": "PierColumn01", "value": "PierColumn01"}, "superstructureLane": {}}, {"componentId": "P02CR01", "componentType": {"label": "PierCrosshead01", "value": "PierCrosshead01"}, "superstructureLane": {}}, {"componentId": "P02C01", "componentType": {"label": "PierColumn01", "value": "PierColumn01"}, "superstructureLane": {}}, {"componentId": "P02C02", "componentType": {"label": "PierColumn01", "value": "PierColumn01"}, "superstructureLane": {}}, {"componentId": "P02C03", "componentType": {"label": "PierColumn01", "value": "PierColumn01"}, "superstructureLane": {}}, {"componentId": "P02C04", "componentType": {"label": "PierColumn01", "value": "PierColumn01"}, "superstructureLane": {}}, {"componentId": "P02C05", "componentType": {"label": "PierColumn01", "value": "PierColumn01"}, "superstructureLane": {}}, {"componentId": "P02C06", "componentType": {"label": "PierColumn01", "value": "PierColumn01"}, "superstructureLane": {}}, {"componentId": "A01", "componentType": {"label": "Abutment01", "value": "Abutment01"}, "superstructureLane": {}}, {"componentId": "A02", "componentType": {"label": "Abutment01", "value": "Abutment01"}, "superstructureLane": {}}], "componentTypes": [{"componentType": "S01-Girder", "effective_area": "", "effective_area_moment_of_inertia": "", "effective_shear_modulus": "", "effective_youngs_modulus": "", "flangeWidth1": "", "flangeWidth2": "", "height": 0.67, "length": 9, "structureSubType": "", "structureType": "girder", "weight": "", "width": 0.31}, {"componentType": "S02-Girder", "effective_area": "", "effective_area_moment_of_inertia": "", "effective_shear_modulus": "", "effective_youngs_modulus": "", "flangeWidth1": "", "flangeWidth2": "", "height": 0.67, "length": 9, "structureSubType": "", "structureType": "girder", "weight": "", "width": 0.31}, {"componentType": "S03-Girder", "effective_area": "", "effective_area_moment_of_inertia": "", "effective_shear_modulus": "", "effective_youngs_modulus": "", "flangeWidth1": "", "flangeWidth2": "", "height": 0.67, "length": 9.22, "structureSubType": "", "structureType": "girder", "weight": "", "width": 0.31}, {"componentType": "Pier01", "effective_area": "", "effective_area_moment_of_inertia": "", "effective_shear_modulus": "", "effective_youngs_modulus": "", "flangeWidth1": "", "flangeWidth2": "", "height": "", "length": "", "structureSubType": "", "structureType": "pier", "weight": "", "width": ""}, {"componentType": "PierColumn01", "effective_area": "", "effective_area_moment_of_inertia": "", "effective_shear_modulus": "", "effective_youngs_modulus": "", "flangeWidth1": "", "flangeWidth2": "", "height": 3.66, "length": 0.45, "structureSubType": "", "structureType": "pierColumn", "weight": "", "width": 0.45}, {"componentType": "PierCrosshead01", "effective_area": "", "effective_area_moment_of_inertia": "", "effective_shear_modulus": "", "effective_youngs_modulus": "", "flangeWidth1": "", "flangeWidth2": "", "height": 0.203, "length": 8.53, "structureSubType": "", "structureType": "pierCrosshead", "weight": "", "width": 0.61}, {"componentType": "Abutment01", "effective_area": "", "effective_area_moment_of_inertia": "", "effective_shear_modulus": "", "effective_youngs_modulus": "", "flangeWidth1": "", "flangeWidth2": "", "height": "", "length": "", "structureSubType": "", "structureType": "abutment", "weight": "", "width": ""}], "totalSpans": 3, "totalGirders": 6, "allComponentsList": [{"label": "Span/Girder: S01G01", "value": "S01G01"}, {"label": "Span/Girder: S01G02", "value": "S01G02"}, {"label": "Span/Girder: S01G03", "value": "S01G03"}, {"label": "Span/Girder: S01G04", "value": "S01G04"}, {"label": "Span/Girder: S01G05", "value": "S01G05"}, {"label": "Span/Girder: S01G06", "value": "S01G06"}, {"label": "Span/Girder: S02G01", "value": "S02G01"}, {"label": "Span/Girder: S02G02", "value": "S02G02"}, {"label": "Span/Girder: S02G03", "value": "S02G03"}, {"label": "Span/Girder: S02G04", "value": "S02G04"}, {"label": "Span/Girder: S02G05", "value": "S02G05"}, {"label": "Span/Girder: S02G06", "value": "S02G06"}, {"label": "Span/Girder: S03G01", "value": "S03G01"}, {"label": "Span/Girder: S03G02", "value": "S03G02"}, {"label": "Span/Girder: S03G03", "value": "S03G03"}, {"label": "Span/Girder: S03G04", "value": "S03G04"}, {"label": "Span/Girder: S03G05", "value": "S03G05"}, {"label": "Span/Girder: S03G06", "value": "S03G06"}, {"label": "Pier: P01", "value": "P01"}, {"label": "Crosshead: P01CR01", "value": "P01CR01"}, {"label": "Column: P01C01", "value": "P01C01"}, {"label": "Column: P01C02", "value": "P01C02"}, {"label": "Column: P01C03", "value": "P01C03"}, {"label": "Column: P01C04", "value": "P01C04"}, {"label": "Column: P01C05", "value": "P01C05"}, {"label": "Column: P01C06", "value": "P01C06"}, {"label": "Pier: P02", "value": "P02"}, {"label": "Crosshead: P02CR01", "value": "P02CR01"}, {"label": "Column: P02C01", "value": "P02C01"}, {"label": "Column: P02C02", "value": "P02C02"}, {"label": "Column: P02C03", "value": "P02C03"}, {"label": "Column: P02C04", "value": "P02C04"}, {"label": "Column: P02C05", "value": "P02C05"}, {"label": "Column: P02C06", "value": "P02C06"}, {"label": "Abutment: A01", "value": "A01"}, {"label": "Abutment: A02", "value": "A02"}], "totalPiers": 2, "totalPierCrossheads": 1, "totalPierColumns": 6, "totalTransverseLanes": 2, "totalLanes": 2, "allTransverseLanesList": [{"label": "W01", "value": "W01"}, {"label": "W02", "value": "W02"}], "allTrafficLanesList": [{"label": "", "value": ""}, {"label": "L01", "value": "L01"}, {"label": "L02", "value": "L02"}], "fiberType": 41200256, "totalFibers": 8, "allFibersList": [{"label": "F01", "value": "F01"}, {"label": "F02", "value": "F02"}, {"label": "F03", "value": "F03"}, {"label": "F04", "value": "F04"}, {"label": "F05", "value": "F05"}, {"label": "F06", "value": "F06"}, {"label": "F07", "value": "F07"}, {"label": "F08", "value": "F08"}], "fibers": [{"fiberComponent": [{"bottomMargin": 0, "componentId": {"label": "Span/Girder: S01G03", "value": "S01G03"}, "leftMargin": 0, "rightMargin": 0, "sensorTypes": [{"customX": 8.35, "customY": 0.115, "position": "custom", "sensorType": "rosette", "side": "up", "typeFirst": 1, "typeLast": ""}, {"customX": "", "customY": "", "position": "R2L", "sensorType": "strainHorizontal", "side": "up", "typeFirst": 4, "typeLast": 11}, {"customX": 8.35, "customY": 0, "position": "custom", "sensorType": "temperature", "side": "up", "typeFirst": 12, "typeLast": 12}], "topMargin": 0}, {"bottomMargin": 0, "componentId": {"label": "Span/Girder: S01G02", "value": "S01G02"}, "leftMargin": 0, "rightMargin": 0, "sensorTypes": [{"customX": "", "customY": "", "position": "R2L", "sensorType": "strainHorizontal", "side": "down", "typeFirst": 13, "typeLast": 22}, {"customX": 8.35, "customY": 0.115, "position": "custom", "sensorType": "rosette", "side": "down", "typeFirst": 23, "typeLast": ""}], "topMargin": 0}], "fiberId": "F01"}, {"fiberComponent": [{"bottomMargin": 0, "componentId": {"label": "Span/Girder: S01G05", "value": "S01G05"}, "leftMargin": 0, "rightMargin": 0, "sensorTypes": [{"customX": 8.35, "customY": 0.115, "position": "custom", "sensorType": "rosette", "side": "up", "typeFirst": 1, "typeLast": ""}, {"customX": "", "customY": "", "position": "R2L", "sensorType": "strainHorizontal", "side": "up", "typeFirst": 4, "typeLast": 11}, {"customX": 8.35, "customY": 0, "position": "custom", "sensorType": "temperature", "side": "up", "typeFirst": 12, "typeLast": 12}], "topMargin": 0}, {"bottomMargin": 0, "componentId": {"label": "Span/Girder: S01G04", "value": "S01G04"}, "leftMargin": 0, "rightMargin": 0, "sensorTypes": [{"customX": "", "customY": "", "position": "R2L", "sensorType": "strainHorizontal", "side": "down", "typeFirst": 13, "typeLast": 22}, {"customX": 8.35, "customY": 0.115, "position": "custom", "sensorType": "rosette", "side": "down", "typeFirst": 23, "typeLast": ""}], "topMargin": 0}], "fiberId": "F02"}, {"fiberComponent": [{"bottomMargin": 0, "componentId": {"label": "Span/Girder: S02G03", "value": "S02G03"}, "leftMargin": 0, "rightMargin": 0, "sensorTypes": [{"customX": 8.35, "customY": 0.115, "position": "custom", "sensorType": "rosette", "side": "up", "typeFirst": 1, "typeLast": ""}, {"customX": "", "customY": "", "position": "R2L", "sensorType": "strainHorizontal", "side": "up", "typeFirst": 4, "typeLast": 11}, {"customX": 8.35, "customY": 0, "position": "custom", "sensorType": "temperature", "side": "up", "typeFirst": 12, "typeLast": 12}], "topMargin": 0}, {"bottomMargin": 0, "componentId": {"label": "Span/Girder: S02G02", "value": "S02G02"}, "leftMargin": 0, "rightMargin": 0, "sensorTypes": [{"customX": "", "customY": "", "position": "R2L", "sensorType": "strainHorizontal", "side": "down", "typeFirst": 13, "typeLast": 22}, {"customX": 8.35, "customY": 0.115, "position": "custom", "sensorType": "rosette", "side": "down", "typeFirst": 23, "typeLast": ""}], "topMargin": 0}], "fiberId": "F03"}, {"fiberComponent": [{"bottomMargin": 0, "componentId": {"label": "Span/Girder: S02G05", "value": "S02G05"}, "leftMargin": 0, "rightMargin": 0, "sensorTypes": [{"customX": 8.35, "customY": 0.115, "position": "custom", "sensorType": "rosette", "side": "up", "typeFirst": 1, "typeLast": ""}, {"customX": "", "customY": "", "position": "R2L", "sensorType": "strainHorizontal", "side": "up", "typeFirst": 4, "typeLast": 11}, {"customX": 8.35, "customY": 0, "position": "custom", "sensorType": "temperature", "side": "up", "typeFirst": 12, "typeLast": 12}], "topMargin": 0}, {"bottomMargin": 0, "componentId": {"label": "Span/Girder: S02G04", "value": "S02G04"}, "leftMargin": 0, "rightMargin": 0, "sensorTypes": [{"customX": "", "customY": "", "position": "R2L", "sensorType": "strainHorizontal", "side": "down", "typeFirst": 13, "typeLast": 22}, {"customX": 8.35, "customY": 0.115, "position": "custom", "sensorType": "rosette", "side": "down", "typeFirst": 23, "typeLast": ""}], "topMargin": 0}], "fiberId": "F04"}, {"fiberComponent": [{"bottomMargin": 0, "componentId": {"label": "Span/Girder: S02G03", "value": "S02G03"}, "leftMargin": 0, "rightMargin": 0, "sensorTypes": [{"customX": 8.35, "customY": 0.115, "position": "custom", "sensorType": "rosette", "side": "up", "typeFirst": 1, "typeLast": ""}, {"customX": "", "customY": "", "position": "R2L", "sensorType": "strainHorizontal", "side": "up", "typeFirst": 4, "typeLast": 11}, {"customX": 8.35, "customY": 0, "position": "custom", "sensorType": "temperature", "side": "up", "typeFirst": 12, "typeLast": 12}], "topMargin": 0}, {"bottomMargin": 0, "componentId": {"label": "Span/Girder: S02G02", "value": "S02G02"}, "leftMargin": 0, "rightMargin": 0, "sensorTypes": [{"customX": "", "customY": "", "position": "R2L", "sensorType": "strainHorizontal", "side": "down", "typeFirst": 13, "typeLast": 22}, {"customX": 8.35, "customY": 0.115, "position": "custom", "sensorType": "rosette", "side": "down", "typeFirst": 23, "typeLast": ""}], "topMargin": 0}], "fiberId": "F05"}, {"fiberComponent": [{"bottomMargin": 0, "componentId": {"label": "Span/Girder: S03G05", "value": "S03G05"}, "leftMargin": 0, "rightMargin": 0, "sensorTypes": [{"customX": 8.35, "customY": 0.115, "position": "custom", "sensorType": "rosette", "side": "up", "typeFirst": 1, "typeLast": ""}, {"customX": "", "customY": "", "position": "R2L", "sensorType": "strainHorizontal", "side": "up", "typeFirst": 4, "typeLast": 11}, {"customX": 8.35, "customY": 0, "position": "custom", "sensorType": "temperature", "side": "up", "typeFirst": 12, "typeLast": 12}], "topMargin": 0}, {"bottomMargin": 0, "componentId": {"label": "Span/Girder: S03G04", "value": "S03G04"}, "leftMargin": 0, "rightMargin": 0, "sensorTypes": [{"customX": "", "customY": "", "position": "R2L", "sensorType": "strainHorizontal", "side": "down", "typeFirst": 13, "typeLast": 22}, {"customX": 8.35, "customY": 0.115, "position": "custom", "sensorType": "rosette", "side": "down", "typeFirst": 23, "typeLast": ""}], "topMargin": 0}], "fiberId": "F06"}, {"fiberComponent": [{"bottomMargin": 0, "componentId": {"label": "Crosshead: P01CR01", "value": "P01CR01"}, "leftMargin": 0, "rightMargin": 0, "sensorTypes": [{"customX": 2.31, "customY": 0.1, "position": "custom", "sensorType": "rosette", "side": "right", "typeFirst": 1, "typeLast": ""}], "topMargin": 0}, {"bottomMargin": 0, "componentId": {"label": "Column: P01C02", "value": "P01C02"}, "leftMargin": 0, "rightMargin": 0, "sensorTypes": [{"customX": "", "customY": "", "position": "T2B", "sensorType": "strainVertical", "side": "right", "typeFirst": 4, "typeLast": 5}, {"customX": "", "customY": "", "position": "B2T", "sensorType": "strainVertical", "side": "left", "typeFirst": 6, "typeLast": 7}], "topMargin": 0}, {"bottomMargin": 0, "componentId": {"label": "Crosshead: P01CR01", "value": "P01CR01"}, "leftMargin": 0, "rightMargin": 0, "sensorTypes": [{"customX": 2.74, "customY": 0, "position": "custom", "sensorType": "strainHorizontal", "side": "bottom", "typeFirst": 8, "typeLast": 8}], "topMargin": 0}, {"bottomMargin": 0, "componentId": {"label": "Column: P01C03", "value": "P01C03"}, "leftMargin": 0, "rightMargin": 0, "sensorTypes": [{"customX": "", "customY": "", "position": "T2B", "sensorType": "strainVertical", "side": "right", "typeFirst": 9, "typeLast": 10}, {"customX": "", "customY": "", "position": "B2T", "sensorType": "strainVertical", "side": "left", "typeFirst": 11, "typeLast": 12}], "topMargin": 0}, {"bottomMargin": 0, "componentId": {"label": "Crosshead: P01CR01", "value": "P01CR01"}, "leftMargin": 0, "rightMargin": 0, "sensorTypes": [{"customX": 4.27, "customY": 0, "position": "custom", "sensorType": "strainHorizontal", "side": "bottom", "typeFirst": 13, "typeLast": 13}], "topMargin": 0}, {"bottomMargin": 0, "componentId": {"label": "Column: P01C04", "value": "P01C04"}, "leftMargin": 0, "rightMargin": 0, "sensorTypes": [{"customX": "", "customY": "", "position": "T2B", "sensorType": "strainVertical", "side": "right", "typeFirst": 14, "typeLast": 15}, {"customX": "", "customY": "", "position": "B2T", "sensorType": "strainVertical", "side": "left", "typeFirst": 16, "typeLast": 17}], "topMargin": 0}, {"bottomMargin": 0, "componentId": {"label": "Crosshead: P01CR01", "value": "P01CR01"}, "leftMargin": 0, "rightMargin": 0, "sensorTypes": [{"customX": 5.79, "customY": 0, "position": "custom", "sensorType": "strainHorizontal", "side": "bottom", "typeFirst": 18, "typeLast": 18}], "topMargin": 0}, {"bottomMargin": 0, "componentId": {"label": "Column: P01C05", "value": "P01C05"}, "leftMargin": 0, "rightMargin": 0, "sensorTypes": [{"customX": "", "customY": "", "position": "T2B", "sensorType": "strainVertical", "side": "right", "typeFirst": 19, "typeLast": 20}, {"customX": "", "customY": "", "position": "B2T", "sensorType": "strainVertical", "side": "left", "typeFirst": 21, "typeLast": 22}], "topMargin": 0}, {"bottomMargin": 0, "componentId": {"label": "Crosshead: P01CR01", "value": "P01CR01"}, "leftMargin": 0, "rightMargin": 0, "sensorTypes": [{"customX": 6.22, "customY": 0.1, "position": "custom", "sensorType": "rosette", "side": "left", "typeFirst": 23, "typeLast": ""}], "topMargin": 0}], "fiberId": "F07"}, {"fiberComponent": [{"bottomMargin": 0, "componentId": {"label": "Crosshead: P02CR01", "value": "P02CR01"}, "leftMargin": 0, "rightMargin": 0, "sensorTypes": [{"customX": 2.31, "customY": 0.1, "position": "custom", "sensorType": "rosette", "side": "right", "typeFirst": 1, "typeLast": ""}], "topMargin": 0}, {"bottomMargin": 0, "componentId": {"label": "Column: P02C02", "value": "P02C02"}, "leftMargin": 0, "rightMargin": 0, "sensorTypes": [{"customX": "", "customY": "", "position": "T2B", "sensorType": "strainVertical", "side": "right", "typeFirst": 4, "typeLast": 5}, {"customX": "", "customY": "", "position": "B2T", "sensorType": "strainVertical", "side": "left", "typeFirst": 6, "typeLast": 7}], "topMargin": 0}, {"bottomMargin": 0, "componentId": {"label": "Crosshead: P02CR01", "value": "P02CR01"}, "leftMargin": 0, "rightMargin": 0, "sensorTypes": [{"customX": 2.74, "customY": 0, "position": "custom", "sensorType": "strainHorizontal", "side": "bottom", "typeFirst": 8, "typeLast": 8}], "topMargin": 0}, {"bottomMargin": 0, "componentId": {"label": "Column: P02C03", "value": "P02C03"}, "leftMargin": 0, "rightMargin": 0, "sensorTypes": [{"customX": "", "customY": "", "position": "T2B", "sensorType": "strainVertical", "side": "right", "typeFirst": 9, "typeLast": 10}, {"customX": "", "customY": "", "position": "B2T", "sensorType": "strainVertical", "side": "left", "typeFirst": 11, "typeLast": 12}], "topMargin": 0}, {"bottomMargin": 0, "componentId": {"label": "Crosshead: P02CR01", "value": "P02CR01"}, "leftMargin": 0, "rightMargin": 0, "sensorTypes": [{"customX": 4.27, "customY": 0, "position": "custom", "sensorType": "strainHorizontal", "side": "bottom", "typeFirst": 13, "typeLast": 13}], "topMargin": 0}, {"bottomMargin": 0, "componentId": {"label": "Column: P02C04", "value": "P02C04"}, "leftMargin": 0, "rightMargin": 0, "sensorTypes": [{"customX": "", "customY": "", "position": "T2B", "sensorType": "strainVertical", "side": "right", "typeFirst": 14, "typeLast": 15}, {"customX": "", "customY": "", "position": "B2T", "sensorType": "strainVertical", "side": "left", "typeFirst": 16, "typeLast": 17}], "topMargin": 0}, {"bottomMargin": 0, "componentId": {"label": "Crosshead: P02CR01", "value": "P02CR01"}, "leftMargin": 0, "rightMargin": 0, "sensorTypes": [{"customX": 5.79, "customY": 0, "position": "custom", "sensorType": "strainHorizontal", "side": "bottom", "typeFirst": 18, "typeLast": 18}], "topMargin": 0}, {"bottomMargin": 0, "componentId": {"label": "Column: P02C05", "value": "P02C05"}, "leftMargin": 0, "rightMargin": 0, "sensorTypes": [{"customX": "", "customY": "", "position": "T2B", "sensorType": "strainVertical", "side": "right", "typeFirst": 19, "typeLast": 20}, {"customX": "", "customY": "", "position": "B2T", "sensorType": "strainVertical", "side": "left", "typeFirst": 21, "typeLast": 22}], "topMargin": 0}, {"bottomMargin": 0, "componentId": {"label": "Crosshead: P02CR01", "value": "P02CR01"}, "leftMargin": 0, "rightMargin": 0, "sensorTypes": [{"customX": 6.22, "customY": 0.1, "position": "custom", "sensorType": "rosette", "side": "left", "typeFirst": 23, "typeLast": ""}], "topMargin": 0}], "fiberId": "F08"}], "path": "mapping-design"}, "access": [], "metadata": {"browserName": "Netscape", "offset": 600, "onLine": true, "origin": "http://192.168.1.5:8000", "pathName": "/designer/edit/mapping-design/AU-03MOU-BR3306", "referrer": "http://192.168.1.5:8000/designer/edit/bridge-overview/AU-03MOU-BR3306", "selectData": {"classification": {"label": "I-A"}, "componentTypes": [{"structureSubType": {"label": "I-C"}, "structureType": {"label": "Girder"}}, {"structureSubType": {"label": "I-C"}, "structureType": {"label": "Girder"}}, {"structureSubType": {"label": "I-C"}, "structureType": {"label": "Girder"}}, {"structureSubType": {"label": "I-C"}, "structureType": {"label": "Pier"}}, {"structureSubType": {"label": "I-C"}, "structureType": {"label": "Pier Column"}}, {"structureSubType": {"label": "I-C"}, "structureType": {"label": "Pier Crosshead"}}, {"structureSubType": {"label": "I-C"}, "structureType": {"label": "Abutment"}}], "fiberType": {"data": {"id": "41200256"}}, "fibers": [{"fiberComponent": [{"sensorTypes": [{"position": {"label": "Specify X/Y"}, "sensorType": {"label": "Rosette"}, "side": {"label": "Up"}}, {"position": {"label": "Right to Left - Girder"}, "sensorType": {"label": "Strain - Horizontal"}, "side": {"label": "Up"}}, {"position": {"label": "Specify X/Y"}, "sensorType": {"label": "Temperature"}, "side": {"label": "Up"}}]}, {"sensorTypes": [{"position": {"label": "Right to Left - Girder"}, "sensorType": {"label": "Strain - Horizontal"}, "side": {"label": "Down"}}, {"position": {"label": "Specify X/Y"}, "sensorType": {"label": "Rosette"}, "side": {"label": "Down"}}]}]}, {"fiberComponent": [{"sensorTypes": [{"position": {"label": "Specify X/Y"}, "sensorType": {"label": "Rosette"}, "side": {"label": "Up"}}, {"position": {"label": "Right to Left - Girder"}, "sensorType": {"label": "Strain - Horizontal"}, "side": {"label": "Up"}}, {"position": {"label": "Specify X/Y"}, "sensorType": {"label": "Temperature"}, "side": {"label": "Up"}}]}, {"sensorTypes": [{"position": {"label": "Right to Left - Girder"}, "sensorType": {"label": "Strain - Horizontal"}, "side": {"label": "Down"}}, {"position": {"label": "Specify X/Y"}, "sensorType": {"label": "Rosette"}, "side": {"label": "Down"}}]}]}, {"fiberComponent": [{"sensorTypes": [{"position": {"label": "Specify X/Y"}, "sensorType": {"label": "Rosette"}, "side": {"label": "Up"}}, {"position": {"label": "Right to Left - Girder"}, "sensorType": {"label": "Strain - Horizontal"}, "side": {"label": "Up"}}, {"position": {"label": "Specify X/Y"}, "sensorType": {"label": "Temperature"}, "side": {"label": "Up"}}]}, {"sensorTypes": [{"position": {"label": "Right to Left - Girder"}, "sensorType": {"label": "Strain - Horizontal"}, "side": {"label": "Down"}}, {"position": {"label": "Specify X/Y"}, "sensorType": {"label": "Rosette"}, "side": {"label": "Down"}}]}]}, {"fiberComponent": [{"sensorTypes": [{"position": {"label": "Specify X/Y"}, "sensorType": {"label": "Rosette"}, "side": {"label": "Up"}}, {"position": {"label": "Right to Left - Girder"}, "sensorType": {"label": "Strain - Horizontal"}, "side": {"label": "Up"}}, {"position": {"label": "Specify X/Y"}, "sensorType": {"label": "Temperature"}, "side": {"label": "Up"}}]}, {"sensorTypes": [{"position": {"label": "Right to Left - Girder"}, "sensorType": {"label": "Strain - Horizontal"}, "side": {"label": "Down"}}, {"position": {"label": "Specify X/Y"}, "sensorType": {"label": "Rosette"}, "side": {"label": "Down"}}]}]}, {"fiberComponent": [{"sensorTypes": [{"position": {"label": "Specify X/Y"}, "sensorType": {"label": "Rosette"}, "side": {"label": "Up"}}, {"position": {"label": "Right to Left - Girder"}, "sensorType": {"label": "Strain - Horizontal"}, "side": {"label": "Up"}}, {"position": {"label": "Specify X/Y"}, "sensorType": {"label": "Temperature"}, "side": {"label": "Up"}}]}, {"sensorTypes": [{"position": {"label": "Right to Left - Girder"}, "sensorType": {"label": "Strain - Horizontal"}, "side": {"label": "Down"}}, {"position": {"label": "Specify X/Y"}, "sensorType": {"label": "Rosette"}, "side": {"label": "Down"}}]}]}, {"fiberComponent": [{"sensorTypes": [{"position": {"label": "Specify X/Y"}, "sensorType": {"label": "Rosette"}, "side": {"label": "Up"}}, {"position": {"label": "Right to Left - Girder"}, "sensorType": {"label": "Strain - Horizontal"}, "side": {"label": "Up"}}, {"position": {"label": "Specify X/Y"}, "sensorType": {"label": "Temperature"}, "side": {"label": "Up"}}]}, {"sensorTypes": [{"position": {"label": "Right to Left - Girder"}, "sensorType": {"label": "Strain - Horizontal"}, "side": {"label": "Down"}}, {"position": {"label": "Specify X/Y"}, "sensorType": {"label": "Rosette"}, "side": {"label": "Down"}}]}]}, {"fiberComponent": [{"sensorTypes": [{"position": {"label": "Specify X/Y"}, "sensorType": {"label": "Rosette"}, "side": {"label": "Right"}}]}, {"sensorTypes": [{"position": {"label": "Top to Bottom - Column"}, "sensorType": {"label": "Strain - Vertical"}, "side": {"label": "Right"}}, {"position": {"label": "Bottom to Top - Column"}, "sensorType": {"label": "Strain - Vertical"}, "side": {"label": "Left"}}]}, {"sensorTypes": [{"position": {"label": "Specify X/Y"}, "sensorType": {"label": "Strain - Horizontal"}, "side": {"label": "Bottom"}}]}, {"sensorTypes": [{"position": {"label": "Top to Bottom - Column"}, "sensorType": {"label": "Strain - Vertical"}, "side": {"label": "Right"}}, {"position": {"label": "Bottom to Top - Column"}, "sensorType": {"label": "Strain - Vertical"}, "side": {"label": "Left"}}]}, {"sensorTypes": [{"position": {"label": "Specify X/Y"}, "sensorType": {"label": "Strain - Horizontal"}, "side": {"label": "Bottom"}}]}, {"sensorTypes": [{"position": {"label": "Top to Bottom - Column"}, "sensorType": {"label": "Strain - Vertical"}, "side": {"label": "Right"}}, {"position": {"label": "Bottom to Top - Column"}, "sensorType": {"label": "Strain - Vertical"}, "side": {"label": "Left"}}]}, {"sensorTypes": [{"position": {"label": "Specify X/Y"}, "sensorType": {"label": "Strain - Horizontal"}, "side": {"label": "Bottom"}}]}, {"sensorTypes": [{"position": {"label": "Top to Bottom - Column"}, "sensorType": {"label": "Strain - Vertical"}, "side": {"label": "Right"}}, {"position": {"label": "Bottom to Top - Column"}, "sensorType": {"label": "Strain - Vertical"}, "side": {"label": "Left"}}]}, {"sensorTypes": [{"position": {"label": "Specify X/Y"}, "sensorType": {"label": "Rosette"}, "side": {"label": "Left"}}]}]}, {"fiberComponent": [{"sensorTypes": [{"position": {"label": "Specify X/Y"}, "sensorType": {"label": "Rosette"}, "side": {"label": "Right"}}]}, {"sensorTypes": [{"position": {"label": "Top to Bottom - Column"}, "sensorType": {"label": "Strain - Vertical"}, "side": {"label": "Right"}}, {"position": {"label": "Bottom to Top - Column"}, "sensorType": {"label": "Strain - Vertical"}, "side": {"label": "Left"}}]}, {"sensorTypes": [{"position": {"label": "Specify X/Y"}, "sensorType": {"label": "Strain - Horizontal"}, "side": {"label": "Bottom"}}]}, {"sensorTypes": [{"position": {"label": "Top to Bottom - Column"}, "sensorType": {"label": "Strain - Vertical"}, "side": {"label": "Right"}}, {"position": {"label": "Bottom to Top - Column"}, "sensorType": {"label": "Strain - Vertical"}, "side": {"label": "Left"}}]}, {"sensorTypes": [{"position": {"label": "Specify X/Y"}, "sensorType": {"label": "Strain - Horizontal"}, "side": {"label": "Bottom"}}]}, {"sensorTypes": [{"position": {"label": "Top to Bottom - Column"}, "sensorType": {"label": "Strain - Vertical"}, "side": {"label": "Right"}}, {"position": {"label": "Bottom to Top - Column"}, "sensorType": {"label": "Strain - Vertical"}, "side": {"label": "Left"}}]}, {"sensorTypes": [{"position": {"label": "Specify X/Y"}, "sensorType": {"label": "Strain - Horizontal"}, "side": {"label": "Bottom"}}]}, {"sensorTypes": [{"position": {"label": "Top to Bottom - Column"}, "sensorType": {"label": "Strain - Vertical"}, "side": {"label": "Right"}}, {"position": {"label": "Bottom to Top - Column"}, "sensorType": {"label": "Strain - Vertical"}, "side": {"label": "Left"}}]}, {"sensorTypes": [{"position": {"label": "Specify X/Y"}, "sensorType": {"label": "Rosette"}, "side": {"label": "Left"}}]}, {"sensorTypes": [{"position": {"label": "Top to Bottom - Column"}, "sensorType": {"label": "Strain - Vertical"}, "side": {"label": "Web Down"}}]}]}], "jinja_template": {"label": "V2.1"}, "lanes": [{"laneType": {"label": "Traffic"}, "lane_direction": {"label": "Left to Right"}}, {"laneType": {"label": "Traffic"}, "lane_direction": {"label": "Right to Left"}}]}, "timezone": "Australia/Melbourne", "userAgent": "Mozilla/5.0 (Macintosh; Intel Mac OS X 10_15_7) AppleWebKit/537.36 (KHTML, like Gecko) Chrome/102.0.0.0 Safari/537.36"}, "form": "62f5cc9a54d20a15d5e4c000", "externalIds": [], "created": "2022-08-12T03:44:32.274Z", "modified": "2022-08-12T06:08:53.899Z"}