{"_id": "62f5cca254d20a4e59e4c00c", "owner": "627ddf364022c591c1b05f1b", "roles": [], "data": {"eloque_id": "AU-03COR-BR8826", "bridge_name": "Corangamite", "asset_id": "3COR_8826", "sharepoint_name": "3COR-8826", "structure_id": "SN8826", "classification": ["I-A", "I-A"], "_version": 19, "_form_version": "0", "save-excel": false, "update-as-design": false, "update-metadata": false, "jinja_template": "v2.1", "lock-configuration": true, "display-page": "configuration", "feature_crossed": "Curdies River", "road_name": "Cobden-Stoneyford Road", "coordinates_latitude": "-38.34322", "coordinates_longitude": "143.14185", "deckWidth": 10, "skew_angle": 40, "down": {"label": "G06", "value": "G06"}, "up": {"label": "G01", "value": "G01"}, "left": {"label": "A01", "value": "A01"}, "right": {"label": "A02", "value": "A02"}, "left2right": "To Stoney Ford", "right2left": "To Cobden", "lanes": [{"laneType": "shoulder", "lane_direction": "left2right", "lane_id": {}, "lane_width": 1.3, "transverse_coordinates": 0, "transverse_id": "W01"}, {"laneType": "traffic", "lane_direction": "left2right", "lane_id": {"label": "L01", "value": "L01"}, "lane_width": 3.7, "transverse_coordinates": 1.3, "transverse_id": "W02"}, {"laneType": "traffic", "lane_direction": "right2left", "lane_id": {"label": "L02", "value": "L02"}, "lane_width": 3.5, "transverse_coordinates": 5, "transverse_id": "W03"}, {"laneType": "shoulder", "lane_direction": "right2left", "lane_id": {}, "lane_width": 1.5, "transverse_coordinates": 8.5, "transverse_id": "W04"}], "structure": [{"componentId": "S01G01", "componentType": {"label": "S01-Girder", "value": "S01-Girder"}, "superstructureLane": {"label": "W01", "value": "W01"}}, {"componentId": "S01G02", "componentType": {"label": "S01-Girder", "value": "S01-Girder"}, "superstructureLane": {"label": "W01", "value": "W01"}}, {"componentId": "S01G03", "componentType": {"label": "S01-Girder", "value": "S01-Girder"}, "superstructureLane": {"label": "W01", "value": "W01"}}, {"componentId": "S01G04", "componentType": {"label": "S01-Girder", "value": "S01-Girder"}, "superstructureLane": {"label": "W02", "value": "W02"}}, {"componentId": "S01G05", "componentType": {"label": "S01-Girder", "value": "S01-Girder"}, "superstructureLane": {"label": "W02", "value": "W02"}}, {"componentId": "S01G06", "componentType": {"label": "S01-Girder", "value": "S01-Girder"}, "superstructureLane": {"label": "W02", "value": "W02"}}, {"componentId": "S02G01", "componentType": {"label": "S02-Girder", "value": "S02-Girder"}, "superstructureLane": {"label": "W01", "value": "W01"}}, {"componentId": "S02G02", "componentType": {"label": "S02-Girder", "value": "S02-Girder"}, "superstructureLane": {"label": "W01", "value": "W01"}}, {"componentId": "S02G03", "componentType": {"label": "S02-Girder", "value": "S02-Girder"}, "superstructureLane": {"label": "W01", "value": "W01"}}, {"componentId": "S02G04", "componentType": {"label": "S02-Girder", "value": "S02-Girder"}, "superstructureLane": {"label": "W02", "value": "W02"}}, {"componentId": "S02G05", "componentType": {"label": "S02-Girder", "value": "S02-Girder"}, "superstructureLane": {"label": "W02", "value": "W02"}}, {"componentId": "S02G06", "componentType": {"label": "S02-Girder", "value": "S02-Girder"}, "superstructureLane": {"label": "W02", "value": "W02"}}, {"componentId": "S03G01", "componentType": {"label": "S03-Girder", "value": "S03-Girder"}, "superstructureLane": {"label": "W01", "value": "W01"}}, {"componentId": "S03G02", "componentType": {"label": "S03-Girder", "value": "S03-Girder"}, "superstructureLane": {"label": "W01", "value": "W01"}}, {"componentId": "S03G03", "componentType": {"label": "S03-Girder", "value": "S03-Girder"}, "superstructureLane": {"label": "W01", "value": "W01"}}, {"componentId": "S03G04", "componentType": {"label": "S03-Girder", "value": "S03-Girder"}, "superstructureLane": {"label": "W02", "value": "W02"}}, {"componentId": "S03G05", "componentType": {"label": "S03-Girder", "value": "S03-Girder"}, "superstructureLane": {"label": "W02", "value": "W02"}}, {"componentId": "S03G06", "componentType": {"label": "S03-Girder", "value": "S03-Girder"}, "superstructureLane": {"label": "W02", "value": "W02"}}, {"componentId": "P01CR01", "componentType": {"label": "Pier Crosshead 02", "value": "Pier Crosshead 02"}, "superstructureLane": {}}, {"componentId": "P01C01", "componentType": {"label": "PierColumn01", "value": "PierColumn01"}, "superstructureLane": {}}, {"componentId": "P01C02", "componentType": {"label": "PierColumn01", "value": "PierColumn01"}, "superstructureLane": {}}, {"componentId": "P01C03", "componentType": {"label": "PierColumn01", "value": "PierColumn01"}, "superstructureLane": {}}, {"componentId": "A01", "componentType": {"label": "Abutment01", "value": "Abutment01"}, "superstructureLane": {}}, {"componentId": "A02", "componentType": {"label": "Abutment01", "value": "Abutment01"}, "superstructureLane": {}}], "componentTypes": [{"componentType": "S01-Girder", "effective_area": "", "effective_area_moment_of_inertia": "", "effective_shear_modulus": "", "effective_youngs_modulus": "", "flangeWidth1": "", "flangeWidth2": "", "height": 0.61, "length": 9.8, "structureSubType": "", "structureType": "girder", "weight": "", "width": 0.19}, {"componentType": "S02-Girder", "effective_area": "", "effective_area_moment_of_inertia": "", "effective_shear_modulus": "", "effective_youngs_modulus": "", "flangeWidth1": "", "flangeWidth2": "", "height": 0.61, "length": 9.8, "structureSubType": "", "structureType": "girder", "weight": "", "width": 0.19}, {"componentType": "S03-Girder", "effective_area": "", "effective_area_moment_of_inertia": "", "effective_shear_modulus": "", "effective_youngs_modulus": "", "flangeWidth1": "", "flangeWidth2": "", "height": 0.61, "length": 9.8, "structureSubType": "", "structureType": "girder", "weight": "", "width": 0.19}, {"componentType": "Pier01", "effective_area": "", "effective_area_moment_of_inertia": "", "effective_shear_modulus": "", "effective_youngs_modulus": "", "flangeWidth1": "", "flangeWidth2": "", "height": "", "length": "", "structureSubType": "", "structureType": "pier", "weight": "", "width": ""}, {"componentType": "PierColumn01", "effective_area": "", "effective_area_moment_of_inertia": "", "effective_shear_modulus": "", "effective_youngs_modulus": "", "flangeWidth1": "", "flangeWidth2": "", "height": 3, "length": 0.75, "structureSubType": "", "structureType": "pierColumn", "weight": "", "width": 0.5}, {"componentType": "PierCrosshead01", "effective_area": "", "effective_area_moment_of_inertia": "", "effective_shear_modulus": "", "effective_youngs_modulus": "", "flangeWidth1": "", "flangeWidth2": "", "height": 0.8, "length": 13.9, "structureSubType": "", "structureType": "pierCrosshead", "weight": "", "width": 0.65}, {"componentType": "Abutment01", "effective_area": "", "effective_area_moment_of_inertia": "", "effective_shear_modulus": "", "effective_youngs_modulus": "", "flangeWidth1": "", "flangeWidth2": "", "height": "", "length": "", "structureSubType": "", "structureType": "abutment", "weight": "", "width": ""}, {"componentType": "Pier Crosshead 02", "effective_area": "", "effective_area_moment_of_inertia": "", "effective_shear_modulus": "", "effective_youngs_modulus": "", "flangeWidth1": "", "flangeWidth2": "", "height": 0.8, "length": 13.9, "structureSubType": "", "structureType": "pierCrosshead", "weight": "", "width": 0.65}], "totalSpans": 3, "totalGirders": 6, "allComponentsList": [{"label": "Span/Girder: S01G01", "value": "S01G01"}, {"label": "Span/Girder: S01G02", "value": "S01G02"}, {"label": "Span/Girder: S01G03", "value": "S01G03"}, {"label": "Span/Girder: S01G04", "value": "S01G04"}, {"label": "Span/Girder: S01G05", "value": "S01G05"}, {"label": "Span/Girder: S01G06", "value": "S01G06"}, {"label": "Span/Girder: S02G01", "value": "S02G01"}, {"label": "Span/Girder: S02G02", "value": "S02G02"}, {"label": "Span/Girder: S02G03", "value": "S02G03"}, {"label": "Span/Girder: S02G04", "value": "S02G04"}, {"label": "Span/Girder: S02G05", "value": "S02G05"}, {"label": "Span/Girder: S02G06", "value": "S02G06"}, {"label": "Span/Girder: S03G01", "value": "S03G01"}, {"label": "Span/Girder: S03G02", "value": "S03G02"}, {"label": "Span/Girder: S03G03", "value": "S03G03"}, {"label": "Span/Girder: S03G04", "value": "S03G04"}, {"label": "Span/Girder: S03G05", "value": "S03G05"}, {"label": "Span/Girder: S03G06", "value": "S03G06"}, {"label": "Pier: P01", "value": "P01"}, {"label": "Crosshead: P01CR01", "value": "P01CR01"}, {"label": "Column: P01C01", "value": "P01C01"}, {"label": "Column: P01C02", "value": "P01C02"}, {"label": "Column: P01C03", "value": "P01C03"}, {"label": "Abutment: A01", "value": "A01"}, {"label": "Abutment: A02", "value": "A02"}], "totalPiers": 1, "totalPierCrossheads": 1, "totalPierColumns": 3, "totalTransverseLanes": 4, "totalLanes": 2, "allTransverseLanesList": [{"label": "W01", "value": "W01"}, {"label": "W02", "value": "W02"}, {"label": "W03", "value": "W03"}, {"label": "W04", "value": "W04"}], "allTrafficLanesList": [{"label": "", "value": ""}, {"label": "L01", "value": "L01"}, {"label": "L02", "value": "L02"}], "fiberType": 41200256, "totalFibers": 7, "allFibersList": [{"label": "F01", "value": "F01"}, {"label": "F02", "value": "F02"}, {"label": "F03", "value": "F03"}, {"label": "F04", "value": "F04"}, {"label": "F05", "value": "F05"}, {"label": "F06", "value": "F06"}, {"label": "F07", "value": "F07"}], "fibers": [{"fiberComponent": [{"bottomMargin": 0.05, "componentId": {"label": "Span/Girder: S01G01", "value": "S01G01"}, "leftMargin": 2, "rightMargin": 2, "sensorTypes": [{"customX": "", "customY": "", "position": "L2R", "sensorType": "strainHorizontal", "side": "top", "typeFirst": 1, "typeLast": 13}], "topMargin": 0.7}, {"bottomMargin": 0.05, "componentId": {"label": "Span/Girder: S02G01", "value": "S02G01"}, "leftMargin": 2, "rightMargin": 2, "sensorTypes": [{"customX": "", "customY": "", "position": "L2R", "sensorType": "strainHorizontal", "side": "top", "typeFirst": 14, "typeLast": 25}], "topMargin": 0.7}], "fiberId": "F01"}, {"fiberComponent": [{"bottomMargin": 0.05, "componentId": {"label": "Span/Girder: S01G02", "value": "S01G02"}, "leftMargin": 2, "rightMargin": 2, "sensorTypes": [{"customX": "", "customY": "", "position": "L2R", "sensorType": "strainHorizontal", "side": "top", "typeFirst": 1, "typeLast": 13}], "topMargin": 0.7}, {"bottomMargin": 0.05, "componentId": {"label": "Span/Girder: S02G02", "value": "S02G02"}, "leftMargin": 2, "rightMargin": 2, "sensorTypes": [{"customX": "", "customY": "", "position": "L2R", "sensorType": "strainHorizontal", "side": "top", "typeFirst": 14, "typeLast": 25}], "topMargin": 0.7}], "fiberId": "F02"}, {"fiberComponent": [{"bottomMargin": 0.05, "componentId": {"label": "Span/Girder: S01G03", "value": "S01G03"}, "leftMargin": 2, "rightMargin": 2, "sensorTypes": [{"customX": "", "customY": "", "position": "L2R", "sensorType": "strainHorizontal", "side": "top", "typeFirst": 1, "typeLast": 13}], "topMargin": 0.7}, {"bottomMargin": 0.05, "componentId": {"label": "Span/Girder: S02G03", "value": "S02G03"}, "leftMargin": 2, "rightMargin": 2, "sensorTypes": [{"customX": "", "customY": "", "position": "L2R", "sensorType": "strainHorizontal", "side": "top", "typeFirst": 14, "typeLast": 25}], "topMargin": 0.7}], "fiberId": "F03"}, {"fiberComponent": [{"bottomMargin": 0.05, "componentId": {"label": "Span/Girder: S01G04", "value": "S01G04"}, "leftMargin": 2, "rightMargin": 2, "sensorTypes": [{"customX": "", "customY": "", "position": "L2R", "sensorType": "strainHorizontal", "side": "top", "typeFirst": 1, "typeLast": 13}], "topMargin": 0.7}, {"bottomMargin": 0.05, "componentId": {"label": "Span/Girder: S02G04", "value": "S02G04"}, "leftMargin": 2, "rightMargin": 2, "sensorTypes": [{"customX": "", "customY": "", "position": "L2R", "sensorType": "strainHorizontal", "side": "top", "typeFirst": 14, "typeLast": 25}], "topMargin": 0.7}], "fiberId": "F04"}, {"fiberComponent": [{"bottomMargin": 0.05, "componentId": {"label": "Span/Girder: S01G05", "value": "S01G05"}, "leftMargin": 2, "rightMargin": 2, "sensorTypes": [{"customX": "", "customY": "", "position": "L2R", "sensorType": "strainHorizontal", "side": "top", "typeFirst": 1, "typeLast": 13}], "topMargin": 0.7}, {"bottomMargin": 0.05, "componentId": {"label": "Span/Girder: S02G05", "value": "S02G05"}, "leftMargin": 2, "rightMargin": 2, "sensorTypes": [{"customX": "", "customY": "", "position": "L2R", "sensorType": "strainHorizontal", "side": "top", "typeFirst": 14, "typeLast": 25}], "topMargin": 0.7}], "fiberId": "F05"}, {"fiberComponent": [{"bottomMargin": 0.05, "componentId": {"label": "Span/Girder: S01G06", "value": "S01G06"}, "leftMargin": 2, "rightMargin": 2, "sensorTypes": [{"customX": "", "customY": "", "position": "L2R", "sensorType": "strainHorizontal", "side": "top", "typeFirst": 1, "typeLast": 13}], "topMargin": 0.7}, {"bottomMargin": 0.05, "componentId": {"label": "Span/Girder: S02G06", "value": "S02G06"}, "leftMargin": 2, "rightMargin": 2, "sensorTypes": [{"customX": "", "customY": "", "position": "L2R", "sensorType": "strainHorizontal", "side": "top", "typeFirst": 14, "typeLast": 25}], "topMargin": 0.7}], "fiberId": "F06"}, {"fiberComponent": [{"bottomMargin": 0, "componentId": {"label": "Crosshead: P01CR01", "value": "P01CR01"}, "leftMargin": 0, "rightMargin": 0, "sensorTypes": [{"customX": 1.83, "customY": 0.35, "position": "custom", "sensorType": "rosette", "side": "left", "typeFirst": 1, "typeLast": ""}], "topMargin": 0}, {"bottomMargin": 0, "componentId": {"label": "Column: P01C03", "value": "P01C03"}, "leftMargin": 0, "rightMargin": 0, "sensorTypes": [{"customX": "", "customY": "", "position": "B2T", "sensorType": "strainVertical", "side": "down", "typeFirst": 4, "typeLast": 7}], "topMargin": 0}, {"bottomMargin": 0, "componentId": {"label": "Crosshead: P01CR01", "value": "P01CR01"}, "leftMargin": 0, "rightMargin": 0, "sensorTypes": [{"customX": "", "customY": "", "position": "B2T", "sensorType": "strainVertical", "side": "down", "typeFirst": 8, "typeLast": 10}], "topMargin": 0}, {"bottomMargin": 0, "componentId": {"label": "Column: P01C02", "value": "P01C02"}, "leftMargin": 0, "rightMargin": 0, "sensorTypes": [{"customX": "", "customY": "", "position": "B2T", "sensorType": "strainVertical", "side": "down", "typeFirst": 11, "typeLast": 14}], "topMargin": 0}, {"bottomMargin": 0, "componentId": {"label": "Crosshead: P01CR01", "value": "P01CR01"}, "leftMargin": 0, "rightMargin": 0, "sensorTypes": [{"customX": "", "customY": "", "position": "R2L", "sensorType": "strainHorizontal", "side": "bottom", "typeFirst": 15, "typeLast": 17}], "topMargin": 0}, {"bottomMargin": 0, "componentId": {"label": "Column: P01C03", "value": "P01C03"}, "leftMargin": 0, "rightMargin": 0, "sensorTypes": [{"customX": "", "customY": "", "position": "B2T", "sensorType": "strainVertical", "side": "bottom", "typeFirst": 18, "typeLast": 21}], "topMargin": 0}, {"bottomMargin": 0, "componentId": {"label": "Crosshead: P01CR01", "value": "P01CR01"}, "leftMargin": 0, "rightMargin": 0, "sensorTypes": [{"customX": 12.9, "customY": 0.35, "position": "custom", "sensorType": "temperature", "side": "left", "typeFirst": 22, "typeLast": 22}, {"customX": 12.23, "customY": 0.35, "position": "custom", "sensorType": "rosette", "side": "left", "typeFirst": 23, "typeLast": ""}], "topMargin": 0}], "fiberId": "F07"}], "path": "mapping-design"}, "access": [], "metadata": {"browserName": "Netscape", "offset": 600, "onLine": true, "origin": "http://192.168.1.6:8000", "pathName": "/designer/edit/mapping-design/3COR_8826", "referrer": "http://192.168.1.6:8000/designer/edit/bridge-overview/3COR_8826", "selectData": {"classification": {"label": "I-A"}, "componentTypes": [{"structureSubType": {"label": "I-C"}, "structureType": {"label": "Girder"}}, {"structureSubType": {"label": "I-C"}, "structureType": {"label": "Girder"}}, {"structureSubType": {"label": "I-C"}, "structureType": {"label": "Girder"}}, {"structureSubType": {"label": "I-C"}, "structureType": {"label": "Pier"}}, {"structureSubType": {"label": "I-C"}, "structureType": {"label": "Pier Column"}}, {"structureSubType": {"label": "I-C"}, "structureType": {"label": "Pier Crosshead"}}, {"structureSubType": {"label": "I-C"}, "structureType": {"label": "Abutment"}}, {"structureSubType": {"label": "I-C"}, "structureType": {"label": "Pier Crosshead"}}], "fibers": [{"fiberComponent": [{"sensorTypes": [{"position": {"label": "Left to Right - Girder"}, "sensorType": {"label": "Strain - Horizontal"}, "side": {"label": "Top"}}, {"position": {"label": "Top to Bottom - Column"}, "sensorType": {"label": "Strain - Vertical"}, "side": {"label": "Web Down"}}]}, {"sensorTypes": [{"position": {"label": "Left to Right - Girder"}, "sensorType": {"label": "Strain - Horizontal"}, "side": {"label": "Top"}}]}]}, {"fiberComponent": [{"sensorTypes": [{"position": {"label": "Left to Right - Girder"}, "sensorType": {"label": "Strain - Horizontal"}, "side": {"label": "Top"}}]}, {"sensorTypes": [{"position": {"label": "Left to Right - Girder"}, "sensorType": {"label": "Strain - Horizontal"}, "side": {"label": "Top"}}]}]}, {"fiberComponent": [{"sensorTypes": [{"position": {"label": "Left to Right - Girder"}, "sensorType": {"label": "Strain - Horizontal"}, "side": {"label": "Top"}}, {"position": {"label": "Top to Bottom - Column"}, "sensorType": {"label": "Strain - Vertical"}, "side": {"label": "Web Down"}}]}, {"sensorTypes": [{"position": {"label": "Left to Right - Girder"}, "sensorType": {"label": "Strain - Horizontal"}, "side": {"label": "Top"}}]}]}, {"fiberComponent": [{"sensorTypes": [{"position": {"label": "Left to Right - Girder"}, "sensorType": {"label": "Strain - Horizontal"}, "side": {"label": "Top"}}]}, {"sensorTypes": [{"position": {"label": "Left to Right - Girder"}, "sensorType": {"label": "Strain - Horizontal"}, "side": {"label": "Top"}}]}]}, {"fiberComponent": [{"sensorTypes": [{"position": {"label": "Left to Right - Girder"}, "sensorType": {"label": "Strain - Horizontal"}, "side": {"label": "Top"}}]}, {"sensorTypes": [{"position": {"label": "Left to Right - Girder"}, "sensorType": {"label": "Strain - Horizontal"}, "side": {"label": "Top"}}]}]}, {"fiberComponent": [{"sensorTypes": [{"position": {"label": "Left to Right - Girder"}, "sensorType": {"label": "Strain - Horizontal"}, "side": {"label": "Top"}}]}, {"sensorTypes": [{"position": {"label": "Left to Right - Girder"}, "sensorType": {"label": "Strain - Horizontal"}, "side": {"label": "Top"}}]}]}, {"fiberComponent": [{"sensorTypes": [{"position": {"label": "Specify X/Y"}, "sensorType": {"label": "Rosette"}, "side": {"label": "Left"}}]}, {"sensorTypes": [{"position": {"label": "Bottom to Top - Column"}, "sensorType": {"label": "Strain - Vertical"}, "side": {"label": "Down"}}]}, {"sensorTypes": [{"position": {"label": "Bottom to Top - Column"}, "sensorType": {"label": "Strain - Vertical"}, "side": {"label": "Down"}}, {"position": {"label": "Top to Bottom - Column"}, "sensorType": {"label": "Strain - Vertical"}, "side": {"label": "Web Down"}}]}, {"sensorTypes": [{"position": {"label": "Bottom to Top - Column"}, "sensorType": {"label": "Strain - Vertical"}, "side": {"label": "Down"}}]}, {"sensorTypes": [{"position": {"label": "Right to Left - Girder"}, "sensorType": {"label": "Strain - Horizontal"}, "side": {"label": "Bottom"}}]}, {"sensorTypes": [{"position": {"label": "Bottom to Top - Column"}, "sensorType": {"label": "Strain - Vertical"}, "side": {"label": "Bottom"}}]}, {"sensorTypes": [{"position": {"label": "Specify X/Y"}, "sensorType": {"label": "Temperature"}, "side": {"label": "Left"}}, {"position": {"label": "Specify X/Y"}, "sensorType": {"label": "Rosette"}, "side": {"label": "Left"}}]}]}], "jinja_template": {"label": "V2.1"}, "lanes": [{"laneType": {"label": "Shoulder"}, "lane_direction": {"label": "Left to Right"}}, {"laneType": {"label": "Traffic"}, "lane_direction": {"label": "Left to Right"}}, {"laneType": {"label": "Traffic"}, "lane_direction": {"label": "Right to Left"}}, {"laneType": {"label": "Shoulder"}, "lane_direction": {"label": "Right to Left"}}], "fiberType": {"data": {"id": "41200256"}}}, "timezone": "Australia/Melbourne", "userAgent": "Mozilla/5.0 (Macintosh; Intel Mac OS X 10_15_7) AppleWebKit/537.36 (KHTML, like Gecko) Chrome/101.0.0.0 Safari/537.36"}, "form": "62f5cc9a54d20a15d5e4c000", "externalIds": [], "created": "2022-08-12T03:44:34.537Z", "modified": "2022-08-12T06:08:48.382Z"}