{"_id": "62f5cca854d20a60ede4c015", "owner": "627ddf364022c591c1b05f1b", "roles": [], "data": {"eloque_id": "AU-03LIS-BR3615", "bridge_name": "Lismore", "asset_id": "SN3615_LISMORE", "sharepoint_name": "3LIS-15", "structure_id": "SN3615", "classification": ["I-A"], "save-excel": false, "update-as-design": false, "update-metadata": false, "jinja_template": "", "lock-configuration": false, "coordinates_latitude": -37.95233, "coordinates_longitude": 143.34807, "totalSpans": "", "totalGirders": "", "totalPiers": "", "totalPierCrossheads": "", "totalPierColumns": "", "totalTransverseLanes": "", "totalLanes": "", "fiberType": "", "totalFibers": "", "path": "mapping-design"}, "access": [], "form": "62f5cc9a54d20a15d5e4c000", "externalIds": [], "created": "2022-08-12T03:44:40.377Z", "modified": "2022-08-12T06:08:51.444Z"}