{"_id": "62f5ccba54d20aa472e4c06f", "owner": "627ddf364022c591c1b05f1b", "roles": [], "data": {"id": "S-06", "description": "FBG Strain Rosette (1 m pigtail on each ends, x2 FC/APC x2 WCP)", "vendor": "sylex", "model": "SMR/T", "number_of_connections": 1, "vendor_url": "", "picture": "<img src=../../../static/sensor_images/SMR/T.png height=150px>", "path": "sensor-types"}, "access": [], "metadata": {"selectData": {"vendor": {"label": "Sylex"}}, "timezone": "Australia/Melbourne", "offset": 600, "origin": "http://192.168.1.5:8000", "referrer": "http://192.168.1.5:8000/designer/tool/reference/sensor-types", "browserName": "Netscape", "userAgent": "Mozilla/5.0 (Macintosh; Intel Mac OS X 10_15_7) AppleWebKit/537.36 (KHTML, like Gecko) Chrome/102.0.0.0 Safari/537.36", "pathName": "/designer/edit/reference/sensor-types/**%20New%20**", "onLine": true}, "form": "62f5ccba54d20a6894e4c06b", "externalIds": [], "created": "2022-08-12T03:44:58.772Z", "modified": "2022-08-12T06:09:14.213Z"}