{"_id": "62f5cc9154d20adcc5e4bff0", "owner": "627ddf364022c591c1b05f1b", "roles": [], "data": {"eloque_id": "AU-03MOU-BR3306", "bridge_name": "Mount Martha", "asset_id": "SN3306_MOUNT_MARTHA", "sharepoint_name": "3MOU-3306", "structure_id": "SN3306", "classification": ["I-A"], "_version": 24, "_form_version": "0", "save-excel": false, "update-metadata": false, "update-json": false, "jinja_template": "v2.1", "display-page": "fibers", "feature_crossed": "Balcombe Creek", "road_name": "Napean Hwy", "coordinates_latitude": "-38.264", "coordinates_longitude": "145.03716", "deck_width": "0", "skew_angle": "0", "down": "G06", "up": "G01", "left": "A01", "right": "A02", "left2right": "To Dromana", "right2left": "To Melbourne", "lanes": [{"laneType": "traffic", "lane_direction": "left2right", "lane_id": {"label": "L01", "value": "L01"}, "lane_width": "", "transverse_coordinates": 0, "transverse_id": "W01"}, {"laneType": "traffic", "lane_direction": "right2left", "lane_id": {"label": "L02", "value": "L02"}, "lane_width": "", "transverse_coordinates": "0", "transverse_id": "W02"}], "structure": [{"componentId": "S01G01", "componentType": {"label": "S01-Girder", "value": "S01-Girder"}, "superstructureLane": {"label": "W01", "value": "W01"}}, {"componentId": "S01G02", "componentType": {"label": "S01-Girder", "value": "S01-Girder"}, "superstructureLane": {"label": "W01", "value": "W01"}}, {"componentId": "S01G03", "componentType": {"label": "S01-Girder", "value": "S01-Girder"}, "superstructureLane": {"label": "W01", "value": "W01"}}, {"componentId": "S01G04", "componentType": {"label": "S01-Girder", "value": "S01-Girder"}, "superstructureLane": {"label": "W02", "value": "W02"}}, {"componentId": "S01G05", "componentType": {"label": "S01-Girder", "value": "S01-Girder"}, "superstructureLane": {"label": "W02", "value": "W02"}}, {"componentId": "S01G06", "componentType": {"label": "S01-Girder", "value": "S01-Girder"}, "superstructureLane": {"label": "W02", "value": "W02"}}, {"componentId": "S02G01", "componentType": {"label": "S02-Girder", "value": "S02-Girder"}, "superstructureLane": {"label": "W01", "value": "W01"}}, {"componentId": "S02G02", "componentType": {"label": "S02-Girder", "value": "S02-Girder"}, "superstructureLane": {"label": "W01", "value": "W01"}}, {"componentId": "S02G03", "componentType": {"label": "S02-Girder", "value": "S02-Girder"}, "superstructureLane": {"label": "W01", "value": "W01"}}, {"componentId": "S02G04", "componentType": {"label": "S02-Girder", "value": "S02-Girder"}, "superstructureLane": {"label": "W02", "value": "W02"}}, {"componentId": "S02G05", "componentType": {"label": "S02-Girder", "value": "S02-Girder"}, "superstructureLane": {"label": "W02", "value": "W02"}}, {"componentId": "S02G06", "componentType": {"label": "S02-Girder", "value": "S02-Girder"}, "superstructureLane": {"label": "W02", "value": "W02"}}, {"componentId": "S03G01", "componentType": {"label": "S03-Girder", "value": "S03-Girder"}, "superstructureLane": {"label": "W01", "value": "W01"}}, {"componentId": "S03G02", "componentType": {"label": "S03-Girder", "value": "S03-Girder"}, "superstructureLane": {"label": "W01", "value": "W01"}}, {"componentId": "S03G03", "componentType": {"label": "S03-Girder", "value": "S03-Girder"}, "superstructureLane": {"label": "W01", "value": "W01"}}, {"componentId": "S03G04", "componentType": {"label": "S03-Girder", "value": "S03-Girder"}, "superstructureLane": {"label": "W02", "value": "W02"}}, {"componentId": "S03G05", "componentType": {"label": "S03-Girder", "value": "S03-Girder"}, "superstructureLane": {"label": "W02", "value": "W02"}}, {"componentId": "S03G06", "componentType": {"label": "S03-Girder", "value": "S03-Girder"}, "superstructureLane": {"label": "W02", "value": "W02"}}, {"componentId": "P01CR01", "componentType": {"label": "PierCrosshead01", "value": "PierCrosshead01"}, "superstructureLane": {}}, {"componentId": "P01C01", "componentType": {"label": "PierColumn01", "value": "PierColumn01"}, "superstructureLane": {}}, {"componentId": "P01C02", "componentType": {"label": "PierColumn01", "value": "PierColumn01"}, "superstructureLane": {}}, {"componentId": "P01C03", "componentType": {"label": "PierColumn01", "value": "PierColumn01"}, "superstructureLane": {}}, {"componentId": "P01C04", "componentType": {"label": "PierColumn01", "value": "PierColumn01"}, "superstructureLane": {}}, {"componentId": "P01C05", "componentType": {"label": "PierColumn01", "value": "PierColumn01"}, "superstructureLane": {}}, {"componentId": "P01C06", "componentType": {"label": "PierColumn01", "value": "PierColumn01"}, "superstructureLane": {}}, {"componentId": "P02CR01", "componentType": {"label": "PierCrosshead01", "value": "PierCrosshead01"}, "superstructureLane": {}}, {"componentId": "P02C01", "componentType": {"label": "PierColumn01", "value": "PierColumn01"}, "superstructureLane": {}}, {"componentId": "P02C02", "componentType": {"label": "PierColumn01", "value": "PierColumn01"}, "superstructureLane": {}}, {"componentId": "P02C03", "componentType": {"label": "PierColumn01", "value": "PierColumn01"}, "superstructureLane": {}}, {"componentId": "P02C04", "componentType": {"label": "PierColumn01", "value": "PierColumn01"}, "superstructureLane": {}}, {"componentId": "P02C05", "componentType": {"label": "PierColumn01", "value": "PierColumn01"}, "superstructureLane": {}}, {"componentId": "P02C06", "componentType": {"label": "PierColumn01", "value": "PierColumn01"}, "superstructureLane": {}}, {"componentId": "A01", "componentType": {"label": "Abutment01", "value": "Abutment01"}, "superstructureLane": {}}, {"componentId": "A02", "componentType": {"label": "Abutment01", "value": "Abutment01"}, "superstructureLane": {}}], "componentTypes": [{"componentType": "S01-Girder", "effective_area": "", "effective_area_moment_of_inertia": "", "effective_shear_modulus": "", "effective_youngs_modulus": "", "flangeWidth1": "", "flangeWidth2": "", "height": 0.67, "length": 9, "structureSubType": "", "structureType": "girder", "weight": "", "width": 0.31}, {"componentType": "S02-Girder", "effective_area": "", "effective_area_moment_of_inertia": "", "effective_shear_modulus": "", "effective_youngs_modulus": "", "flangeWidth1": "", "flangeWidth2": "", "height": 0.67, "length": 9, "structureSubType": "", "structureType": "girder", "weight": "", "width": 0.31}, {"componentType": "S03-Girder", "effective_area": "", "effective_area_moment_of_inertia": "", "effective_shear_modulus": "", "effective_youngs_modulus": "", "flangeWidth1": "", "flangeWidth2": "", "height": 0.67, "length": 9.22, "structureSubType": "", "structureType": "girder", "weight": "", "width": 0.31}, {"componentType": "Pier01", "effective_area": "", "effective_area_moment_of_inertia": "", "effective_shear_modulus": "", "effective_youngs_modulus": "", "flangeWidth1": "", "flangeWidth2": "", "height": "", "length": "", "structureSubType": "", "structureType": "pier", "weight": "", "width": ""}, {"componentType": "PierColumn01", "effective_area": "", "effective_area_moment_of_inertia": "", "effective_shear_modulus": "", "effective_youngs_modulus": "", "flangeWidth1": "", "flangeWidth2": "", "height": 3.66, "length": 0.45, "structureSubType": "", "structureType": "pierColumn", "weight": "", "width": 0.45}, {"componentType": "PierCrosshead01", "effective_area": "", "effective_area_moment_of_inertia": "", "effective_shear_modulus": "", "effective_youngs_modulus": "", "flangeWidth1": "", "flangeWidth2": "", "height": 0.203, "length": 8.53, "structureSubType": "", "structureType": "pierCrosshead", "weight": "", "width": 0.61}, {"componentType": "Abutment01", "effective_area": "", "effective_area_moment_of_inertia": "", "effective_shear_modulus": "", "effective_youngs_modulus": "", "flangeWidth1": "", "flangeWidth2": "", "height": "", "length": "", "structureSubType": "", "structureType": "abutment", "weight": "", "width": ""}], "F01": [{"angle": "0", "component_id": "S01G03", "fiber": "F01", "fromLeft": "8.35", "fromRight": "0.65", "fromTop": "0.115", "note": "", "sensor": "1", "sensorSpacing": "8.35", "sensor_type": "strain", "side": "up", "type": "sensor", "x": "8.35", "y": "0.115"}, {"angle": "90", "component_id": "S01G03", "fiber": "F01", "fromLeft": "8.35", "fromRight": "0.65", "fromTop": "0.115", "note": "", "sensor": "2", "sensorSpacing": "0.0", "sensor_type": "strain", "side": "up", "type": "sensor", "x": "8.35", "y": 0.114}, {"angle": "45", "component_id": "S01G03", "fiber": "F01", "fromLeft": "8.35", "fromRight": "0.65", "fromTop": "0.115", "note": "", "sensor": "3", "sensorSpacing": "0.0", "sensor_type": "strain", "side": "up", "type": "sensor", "x": "8.35", "y": "0.115"}, {"angle": "0", "component_id": "S01G03", "fiber": "F01", "fromLeft": "9", "fromRight": "0", "fromTop": "0.67", "note": "first", "sensor": "4", "sensorSpacing": "0", "sensor_type": "strain", "side": "up", "type": "sensor", "x": 9.12, "y": "0.67"}, {"angle": "0", "component_id": "S01G03", "fiber": "F01", "fromLeft": "7.714", "fromRight": "1.286", "fromTop": "0.67", "note": "", "sensor": "5", "sensorSpacing": "1.286", "sensor_type": "strain", "side": "up", "type": "sensor", "x": 7.7, "y": "0.67"}, {"angle": "0", "component_id": "S01G03", "fiber": "F01", "fromLeft": "6.428", "fromRight": "2.572", "fromTop": "0.67", "note": "", "sensor": "6", "sensorSpacing": "1.286", "sensor_type": "strain", "side": "up", "type": "sensor", "x": "6.428", "y": 0.37}, {"angle": "0", "component_id": "S01G03", "fiber": "F01", "fromLeft": "5.142", "fromRight": "3.858", "fromTop": "0.67", "note": "", "sensor": "7", "sensorSpacing": "1.286", "sensor_type": "strain", "side": "up", "type": "sensor", "x": "5.142", "y": 0.6}, {"angle": "0", "component_id": "S01G03", "fiber": "F01", "fromLeft": "3.856", "fromRight": "5.144", "fromTop": "0.67", "note": "", "sensor": "8", "sensorSpacing": "1.286", "sensor_type": "strain", "side": "up", "type": "sensor", "x": "3.856", "y": "0.67"}, {"angle": "0", "component_id": "S01G03", "fiber": "F01", "fromLeft": "2.57", "fromRight": "6.43", "fromTop": "0.67", "note": "", "sensor": "9", "sensorSpacing": "1.286", "sensor_type": "strain", "side": "up", "type": "sensor", "x": "2.57", "y": "0.67"}, {"angle": "0", "component_id": "S01G03", "fiber": "F01", "fromLeft": "1.284", "fromRight": "7.716", "fromTop": "0.67", "note": "", "sensor": "10", "sensorSpacing": "1.286", "sensor_type": "strain", "side": "up", "type": "sensor", "x": "1.284", "y": "0.67"}, {"angle": "0", "component_id": "S01G03", "fiber": "F01", "fromLeft": "-0.002", "fromRight": "9.002", "fromTop": "0.67", "note": "last", "sensor": "11", "sensorSpacing": "1.286", "sensor_type": "strain", "side": "up", "type": "sensor", "x": "-0.002", "y": "0.67"}, {"angle": "0", "component_id": "S01G03", "fiber": "F01", "fromLeft": "8.35", "fromRight": "0.65", "fromTop": "0", "note": "", "sensor": "12", "sensorSpacing": "8.35", "sensor_type": "temperature", "side": "up", "type": "sensor", "x": "8.35", "y": "0"}, {"angle": "0", "component_id": "S01G02", "fiber": "F01", "fromLeft": "9", "fromRight": "0", "fromTop": "0.67", "note": "first", "sensor": "13", "sensorSpacing": "0", "sensor_type": "strain", "side": "down", "type": "sensor", "x": "9", "y": "0.67"}, {"angle": "0", "component_id": "S01G02", "fiber": "F01", "fromLeft": "8.0", "fromRight": "1.0", "fromTop": "0.67", "note": "", "sensor": "14", "sensorSpacing": "1.0", "sensor_type": "strain", "side": "down", "type": "sensor", "x": "8.0", "y": "0.67"}, {"angle": "0", "component_id": "S01G02", "fiber": "F01", "fromLeft": "7.0", "fromRight": "2.0", "fromTop": "0.67", "note": "", "sensor": "15", "sensorSpacing": "1.0", "sensor_type": "strain", "side": "down", "type": "sensor", "x": "7.0", "y": "0.67"}, {"angle": "0", "component_id": "S01G02", "fiber": "F01", "fromLeft": "6.0", "fromRight": "3.0", "fromTop": "0.67", "note": "", "sensor": "16", "sensorSpacing": "1.0", "sensor_type": "strain", "side": "down", "type": "sensor", "x": "6.0", "y": "0.67"}, {"angle": "0", "component_id": "S01G02", "fiber": "F01", "fromLeft": "5.0", "fromRight": "4.0", "fromTop": "0.67", "note": "", "sensor": "17", "sensorSpacing": "1.0", "sensor_type": "strain", "side": "down", "type": "sensor", "x": "5.0", "y": "0.67"}, {"angle": "0", "component_id": "S01G02", "fiber": "F01", "fromLeft": "4.0", "fromRight": "5.0", "fromTop": "0.67", "note": "", "sensor": "18", "sensorSpacing": "1.0", "sensor_type": "strain", "side": "down", "type": "sensor", "x": "4.0", "y": "0.67"}, {"angle": "0", "component_id": "S01G02", "fiber": "F01", "fromLeft": "3.0", "fromRight": "6.0", "fromTop": "0.67", "note": "", "sensor": "19", "sensorSpacing": "1.0", "sensor_type": "strain", "side": "down", "type": "sensor", "x": "3.0", "y": "0.67"}, {"angle": "0", "component_id": "S01G02", "fiber": "F01", "fromLeft": "2.0", "fromRight": "7.0", "fromTop": "0.67", "note": "", "sensor": "20", "sensorSpacing": "1.0", "sensor_type": "strain", "side": "down", "type": "sensor", "x": "2.0", "y": "0.67"}, {"angle": "0", "component_id": "S01G02", "fiber": "F01", "fromLeft": "1.0", "fromRight": "8.0", "fromTop": "0.67", "note": "", "sensor": "21", "sensorSpacing": "1.0", "sensor_type": "strain", "side": "down", "type": "sensor", "x": "1.0", "y": "0.67"}, {"angle": "0", "component_id": "S01G02", "fiber": "F01", "fromLeft": "0.0", "fromRight": "9.0", "fromTop": "0.67", "note": "last", "sensor": "22", "sensorSpacing": "1.0", "sensor_type": "strain", "side": "down", "type": "sensor", "x": "0.0", "y": "0.67"}, {"angle": "0", "component_id": "S01G02", "fiber": "F01", "fromLeft": "8.35", "fromRight": "0.65", "fromTop": "0.115", "note": "", "sensor": "23", "sensorSpacing": "8.35", "sensor_type": "strain", "side": "down", "type": "sensor", "x": "8.35", "y": "0.115"}, {"angle": "90", "component_id": "S01G02", "fiber": "F01", "fromLeft": "8.35", "fromRight": "0.65", "fromTop": "0.115", "note": "", "sensor": "24", "sensorSpacing": "0.0", "sensor_type": "strain", "side": "down", "type": "sensor", "x": "8.35", "y": "0.115"}, {"angle": "45", "component_id": "S01G02", "fiber": "F01", "fromLeft": "8.35", "fromRight": "0.65", "fromTop": "0.115", "note": "", "sensor": "25", "sensorSpacing": "0.0", "sensor_type": "strain", "side": "down", "type": "sensor", "x": "8.35", "y": "0.115"}], "F02": [{"angle": "0", "component_id": "S01G05", "fiber": "F02", "fromLeft": "8.35", "fromRight": "0.65", "fromTop": "0.115", "note": "", "sensor": "1", "sensorSpacing": "8.35", "sensor_type": "strain", "side": "up", "type": "sensor", "x": "8.35", "y": "0.115"}, {"angle": "90", "component_id": "S01G05", "fiber": "F02", "fromLeft": "8.35", "fromRight": "0.65", "fromTop": "0.115", "note": "", "sensor": "2", "sensorSpacing": "0.0", "sensor_type": "strain", "side": "up", "type": "sensor", "x": "8.35", "y": "0.115"}, {"angle": "45", "component_id": "S01G05", "fiber": "F02", "fromLeft": "8.35", "fromRight": "0.65", "fromTop": "0.115", "note": "", "sensor": "3", "sensorSpacing": "0.0", "sensor_type": "strain", "side": "up", "type": "sensor", "x": "8.35", "y": "0.115"}, {"angle": "0", "component_id": "S01G05", "fiber": "F02", "fromLeft": "9", "fromRight": "0", "fromTop": "0.67", "note": "first", "sensor": "4", "sensorSpacing": "0", "sensor_type": "strain", "side": "up", "type": "sensor", "x": "9", "y": "0.67"}, {"angle": "0", "component_id": "S01G05", "fiber": "F02", "fromLeft": "7.714", "fromRight": "1.286", "fromTop": "0.67", "note": "", "sensor": "5", "sensorSpacing": "1.286", "sensor_type": "strain", "side": "up", "type": "sensor", "x": "7.714", "y": "0.67"}, {"angle": "0", "component_id": "S01G05", "fiber": "F02", "fromLeft": "6.428", "fromRight": "2.572", "fromTop": "0.67", "note": "", "sensor": "6", "sensorSpacing": "1.286", "sensor_type": "strain", "side": "up", "type": "sensor", "x": "6.428", "y": "0.67"}, {"angle": "0", "component_id": "S01G05", "fiber": "F02", "fromLeft": "5.142", "fromRight": "3.858", "fromTop": "0.67", "note": "", "sensor": "7", "sensorSpacing": "1.286", "sensor_type": "strain", "side": "up", "type": "sensor", "x": "5.142", "y": "0.67"}, {"angle": "0", "component_id": "S01G05", "fiber": "F02", "fromLeft": "3.856", "fromRight": "5.144", "fromTop": "0.67", "note": "", "sensor": "8", "sensorSpacing": "1.286", "sensor_type": "strain", "side": "up", "type": "sensor", "x": "3.856", "y": "0.67"}, {"angle": "0", "component_id": "S01G05", "fiber": "F02", "fromLeft": "2.57", "fromRight": "6.43", "fromTop": "0.67", "note": "", "sensor": "9", "sensorSpacing": "1.286", "sensor_type": "strain", "side": "up", "type": "sensor", "x": "2.57", "y": "0.67"}, {"angle": "0", "component_id": "S01G05", "fiber": "F02", "fromLeft": "1.284", "fromRight": "7.716", "fromTop": "0.67", "note": "", "sensor": "10", "sensorSpacing": "1.286", "sensor_type": "strain", "side": "up", "type": "sensor", "x": "1.284", "y": "0.67"}, {"angle": "0", "component_id": "S01G05", "fiber": "F02", "fromLeft": "-0.002", "fromRight": "9.002", "fromTop": "0.67", "note": "last", "sensor": "11", "sensorSpacing": "1.286", "sensor_type": "strain", "side": "up", "type": "sensor", "x": "-0.002", "y": "0.67"}, {"angle": "0", "component_id": "S01G05", "fiber": "F02", "fromLeft": "8.35", "fromRight": "0.65", "fromTop": "0", "note": "", "sensor": "12", "sensorSpacing": "8.35", "sensor_type": "temperature", "side": "up", "type": "sensor", "x": "8.35", "y": "0"}, {"angle": "0", "component_id": "S01G04", "fiber": "F02", "fromLeft": "9", "fromRight": "0", "fromTop": "0.67", "note": "first", "sensor": "13", "sensorSpacing": "0", "sensor_type": "strain", "side": "down", "type": "sensor", "x": "9", "y": "0.67"}, {"angle": "0", "component_id": "S01G04", "fiber": "F02", "fromLeft": "8.0", "fromRight": "1.0", "fromTop": "0.67", "note": "", "sensor": "14", "sensorSpacing": "1.0", "sensor_type": "strain", "side": "down", "type": "sensor", "x": "8.0", "y": "0.67"}, {"angle": "0", "component_id": "S01G04", "fiber": "F02", "fromLeft": "7.0", "fromRight": "2.0", "fromTop": "0.67", "note": "", "sensor": "15", "sensorSpacing": "1.0", "sensor_type": "strain", "side": "down", "type": "sensor", "x": "7.0", "y": "0.67"}, {"angle": "0", "component_id": "S01G04", "fiber": "F02", "fromLeft": "6.0", "fromRight": "3.0", "fromTop": "0.67", "note": "", "sensor": "16", "sensorSpacing": "1.0", "sensor_type": "strain", "side": "down", "type": "sensor", "x": "6.0", "y": "0.67"}, {"angle": "0", "component_id": "S01G04", "fiber": "F02", "fromLeft": "5.0", "fromRight": "4.0", "fromTop": "0.67", "note": "", "sensor": "17", "sensorSpacing": "1.0", "sensor_type": "strain", "side": "down", "type": "sensor", "x": "5.0", "y": "0.67"}, {"angle": "0", "component_id": "S01G04", "fiber": "F02", "fromLeft": "4.0", "fromRight": "5.0", "fromTop": "0.67", "note": "", "sensor": "18", "sensorSpacing": "1.0", "sensor_type": "strain", "side": "down", "type": "sensor", "x": "4.0", "y": "0.67"}, {"angle": "0", "component_id": "S01G04", "fiber": "F02", "fromLeft": "3.0", "fromRight": "6.0", "fromTop": "0.67", "note": "", "sensor": "19", "sensorSpacing": "1.0", "sensor_type": "strain", "side": "down", "type": "sensor", "x": "3.0", "y": "0.67"}, {"angle": "0", "component_id": "S01G04", "fiber": "F02", "fromLeft": "2.0", "fromRight": "7.0", "fromTop": "0.67", "note": "", "sensor": "20", "sensorSpacing": "1.0", "sensor_type": "strain", "side": "down", "type": "sensor", "x": "2.0", "y": "0.67"}, {"angle": "0", "component_id": "S01G04", "fiber": "F02", "fromLeft": "1.0", "fromRight": "8.0", "fromTop": "0.67", "note": "", "sensor": "21", "sensorSpacing": "1.0", "sensor_type": "strain", "side": "down", "type": "sensor", "x": "1.0", "y": "0.67"}, {"angle": "0", "component_id": "S01G04", "fiber": "F02", "fromLeft": "0.0", "fromRight": "9.0", "fromTop": "0.67", "note": "last", "sensor": "22", "sensorSpacing": "1.0", "sensor_type": "strain", "side": "down", "type": "sensor", "x": "0.0", "y": "0.67"}, {"angle": "0", "component_id": "S01G04", "fiber": "F02", "fromLeft": "8.35", "fromRight": "0.65", "fromTop": "0.115", "note": "", "sensor": "23", "sensorSpacing": "8.35", "sensor_type": "strain", "side": "down", "type": "sensor", "x": "8.35", "y": "0.115"}, {"angle": "90", "component_id": "S01G04", "fiber": "F02", "fromLeft": "8.35", "fromRight": "0.65", "fromTop": "0.115", "note": "", "sensor": "24", "sensorSpacing": "0.0", "sensor_type": "strain", "side": "down", "type": "sensor", "x": "8.35", "y": "0.115"}, {"angle": "45", "component_id": "S01G04", "fiber": "F02", "fromLeft": "8.35", "fromRight": "0.65", "fromTop": "0.115", "note": "", "sensor": "25", "sensorSpacing": "0.0", "sensor_type": "strain", "side": "down", "type": "sensor", "x": "8.35", "y": "0.115"}], "F03": [{"angle": "0", "component_id": "S02G03", "fiber": "F03", "fromLeft": "8.35", "fromRight": "0.65", "fromTop": "0.115", "note": "", "sensor": "1", "sensorSpacing": "8.35", "sensor_type": "strain", "side": "up", "type": "sensor", "x": "8.35", "y": "0.115"}, {"angle": "90", "component_id": "S02G03", "fiber": "F03", "fromLeft": "8.35", "fromRight": "0.65", "fromTop": "0.115", "note": "", "sensor": "2", "sensorSpacing": "0.0", "sensor_type": "strain", "side": "up", "type": "sensor", "x": "8.35", "y": "0.115"}, {"angle": "45", "component_id": "S02G03", "fiber": "F03", "fromLeft": "8.35", "fromRight": "0.65", "fromTop": "0.115", "note": "", "sensor": "3", "sensorSpacing": "0.0", "sensor_type": "strain", "side": "up", "type": "sensor", "x": "8.35", "y": "0.115"}, {"angle": "0", "component_id": "S02G03", "fiber": "F03", "fromLeft": "9", "fromRight": "0", "fromTop": "0.67", "note": "first", "sensor": "4", "sensorSpacing": "0", "sensor_type": "strain", "side": "up", "type": "sensor", "x": "9", "y": "0.67"}, {"angle": "0", "component_id": "S02G03", "fiber": "F03", "fromLeft": "7.714", "fromRight": "1.286", "fromTop": "0.67", "note": "", "sensor": "5", "sensorSpacing": "1.286", "sensor_type": "strain", "side": "up", "type": "sensor", "x": "7.714", "y": "0.67"}, {"angle": "0", "component_id": "S02G03", "fiber": "F03", "fromLeft": "6.428", "fromRight": "2.572", "fromTop": "0.67", "note": "", "sensor": "6", "sensorSpacing": "1.286", "sensor_type": "strain", "side": "up", "type": "sensor", "x": "6.428", "y": "0.67"}, {"angle": "0", "component_id": "S02G03", "fiber": "F03", "fromLeft": "5.142", "fromRight": "3.858", "fromTop": "0.67", "note": "", "sensor": "7", "sensorSpacing": "1.286", "sensor_type": "strain", "side": "up", "type": "sensor", "x": "5.142", "y": "0.67"}, {"angle": "0", "component_id": "S02G03", "fiber": "F03", "fromLeft": "3.856", "fromRight": "5.144", "fromTop": "0.67", "note": "", "sensor": "8", "sensorSpacing": "1.286", "sensor_type": "strain", "side": "up", "type": "sensor", "x": "3.856", "y": "0.67"}, {"angle": "0", "component_id": "S02G03", "fiber": "F03", "fromLeft": "2.57", "fromRight": "6.43", "fromTop": "0.67", "note": "", "sensor": "9", "sensorSpacing": "1.286", "sensor_type": "strain", "side": "up", "type": "sensor", "x": "2.57", "y": "0.67"}, {"angle": "0", "component_id": "S02G03", "fiber": "F03", "fromLeft": "1.284", "fromRight": "7.716", "fromTop": "0.67", "note": "", "sensor": "10", "sensorSpacing": "1.286", "sensor_type": "strain", "side": "up", "type": "sensor", "x": "1.284", "y": "0.67"}, {"angle": "0", "component_id": "S02G03", "fiber": "F03", "fromLeft": "-0.002", "fromRight": "9.002", "fromTop": "0.67", "note": "last", "sensor": "11", "sensorSpacing": "1.286", "sensor_type": "strain", "side": "up", "type": "sensor", "x": "-0.002", "y": "0.67"}, {"angle": "0", "component_id": "S02G03", "fiber": "F03", "fromLeft": "8.35", "fromRight": "0.65", "fromTop": "0", "note": "", "sensor": "12", "sensorSpacing": "8.35", "sensor_type": "temperature", "side": "up", "type": "sensor", "x": "8.35", "y": "0"}, {"angle": "0", "component_id": "S02G02", "fiber": "F03", "fromLeft": "9", "fromRight": "0", "fromTop": "0.67", "note": "first", "sensor": "13", "sensorSpacing": "0", "sensor_type": "strain", "side": "down", "type": "sensor", "x": "9", "y": "0.67"}, {"angle": "0", "component_id": "S02G02", "fiber": "F03", "fromLeft": "8.0", "fromRight": "1.0", "fromTop": "0.67", "note": "", "sensor": "14", "sensorSpacing": "1.0", "sensor_type": "strain", "side": "down", "type": "sensor", "x": "8.0", "y": "0.67"}, {"angle": "0", "component_id": "S02G02", "fiber": "F03", "fromLeft": "7.0", "fromRight": "2.0", "fromTop": "0.67", "note": "", "sensor": "15", "sensorSpacing": "1.0", "sensor_type": "strain", "side": "down", "type": "sensor", "x": "7.0", "y": "0.67"}, {"angle": "0", "component_id": "S02G02", "fiber": "F03", "fromLeft": "6.0", "fromRight": "3.0", "fromTop": "0.67", "note": "", "sensor": "16", "sensorSpacing": "1.0", "sensor_type": "strain", "side": "down", "type": "sensor", "x": "6.0", "y": "0.67"}, {"angle": "0", "component_id": "S02G02", "fiber": "F03", "fromLeft": "5.0", "fromRight": "4.0", "fromTop": "0.67", "note": "", "sensor": "17", "sensorSpacing": "1.0", "sensor_type": "strain", "side": "down", "type": "sensor", "x": "5.0", "y": "0.67"}, {"angle": "0", "component_id": "S02G02", "fiber": "F03", "fromLeft": "4.0", "fromRight": "5.0", "fromTop": "0.67", "note": "", "sensor": "18", "sensorSpacing": "1.0", "sensor_type": "strain", "side": "down", "type": "sensor", "x": "4.0", "y": "0.67"}, {"angle": "0", "component_id": "S02G02", "fiber": "F03", "fromLeft": "3.0", "fromRight": "6.0", "fromTop": "0.67", "note": "", "sensor": "19", "sensorSpacing": "1.0", "sensor_type": "strain", "side": "down", "type": "sensor", "x": "3.0", "y": "0.67"}, {"angle": "0", "component_id": "S02G02", "fiber": "F03", "fromLeft": "2.0", "fromRight": "7.0", "fromTop": "0.67", "note": "", "sensor": "20", "sensorSpacing": "1.0", "sensor_type": "strain", "side": "down", "type": "sensor", "x": "2.0", "y": "0.67"}, {"angle": "0", "component_id": "S02G02", "fiber": "F03", "fromLeft": "1.0", "fromRight": "8.0", "fromTop": "0.67", "note": "", "sensor": "21", "sensorSpacing": "1.0", "sensor_type": "strain", "side": "down", "type": "sensor", "x": "1.0", "y": "0.67"}, {"angle": "0", "component_id": "S02G02", "fiber": "F03", "fromLeft": "0.0", "fromRight": "9.0", "fromTop": "0.67", "note": "last", "sensor": "22", "sensorSpacing": "1.0", "sensor_type": "strain", "side": "down", "type": "sensor", "x": "0.0", "y": "0.67"}, {"angle": "0", "component_id": "S02G02", "fiber": "F03", "fromLeft": "8.35", "fromRight": "0.65", "fromTop": "0.115", "note": "", "sensor": "23", "sensorSpacing": "8.35", "sensor_type": "strain", "side": "down", "type": "sensor", "x": "8.35", "y": "0.115"}, {"angle": "90", "component_id": "S02G02", "fiber": "F03", "fromLeft": "8.35", "fromRight": "0.65", "fromTop": "0.115", "note": "", "sensor": "24", "sensorSpacing": "0.0", "sensor_type": "strain", "side": "down", "type": "sensor", "x": "8.35", "y": "0.115"}, {"angle": "45", "component_id": "S02G02", "fiber": "F03", "fromLeft": "8.35", "fromRight": "0.65", "fromTop": "0.115", "note": "", "sensor": "25", "sensorSpacing": "0.0", "sensor_type": "strain", "side": "down", "type": "sensor", "x": "8.35", "y": "0.115"}], "F04": [{"angle": "0", "component_id": "S02G05", "fiber": "F04", "fromLeft": "8.35", "fromRight": "0.65", "fromTop": "0.115", "note": "", "sensor": "1", "sensorSpacing": "8.35", "sensor_type": "strain", "side": "up", "type": "sensor", "x": "8.35", "y": "0.115"}, {"angle": "90", "component_id": "S02G05", "fiber": "F04", "fromLeft": "8.35", "fromRight": "0.65", "fromTop": "0.115", "note": "", "sensor": "2", "sensorSpacing": "0.0", "sensor_type": "strain", "side": "up", "type": "sensor", "x": "8.35", "y": "0.115"}, {"angle": "45", "component_id": "S02G05", "fiber": "F04", "fromLeft": "8.35", "fromRight": "0.65", "fromTop": "0.115", "note": "", "sensor": "3", "sensorSpacing": "0.0", "sensor_type": "strain", "side": "up", "type": "sensor", "x": "8.35", "y": "0.115"}, {"angle": "0", "component_id": "S02G05", "fiber": "F04", "fromLeft": "9", "fromRight": "0", "fromTop": "0.67", "note": "first", "sensor": "4", "sensorSpacing": "0", "sensor_type": "strain", "side": "up", "type": "sensor", "x": "9", "y": "0.67"}, {"angle": "0", "component_id": "S02G05", "fiber": "F04", "fromLeft": "7.714", "fromRight": "1.286", "fromTop": "0.67", "note": "", "sensor": "5", "sensorSpacing": "1.286", "sensor_type": "strain", "side": "up", "type": "sensor", "x": "7.714", "y": "0.67"}, {"angle": "0", "component_id": "S02G05", "fiber": "F04", "fromLeft": "6.428", "fromRight": "2.572", "fromTop": "0.67", "note": "", "sensor": "6", "sensorSpacing": "1.286", "sensor_type": "strain", "side": "up", "type": "sensor", "x": "6.428", "y": "0.67"}, {"angle": "0", "component_id": "S02G05", "fiber": "F04", "fromLeft": "5.142", "fromRight": "3.858", "fromTop": "0.67", "note": "", "sensor": "7", "sensorSpacing": "1.286", "sensor_type": "strain", "side": "up", "type": "sensor", "x": "5.142", "y": "0.67"}, {"angle": "0", "component_id": "S02G05", "fiber": "F04", "fromLeft": "3.856", "fromRight": "5.144", "fromTop": "0.67", "note": "", "sensor": "8", "sensorSpacing": "1.286", "sensor_type": "strain", "side": "up", "type": "sensor", "x": "3.856", "y": "0.67"}, {"angle": "0", "component_id": "S02G05", "fiber": "F04", "fromLeft": "2.57", "fromRight": "6.43", "fromTop": "0.67", "note": "", "sensor": "9", "sensorSpacing": "1.286", "sensor_type": "strain", "side": "up", "type": "sensor", "x": "2.57", "y": "0.67"}, {"angle": "0", "component_id": "S02G05", "fiber": "F04", "fromLeft": "1.284", "fromRight": "7.716", "fromTop": "0.67", "note": "", "sensor": "10", "sensorSpacing": "1.286", "sensor_type": "strain", "side": "up", "type": "sensor", "x": "1.284", "y": "0.67"}, {"angle": "0", "component_id": "S02G05", "fiber": "F04", "fromLeft": "-0.002", "fromRight": "9.002", "fromTop": "0.67", "note": "last", "sensor": "11", "sensorSpacing": "1.286", "sensor_type": "strain", "side": "up", "type": "sensor", "x": "-0.002", "y": "0.67"}, {"angle": "0", "component_id": "S02G05", "fiber": "F04", "fromLeft": "8.35", "fromRight": "0.65", "fromTop": "0", "note": "", "sensor": "12", "sensorSpacing": "8.35", "sensor_type": "temperature", "side": "up", "type": "sensor", "x": "8.35", "y": "0"}, {"angle": "0", "component_id": "S02G04", "fiber": "F04", "fromLeft": "9", "fromRight": "0", "fromTop": "0.67", "note": "first", "sensor": "13", "sensorSpacing": "0", "sensor_type": "strain", "side": "down", "type": "sensor", "x": "9", "y": "0.67"}, {"angle": "0", "component_id": "S02G04", "fiber": "F04", "fromLeft": "8.0", "fromRight": "1.0", "fromTop": "0.67", "note": "", "sensor": "14", "sensorSpacing": "1.0", "sensor_type": "strain", "side": "down", "type": "sensor", "x": "8.0", "y": "0.67"}, {"angle": "0", "component_id": "S02G04", "fiber": "F04", "fromLeft": "7.0", "fromRight": "2.0", "fromTop": "0.67", "note": "", "sensor": "15", "sensorSpacing": "1.0", "sensor_type": "strain", "side": "down", "type": "sensor", "x": "7.0", "y": "0.67"}, {"angle": "0", "component_id": "S02G04", "fiber": "F04", "fromLeft": "6.0", "fromRight": "3.0", "fromTop": "0.67", "note": "", "sensor": "16", "sensorSpacing": "1.0", "sensor_type": "strain", "side": "down", "type": "sensor", "x": "6.0", "y": "0.67"}, {"angle": "0", "component_id": "S02G04", "fiber": "F04", "fromLeft": "5.0", "fromRight": "4.0", "fromTop": "0.67", "note": "", "sensor": "17", "sensorSpacing": "1.0", "sensor_type": "strain", "side": "down", "type": "sensor", "x": "5.0", "y": "0.67"}, {"angle": "0", "component_id": "S02G04", "fiber": "F04", "fromLeft": "4.0", "fromRight": "5.0", "fromTop": "0.67", "note": "", "sensor": "18", "sensorSpacing": "1.0", "sensor_type": "strain", "side": "down", "type": "sensor", "x": "4.0", "y": "0.67"}, {"angle": "0", "component_id": "S02G04", "fiber": "F04", "fromLeft": "3.0", "fromRight": "6.0", "fromTop": "0.67", "note": "", "sensor": "19", "sensorSpacing": "1.0", "sensor_type": "strain", "side": "down", "type": "sensor", "x": "3.0", "y": "0.67"}, {"angle": "0", "component_id": "S02G04", "fiber": "F04", "fromLeft": "2.0", "fromRight": "7.0", "fromTop": "0.67", "note": "", "sensor": "20", "sensorSpacing": "1.0", "sensor_type": "strain", "side": "down", "type": "sensor", "x": "2.0", "y": "0.67"}, {"angle": "0", "component_id": "S02G04", "fiber": "F04", "fromLeft": "1.0", "fromRight": "8.0", "fromTop": "0.67", "note": "", "sensor": "21", "sensorSpacing": "1.0", "sensor_type": "strain", "side": "down", "type": "sensor", "x": "1.0", "y": "0.67"}, {"angle": "0", "component_id": "S02G04", "fiber": "F04", "fromLeft": "0.0", "fromRight": "9.0", "fromTop": "0.67", "note": "last", "sensor": "22", "sensorSpacing": "1.0", "sensor_type": "strain", "side": "down", "type": "sensor", "x": "0.0", "y": "0.67"}, {"angle": "0", "component_id": "S02G04", "fiber": "F04", "fromLeft": "8.35", "fromRight": "0.65", "fromTop": "0.115", "note": "", "sensor": "23", "sensorSpacing": "8.35", "sensor_type": "strain", "side": "down", "type": "sensor", "x": "8.35", "y": "0.115"}, {"angle": "90", "component_id": "S02G04", "fiber": "F04", "fromLeft": "8.35", "fromRight": "0.65", "fromTop": "0.115", "note": "", "sensor": "24", "sensorSpacing": "0.0", "sensor_type": "strain", "side": "down", "type": "sensor", "x": "8.35", "y": "0.115"}, {"angle": "45", "component_id": "S02G04", "fiber": "F04", "fromLeft": "8.35", "fromRight": "0.65", "fromTop": "0.115", "note": "", "sensor": "25", "sensorSpacing": "0.0", "sensor_type": "strain", "side": "down", "type": "sensor", "x": "8.35", "y": "0.115"}], "F05": [{"angle": "0", "component_id": "S02G03", "fiber": "F05", "fromLeft": "8.35", "fromRight": "0.65", "fromTop": "0.115", "note": "", "sensor": "1", "sensorSpacing": "8.35", "sensor_type": "strain", "side": "up", "type": "sensor", "x": "8.35", "y": "0.115"}, {"angle": "90", "component_id": "S02G03", "fiber": "F05", "fromLeft": "8.35", "fromRight": "0.65", "fromTop": "0.115", "note": "", "sensor": "2", "sensorSpacing": "0.0", "sensor_type": "strain", "side": "up", "type": "sensor", "x": "8.35", "y": "0.115"}, {"angle": "45", "component_id": "S02G03", "fiber": "F05", "fromLeft": "8.35", "fromRight": "0.65", "fromTop": "0.115", "note": "", "sensor": "3", "sensorSpacing": "0.0", "sensor_type": "strain", "side": "up", "type": "sensor", "x": "8.35", "y": "0.115"}, {"angle": "0", "component_id": "S02G03", "fiber": "F05", "fromLeft": "9", "fromRight": "0", "fromTop": "0.67", "note": "first", "sensor": "4", "sensorSpacing": "0", "sensor_type": "strain", "side": "up", "type": "sensor", "x": "9", "y": "0.67"}, {"angle": "0", "component_id": "S02G03", "fiber": "F05", "fromLeft": "7.714", "fromRight": "1.286", "fromTop": "0.67", "note": "", "sensor": "5", "sensorSpacing": "1.286", "sensor_type": "strain", "side": "up", "type": "sensor", "x": "7.714", "y": "0.67"}, {"angle": "0", "component_id": "S02G03", "fiber": "F05", "fromLeft": "6.428", "fromRight": "2.572", "fromTop": "0.67", "note": "", "sensor": "6", "sensorSpacing": "1.286", "sensor_type": "strain", "side": "up", "type": "sensor", "x": "6.428", "y": "0.67"}, {"angle": "0", "component_id": "S02G03", "fiber": "F05", "fromLeft": "5.142", "fromRight": "3.858", "fromTop": "0.67", "note": "", "sensor": "7", "sensorSpacing": "1.286", "sensor_type": "strain", "side": "up", "type": "sensor", "x": "5.142", "y": "0.67"}, {"angle": "0", "component_id": "S02G03", "fiber": "F05", "fromLeft": "3.856", "fromRight": "5.144", "fromTop": "0.67", "note": "", "sensor": "8", "sensorSpacing": "1.286", "sensor_type": "strain", "side": "up", "type": "sensor", "x": "3.856", "y": "0.67"}, {"angle": "0", "component_id": "S02G03", "fiber": "F05", "fromLeft": "2.57", "fromRight": "6.43", "fromTop": "0.67", "note": "", "sensor": "9", "sensorSpacing": "1.286", "sensor_type": "strain", "side": "up", "type": "sensor", "x": "2.57", "y": "0.67"}, {"angle": "0", "component_id": "S02G03", "fiber": "F05", "fromLeft": "1.284", "fromRight": "7.716", "fromTop": "0.67", "note": "", "sensor": "10", "sensorSpacing": "1.286", "sensor_type": "strain", "side": "up", "type": "sensor", "x": "1.284", "y": "0.67"}, {"angle": "0", "component_id": "S02G03", "fiber": "F05", "fromLeft": "-0.002", "fromRight": "9.002", "fromTop": "0.67", "note": "last", "sensor": "11", "sensorSpacing": "1.286", "sensor_type": "strain", "side": "up", "type": "sensor", "x": "-0.002", "y": "0.67"}, {"angle": "0", "component_id": "S02G03", "fiber": "F05", "fromLeft": "8.35", "fromRight": "0.65", "fromTop": "0", "note": "", "sensor": "12", "sensorSpacing": "8.35", "sensor_type": "temperature", "side": "up", "type": "sensor", "x": "8.35", "y": "0"}, {"angle": "0", "component_id": "S02G02", "fiber": "F05", "fromLeft": "9", "fromRight": "0", "fromTop": "0.67", "note": "first", "sensor": "13", "sensorSpacing": "0", "sensor_type": "strain", "side": "down", "type": "sensor", "x": "9", "y": "0.67"}, {"angle": "0", "component_id": "S02G02", "fiber": "F05", "fromLeft": "8.0", "fromRight": "1.0", "fromTop": "0.67", "note": "", "sensor": "14", "sensorSpacing": "1.0", "sensor_type": "strain", "side": "down", "type": "sensor", "x": "8.0", "y": "0.67"}, {"angle": "0", "component_id": "S02G02", "fiber": "F05", "fromLeft": "7.0", "fromRight": "2.0", "fromTop": "0.67", "note": "", "sensor": "15", "sensorSpacing": "1.0", "sensor_type": "strain", "side": "down", "type": "sensor", "x": "7.0", "y": "0.67"}, {"angle": "0", "component_id": "S02G02", "fiber": "F05", "fromLeft": "6.0", "fromRight": "3.0", "fromTop": "0.67", "note": "", "sensor": "16", "sensorSpacing": "1.0", "sensor_type": "strain", "side": "down", "type": "sensor", "x": "6.0", "y": "0.67"}, {"angle": "0", "component_id": "S02G02", "fiber": "F05", "fromLeft": "5.0", "fromRight": "4.0", "fromTop": "0.67", "note": "", "sensor": "17", "sensorSpacing": "1.0", "sensor_type": "strain", "side": "down", "type": "sensor", "x": "5.0", "y": "0.67"}, {"angle": "0", "component_id": "S02G02", "fiber": "F05", "fromLeft": "4.0", "fromRight": "5.0", "fromTop": "0.67", "note": "", "sensor": "18", "sensorSpacing": "1.0", "sensor_type": "strain", "side": "down", "type": "sensor", "x": "4.0", "y": "0.67"}, {"angle": "0", "component_id": "S02G02", "fiber": "F05", "fromLeft": "3.0", "fromRight": "6.0", "fromTop": "0.67", "note": "", "sensor": "19", "sensorSpacing": "1.0", "sensor_type": "strain", "side": "down", "type": "sensor", "x": "3.0", "y": "0.67"}, {"angle": "0", "component_id": "S02G02", "fiber": "F05", "fromLeft": "2.0", "fromRight": "7.0", "fromTop": "0.67", "note": "", "sensor": "20", "sensorSpacing": "1.0", "sensor_type": "strain", "side": "down", "type": "sensor", "x": "2.0", "y": "0.67"}, {"angle": "0", "component_id": "S02G02", "fiber": "F05", "fromLeft": "1.0", "fromRight": "8.0", "fromTop": "0.67", "note": "", "sensor": "21", "sensorSpacing": "1.0", "sensor_type": "strain", "side": "down", "type": "sensor", "x": "1.0", "y": "0.67"}, {"angle": "0", "component_id": "S02G02", "fiber": "F05", "fromLeft": "0.0", "fromRight": "9.0", "fromTop": "0.67", "note": "last", "sensor": "22", "sensorSpacing": "1.0", "sensor_type": "strain", "side": "down", "type": "sensor", "x": "0.0", "y": "0.67"}, {"angle": "0", "component_id": "S02G02", "fiber": "F05", "fromLeft": "8.35", "fromRight": "0.65", "fromTop": "0.115", "note": "", "sensor": "23", "sensorSpacing": "8.35", "sensor_type": "strain", "side": "down", "type": "sensor", "x": "8.35", "y": "0.115"}, {"angle": "90", "component_id": "S02G02", "fiber": "F05", "fromLeft": "8.35", "fromRight": "0.65", "fromTop": "0.115", "note": "", "sensor": "24", "sensorSpacing": "0.0", "sensor_type": "strain", "side": "down", "type": "sensor", "x": "8.35", "y": "0.115"}, {"angle": "45", "component_id": "S02G02", "fiber": "F05", "fromLeft": "8.35", "fromRight": "0.65", "fromTop": "0.115", "note": "", "sensor": "25", "sensorSpacing": "0.0", "sensor_type": "strain", "side": "down", "type": "sensor", "x": "8.35", "y": "0.115"}], "F06": [{"angle": "0", "component_id": "S03G05", "fiber": "F06", "fromLeft": "8.35", "fromRight": "0.87", "fromTop": "0.115", "note": "", "sensor": "1", "sensorSpacing": "8.35", "sensor_type": "strain", "side": "up", "type": "sensor", "x": "8.35", "y": "0.115"}, {"angle": "90", "component_id": "S03G05", "fiber": "F06", "fromLeft": "8.35", "fromRight": "0.87", "fromTop": "0.115", "note": "", "sensor": "2", "sensorSpacing": "0.0", "sensor_type": "strain", "side": "up", "type": "sensor", "x": "8.35", "y": "0.115"}, {"angle": "45", "component_id": "S03G05", "fiber": "F06", "fromLeft": "8.35", "fromRight": "0.87", "fromTop": "0.115", "note": "", "sensor": "3", "sensorSpacing": "0.0", "sensor_type": "strain", "side": "up", "type": "sensor", "x": "8.35", "y": "0.115"}, {"angle": "0", "component_id": "S03G05", "fiber": "F06", "fromLeft": "9.22", "fromRight": "0.0", "fromTop": "0.67", "note": "first", "sensor": "4", "sensorSpacing": "0.0", "sensor_type": "strain", "side": "up", "type": "sensor", "x": "9.22", "y": "0.67"}, {"angle": "0", "component_id": "S03G05", "fiber": "F06", "fromLeft": "7.903", "fromRight": "1.317", "fromTop": "0.67", "note": "", "sensor": "5", "sensorSpacing": "1.317", "sensor_type": "strain", "side": "up", "type": "sensor", "x": "7.903", "y": "0.67"}, {"angle": "0", "component_id": "S03G05", "fiber": "F06", "fromLeft": "6.586", "fromRight": "2.634", "fromTop": "0.67", "note": "", "sensor": "6", "sensorSpacing": "1.317", "sensor_type": "strain", "side": "up", "type": "sensor", "x": "6.586", "y": "0.67"}, {"angle": "0", "component_id": "S03G05", "fiber": "F06", "fromLeft": "5.269", "fromRight": "3.951", "fromTop": "0.67", "note": "", "sensor": "7", "sensorSpacing": "1.317", "sensor_type": "strain", "side": "up", "type": "sensor", "x": "5.269", "y": "0.67"}, {"angle": "0", "component_id": "S03G05", "fiber": "F06", "fromLeft": "3.952", "fromRight": "5.268", "fromTop": "0.67", "note": "", "sensor": "8", "sensorSpacing": "1.317", "sensor_type": "strain", "side": "up", "type": "sensor", "x": "3.952", "y": "0.67"}, {"angle": "0", "component_id": "S03G05", "fiber": "F06", "fromLeft": "2.635", "fromRight": "6.585", "fromTop": "0.67", "note": "", "sensor": "9", "sensorSpacing": "1.317", "sensor_type": "strain", "side": "up", "type": "sensor", "x": "2.635", "y": "0.67"}, {"angle": "0", "component_id": "S03G05", "fiber": "F06", "fromLeft": "1.318", "fromRight": "7.902", "fromTop": "0.67", "note": "", "sensor": "10", "sensorSpacing": "1.317", "sensor_type": "strain", "side": "up", "type": "sensor", "x": "1.318", "y": "0.67"}, {"angle": "0", "component_id": "S03G05", "fiber": "F06", "fromLeft": "0.001", "fromRight": "9.219", "fromTop": "0.67", "note": "last", "sensor": "11", "sensorSpacing": "1.317", "sensor_type": "strain", "side": "up", "type": "sensor", "x": "0.001", "y": "0.67"}, {"angle": "0", "component_id": "S03G05", "fiber": "F06", "fromLeft": "8.35", "fromRight": "0.87", "fromTop": "0", "note": "", "sensor": "12", "sensorSpacing": "8.35", "sensor_type": "temperature", "side": "up", "type": "sensor", "x": "8.35", "y": "0"}, {"angle": "0", "component_id": "S03G04", "fiber": "F06", "fromLeft": "9.22", "fromRight": "0.0", "fromTop": "0.67", "note": "first", "sensor": "13", "sensorSpacing": "0.0", "sensor_type": "strain", "side": "down", "type": "sensor", "x": "9.22", "y": "0.67"}, {"angle": "0", "component_id": "S03G04", "fiber": "F06", "fromLeft": "8.196", "fromRight": "1.024", "fromTop": "0.67", "note": "", "sensor": "14", "sensorSpacing": "1.024", "sensor_type": "strain", "side": "down", "type": "sensor", "x": "8.196", "y": "0.67"}, {"angle": "0", "component_id": "S03G04", "fiber": "F06", "fromLeft": "7.172", "fromRight": "2.048", "fromTop": "0.67", "note": "", "sensor": "15", "sensorSpacing": "1.024", "sensor_type": "strain", "side": "down", "type": "sensor", "x": "7.172", "y": "0.67"}, {"angle": "0", "component_id": "S03G04", "fiber": "F06", "fromLeft": "6.148", "fromRight": "3.072", "fromTop": "0.67", "note": "", "sensor": "16", "sensorSpacing": "1.024", "sensor_type": "strain", "side": "down", "type": "sensor", "x": "6.148", "y": "0.67"}, {"angle": "0", "component_id": "S03G04", "fiber": "F06", "fromLeft": "5.124", "fromRight": "4.096", "fromTop": "0.67", "note": "", "sensor": "17", "sensorSpacing": "1.024", "sensor_type": "strain", "side": "down", "type": "sensor", "x": "5.124", "y": "0.67"}, {"angle": "0", "component_id": "S03G04", "fiber": "F06", "fromLeft": "4.1", "fromRight": "5.12", "fromTop": "0.67", "note": "", "sensor": "18", "sensorSpacing": "1.024", "sensor_type": "strain", "side": "down", "type": "sensor", "x": "4.1", "y": "0.67"}, {"angle": "0", "component_id": "S03G04", "fiber": "F06", "fromLeft": "3.076", "fromRight": "6.144", "fromTop": "0.67", "note": "", "sensor": "19", "sensorSpacing": "1.024", "sensor_type": "strain", "side": "down", "type": "sensor", "x": "3.076", "y": "0.67"}, {"angle": "0", "component_id": "S03G04", "fiber": "F06", "fromLeft": "2.052", "fromRight": "7.168", "fromTop": "0.67", "note": "", "sensor": "20", "sensorSpacing": "1.024", "sensor_type": "strain", "side": "down", "type": "sensor", "x": "2.052", "y": "0.67"}, {"angle": "0", "component_id": "S03G04", "fiber": "F06", "fromLeft": "1.028", "fromRight": "8.192", "fromTop": "0.67", "note": "", "sensor": "21", "sensorSpacing": "1.024", "sensor_type": "strain", "side": "down", "type": "sensor", "x": "1.028", "y": "0.67"}, {"angle": "0", "component_id": "S03G04", "fiber": "F06", "fromLeft": "0.004", "fromRight": "9.216", "fromTop": "0.67", "note": "last", "sensor": "22", "sensorSpacing": "1.024", "sensor_type": "strain", "side": "down", "type": "sensor", "x": "0.004", "y": "0.67"}, {"angle": "0", "component_id": "S03G04", "fiber": "F06", "fromLeft": "8.35", "fromRight": "0.87", "fromTop": "0.115", "note": "", "sensor": "23", "sensorSpacing": "8.35", "sensor_type": "strain", "side": "down", "type": "sensor", "x": "8.35", "y": "0.115"}, {"angle": "90", "component_id": "S03G04", "fiber": "F06", "fromLeft": "8.35", "fromRight": "0.87", "fromTop": "0.115", "note": "", "sensor": "24", "sensorSpacing": "0.0", "sensor_type": "strain", "side": "down", "type": "sensor", "x": "8.35", "y": "0.115"}, {"angle": "45", "component_id": "S03G04", "fiber": "F06", "fromLeft": "8.35", "fromRight": "0.87", "fromTop": "0.115", "note": "", "sensor": "25", "sensorSpacing": "0.0", "sensor_type": "strain", "side": "down", "type": "sensor", "x": "8.35", "y": "0.115"}], "F07": [{"angle": "0", "component_id": "P01CR01", "fiber": "F07", "fromLeft": "2.31", "fromRight": "6.22", "fromTop": "0.1", "note": "", "sensor": "1", "sensorSpacing": "2.31", "sensor_type": "strain", "side": "right", "type": "sensor", "x": "2.31", "y": "0.1"}, {"angle": "90", "component_id": "P01CR01", "fiber": "F07", "fromLeft": "2.31", "fromRight": "6.22", "fromTop": "0.1", "note": "", "sensor": "2", "sensorSpacing": "0.0", "sensor_type": "strain", "side": "right", "type": "sensor", "x": "2.31", "y": "0.1"}, {"angle": "45", "component_id": "P01CR01", "fiber": "F07", "fromLeft": "2.31", "fromRight": "6.22", "fromTop": "0.1", "note": "", "sensor": "3", "sensorSpacing": "0.0", "sensor_type": "strain", "side": "right", "type": "sensor", "x": "2.31", "y": "0.1"}, {"angle": "0", "component_id": "P01C02", "fiber": "F07", "fromLeft": "0", "fromRight": "3.66", "fromTop": "0.0", "note": "first", "sensor": "4", "sensorSpacing": "0", "sensor_type": "strain", "side": "right", "type": "sensor", "x": "0.0", "y": "0"}, {"angle": "0", "component_id": "P01C02", "fiber": "F07", "fromLeft": "3.66", "fromRight": "0.0", "fromTop": "0.0", "note": "last", "sensor": "5", "sensorSpacing": "3.66", "sensor_type": "strain", "side": "right", "type": "sensor", "x": "0.0", "y": "3.66"}, {"angle": "0", "component_id": "P01C02", "fiber": "F07", "fromLeft": "3.66", "fromRight": "0.0", "fromTop": "0", "note": "first", "sensor": "6", "sensorSpacing": "0.0", "sensor_type": "strain", "side": "left", "type": "sensor", "x": "0", "y": "3.66"}, {"angle": "0", "component_id": "P01C02", "fiber": "F07", "fromLeft": "0.0", "fromRight": "3.66", "fromTop": "0", "note": "last", "sensor": "7", "sensorSpacing": "3.66", "sensor_type": "strain", "side": "left", "type": "sensor", "x": "0", "y": "0.0"}, {"angle": "0", "component_id": "P01CR01", "fiber": "F07", "fromLeft": "2.74", "fromRight": "5.79", "fromTop": "0", "note": "", "sensor": "8", "sensorSpacing": "2.74", "sensor_type": "strain", "side": "bottom", "type": "sensor", "x": "2.74", "y": "0"}, {"angle": "0", "component_id": "P01C03", "fiber": "F07", "fromLeft": "0", "fromRight": "3.66", "fromTop": "0.0", "note": "first", "sensor": "9", "sensorSpacing": "0", "sensor_type": "strain", "side": "right", "type": "sensor", "x": "0.0", "y": "0"}, {"angle": "0", "component_id": "P01C03", "fiber": "F07", "fromLeft": "3.66", "fromRight": "0.0", "fromTop": "0.0", "note": "last", "sensor": "10", "sensorSpacing": "3.66", "sensor_type": "strain", "side": "right", "type": "sensor", "x": "0.0", "y": "3.66"}, {"angle": "0", "component_id": "P01C03", "fiber": "F07", "fromLeft": "3.66", "fromRight": "0.0", "fromTop": "0", "note": "first", "sensor": "11", "sensorSpacing": "0.0", "sensor_type": "strain", "side": "left", "type": "sensor", "x": "0", "y": "3.66"}, {"angle": "0", "component_id": "P01C03", "fiber": "F07", "fromLeft": "0.0", "fromRight": "3.66", "fromTop": "0", "note": "last", "sensor": "12", "sensorSpacing": "3.66", "sensor_type": "strain", "side": "left", "type": "sensor", "x": "0", "y": "0.0"}, {"angle": "0", "component_id": "P01CR01", "fiber": "F07", "fromLeft": "4.27", "fromRight": "4.26", "fromTop": "0", "note": "", "sensor": "13", "sensorSpacing": "4.27", "sensor_type": "strain", "side": "bottom", "type": "sensor", "x": "4.27", "y": "0"}, {"angle": "0", "component_id": "P01C04", "fiber": "F07", "fromLeft": "0", "fromRight": "3.66", "fromTop": "0.0", "note": "first", "sensor": "14", "sensorSpacing": "0", "sensor_type": "strain", "side": "right", "type": "sensor", "x": "0.0", "y": "0"}, {"angle": "0", "component_id": "P01C04", "fiber": "F07", "fromLeft": "3.66", "fromRight": "0.0", "fromTop": "0.0", "note": "last", "sensor": "15", "sensorSpacing": "3.66", "sensor_type": "strain", "side": "right", "type": "sensor", "x": "0.0", "y": "3.66"}, {"angle": "0", "component_id": "P01C04", "fiber": "F07", "fromLeft": "3.66", "fromRight": "0.0", "fromTop": "0", "note": "first", "sensor": "16", "sensorSpacing": "0.0", "sensor_type": "strain", "side": "left", "type": "sensor", "x": "0", "y": "3.66"}, {"angle": "0", "component_id": "P01C04", "fiber": "F07", "fromLeft": "0.0", "fromRight": "3.66", "fromTop": "0", "note": "last", "sensor": "17", "sensorSpacing": "3.66", "sensor_type": "strain", "side": "left", "type": "sensor", "x": "0", "y": "0.0"}, {"angle": "0", "component_id": "P01CR01", "fiber": "F07", "fromLeft": "5.79", "fromRight": "2.74", "fromTop": "0", "note": "", "sensor": "18", "sensorSpacing": "5.79", "sensor_type": "strain", "side": "bottom", "type": "sensor", "x": "5.79", "y": "0"}, {"angle": "0", "component_id": "P01C05", "fiber": "F07", "fromLeft": "0", "fromRight": "3.66", "fromTop": "0.0", "note": "first", "sensor": "19", "sensorSpacing": "0", "sensor_type": "strain", "side": "right", "type": "sensor", "x": "0.0", "y": "0"}, {"angle": "0", "component_id": "P01C05", "fiber": "F07", "fromLeft": "3.66", "fromRight": "0.0", "fromTop": "0.0", "note": "last", "sensor": "20", "sensorSpacing": "3.66", "sensor_type": "strain", "side": "right", "type": "sensor", "x": "0.0", "y": "3.66"}, {"angle": "0", "component_id": "P01C05", "fiber": "F07", "fromLeft": "3.66", "fromRight": "0.0", "fromTop": "0", "note": "first", "sensor": "21", "sensorSpacing": "0.0", "sensor_type": "strain", "side": "left", "type": "sensor", "x": "0", "y": "3.66"}, {"angle": "0", "component_id": "P01C05", "fiber": "F07", "fromLeft": "0.0", "fromRight": "3.66", "fromTop": "0", "note": "last", "sensor": "22", "sensorSpacing": "3.66", "sensor_type": "strain", "side": "left", "type": "sensor", "x": "0", "y": "0.0"}, {"angle": "0", "component_id": "P01CR01", "fiber": "F07", "fromLeft": "6.22", "fromRight": "2.31", "fromTop": "0.1", "note": "", "sensor": "23", "sensorSpacing": "6.22", "sensor_type": "strain", "side": "left", "type": "sensor", "x": "6.22", "y": "0.1"}, {"angle": "90", "component_id": "P01CR01", "fiber": "F07", "fromLeft": "6.22", "fromRight": "2.31", "fromTop": "0.1", "note": "", "sensor": "24", "sensorSpacing": "0.0", "sensor_type": "strain", "side": "left", "type": "sensor", "x": "6.22", "y": "0.1"}, {"angle": "45", "component_id": "P01CR01", "fiber": "F07", "fromLeft": "6.22", "fromRight": "2.31", "fromTop": "0.1", "note": "", "sensor": "25", "sensorSpacing": "0.0", "sensor_type": "strain", "side": "left", "type": "sensor", "x": "6.22", "y": "0.1"}], "F08": [{"angle": "0", "component_id": "P02CR01", "fiber": "F08", "fromLeft": "2.31", "fromRight": "6.22", "fromTop": "0.1", "note": "", "sensor": "1", "sensorSpacing": "2.31", "sensor_type": "strain", "side": "right", "type": "sensor", "x": "2.31", "y": "0.1"}, {"angle": "90", "component_id": "P02CR01", "fiber": "F08", "fromLeft": "2.31", "fromRight": "6.22", "fromTop": "0.1", "note": "", "sensor": "2", "sensorSpacing": "0.0", "sensor_type": "strain", "side": "right", "type": "sensor", "x": "2.31", "y": "0.1"}, {"angle": "45", "component_id": "P02CR01", "fiber": "F08", "fromLeft": "2.31", "fromRight": "6.22", "fromTop": "0.1", "note": "", "sensor": "3", "sensorSpacing": "0.0", "sensor_type": "strain", "side": "right", "type": "sensor", "x": "2.31", "y": "0.1"}, {"angle": "0", "component_id": "P02C02", "fiber": "F08", "fromLeft": "0", "fromRight": "3.66", "fromTop": "0.0", "note": "first", "sensor": "4", "sensorSpacing": "0", "sensor_type": "strain", "side": "right", "type": "sensor", "x": "0.0", "y": "0"}, {"angle": "0", "component_id": "P02C02", "fiber": "F08", "fromLeft": "3.66", "fromRight": "0.0", "fromTop": "0.0", "note": "last", "sensor": "5", "sensorSpacing": "3.66", "sensor_type": "strain", "side": "right", "type": "sensor", "x": "0.0", "y": "3.66"}, {"angle": "0", "component_id": "P02C02", "fiber": "F08", "fromLeft": "3.66", "fromRight": "0.0", "fromTop": "0", "note": "first", "sensor": "6", "sensorSpacing": "0.0", "sensor_type": "strain", "side": "left", "type": "sensor", "x": "0", "y": "3.66"}, {"angle": "0", "component_id": "P02C02", "fiber": "F08", "fromLeft": "0.0", "fromRight": "3.66", "fromTop": "0", "note": "last", "sensor": "7", "sensorSpacing": "3.66", "sensor_type": "strain", "side": "left", "type": "sensor", "x": "0", "y": "0.0"}, {"angle": "0", "component_id": "P02CR01", "fiber": "F08", "fromLeft": "2.74", "fromRight": "5.79", "fromTop": "0", "note": "", "sensor": "8", "sensorSpacing": "2.74", "sensor_type": "strain", "side": "bottom", "type": "sensor", "x": "2.74", "y": "0"}, {"angle": "0", "component_id": "P02C03", "fiber": "F08", "fromLeft": "0", "fromRight": "3.66", "fromTop": "0.0", "note": "first", "sensor": "9", "sensorSpacing": "0", "sensor_type": "strain", "side": "right", "type": "sensor", "x": "0.0", "y": "0"}, {"angle": "0", "component_id": "P02C03", "fiber": "F08", "fromLeft": "3.66", "fromRight": "0.0", "fromTop": "0.0", "note": "last", "sensor": "10", "sensorSpacing": "3.66", "sensor_type": "strain", "side": "right", "type": "sensor", "x": "0.0", "y": "3.66"}, {"angle": "0", "component_id": "P02C03", "fiber": "F08", "fromLeft": "3.66", "fromRight": "0.0", "fromTop": "0", "note": "first", "sensor": "11", "sensorSpacing": "0.0", "sensor_type": "strain", "side": "left", "type": "sensor", "x": "0", "y": "3.66"}, {"angle": "0", "component_id": "P02C03", "fiber": "F08", "fromLeft": "0.0", "fromRight": "3.66", "fromTop": "0", "note": "last", "sensor": "12", "sensorSpacing": "3.66", "sensor_type": "strain", "side": "left", "type": "sensor", "x": "0", "y": "0.0"}, {"angle": "0", "component_id": "P02CR01", "fiber": "F08", "fromLeft": "4.27", "fromRight": "4.26", "fromTop": "0", "note": "", "sensor": "13", "sensorSpacing": "4.27", "sensor_type": "strain", "side": "bottom", "type": "sensor", "x": "4.27", "y": "0"}, {"angle": "0", "component_id": "P02C04", "fiber": "F08", "fromLeft": "0", "fromRight": "3.66", "fromTop": "0.0", "note": "first", "sensor": "14", "sensorSpacing": "0", "sensor_type": "strain", "side": "right", "type": "sensor", "x": "0.0", "y": "0"}, {"angle": "0", "component_id": "P02C04", "fiber": "F08", "fromLeft": "3.66", "fromRight": "0.0", "fromTop": "0.0", "note": "last", "sensor": "15", "sensorSpacing": "3.66", "sensor_type": "strain", "side": "right", "type": "sensor", "x": "0.0", "y": "3.66"}, {"angle": "0", "component_id": "P02C04", "fiber": "F08", "fromLeft": "3.66", "fromRight": "0.0", "fromTop": "0", "note": "first", "sensor": "16", "sensorSpacing": "0.0", "sensor_type": "strain", "side": "left", "type": "sensor", "x": "0", "y": "3.66"}, {"angle": "0", "component_id": "P02C04", "fiber": "F08", "fromLeft": "0.0", "fromRight": "3.66", "fromTop": "0", "note": "last", "sensor": "17", "sensorSpacing": "3.66", "sensor_type": "strain", "side": "left", "type": "sensor", "x": "0", "y": "0.0"}, {"angle": "0", "component_id": "P02CR01", "fiber": "F08", "fromLeft": "5.79", "fromRight": "2.74", "fromTop": "0", "note": "", "sensor": "18", "sensorSpacing": "5.79", "sensor_type": "strain", "side": "bottom", "type": "sensor", "x": "5.79", "y": "0"}, {"angle": "0", "component_id": "P02C05", "fiber": "F08", "fromLeft": "0", "fromRight": "3.66", "fromTop": "0.0", "note": "first", "sensor": "19", "sensorSpacing": "0", "sensor_type": "strain", "side": "right", "type": "sensor", "x": "0.0", "y": "0"}, {"angle": "0", "component_id": "P02C05", "fiber": "F08", "fromLeft": "3.66", "fromRight": "0.0", "fromTop": "0.0", "note": "last", "sensor": "20", "sensorSpacing": "3.66", "sensor_type": "strain", "side": "right", "type": "sensor", "x": "0.0", "y": "3.66"}, {"angle": "0", "component_id": "P02C05", "fiber": "F08", "fromLeft": "3.66", "fromRight": "0.0", "fromTop": "0", "note": "first", "sensor": "21", "sensorSpacing": "0.0", "sensor_type": "strain", "side": "left", "type": "sensor", "x": "0", "y": "3.66"}, {"angle": "0", "component_id": "P02C05", "fiber": "F08", "fromLeft": "0.0", "fromRight": "3.66", "fromTop": "0", "note": "last", "sensor": "22", "sensorSpacing": "3.66", "sensor_type": "strain", "side": "left", "type": "sensor", "x": "0", "y": "0.0"}, {"angle": "0", "component_id": "P02CR01", "fiber": "F08", "fromLeft": "6.22", "fromRight": "2.31", "fromTop": "0.1", "note": "", "sensor": "23", "sensorSpacing": "6.22", "sensor_type": "strain", "side": "left", "type": "sensor", "x": "6.22", "y": "0.1"}, {"angle": "90", "component_id": "P02CR01", "fiber": "F08", "fromLeft": "6.22", "fromRight": "2.31", "fromTop": "0.1", "note": "", "sensor": "24", "sensorSpacing": "0.0", "sensor_type": "strain", "side": "left", "type": "sensor", "x": "6.22", "y": "0.1"}, {"angle": "45", "component_id": "P02CR01", "fiber": "F08", "fromLeft": "6.22", "fromRight": "2.31", "fromTop": "0.1", "note": "", "sensor": "25", "sensorSpacing": "0.0", "sensor_type": "strain", "side": "left", "type": "sensor", "x": "6.22", "y": "0.1"}], "display-algorithm": "", "deflection": [{"algorithm_type": "girder_deflection", "component_id": "P01C03", "fiber_id": "F07", "id": "D01", "sensor_type": "sensor_pair_array", "sensors_bottom": [6, 7], "sensors_top": [4, 5], "type": "algorithm"}, {"algorithm_type": "girder_deflection", "component_id": "P01C04", "fiber_id": "F07", "id": "D02", "sensor_type": "sensor_pair_array", "sensors_bottom": [11, 12], "sensors_top": [9, 10], "type": "algorithm"}, {"algorithm_type": "girder_deflection", "component_id": "P01C05", "fiber_id": "F07", "id": "D03", "sensor_type": "sensor_pair_array", "sensors_bottom": [16, 17], "sensors_top": [14, 15], "type": "algorithm"}, {"algorithm_type": "girder_deflection", "component_id": "P02C02", "fiber_id": "F07", "id": "D04", "sensor_type": "sensor_pair_array", "sensors_bottom": [21, 22], "sensors_top": [19, 20], "type": "algorithm"}, {"algorithm_type": "girder_deflection", "component_id": "P02C03", "fiber_id": "F08", "id": "D05", "sensor_type": "sensor_pair_array", "sensors_bottom": [6, 7], "sensors_top": [4, 5], "type": "algorithm"}, {"algorithm_type": "girder_deflection", "component_id": "P02C04", "fiber_id": "F08", "id": "D06", "sensor_type": "sensor_pair_array", "sensors_bottom": [11, 12], "sensors_top": [9, 10], "type": "algorithm"}, {"algorithm_type": "girder_deflection", "component_id": "P02C05", "fiber_id": "F08", "id": "D07", "sensor_type": "sensor_pair_array", "sensors_bottom": [16, 17], "sensors_top": [14, 15], "type": "algorithm"}, {"algorithm_type": "girder_deflection", "component_id": "P02C05", "fiber_id": "F08", "id": "D08", "sensor_type": "sensor_pair_array", "sensors_bottom": [21, 22], "sensors_top": [19, 20], "type": "algorithm"}], "shear": [{"algorithm_type": "girder_shear", "component_id": "S01G03", "fiber_id": "F01", "id": "SH01", "rosette_0": 1, "rosette_45": 3, "rosette_90": 2, "sensor_type": "3d_rosette", "type": "algorithm"}, {"algorithm_type": "girder_shear", "component_id": "S01G02", "fiber_id": "F01", "id": "SH02", "rosette_0": 23, "rosette_45": 25, "rosette_90": 24, "sensor_type": "3d_rosette", "type": "algorithm"}, {"algorithm_type": "girder_shear", "component_id": "S01G05", "fiber_id": "F02", "id": "SH03", "rosette_0": 1, "rosette_45": 3, "rosette_90": 2, "sensor_type": "3d_rosette", "type": "algorithm"}, {"algorithm_type": "girder_shear", "component_id": "S01G04", "fiber_id": "F02", "id": "SH04", "rosette_0": 23, "rosette_45": 25, "rosette_90": 24, "sensor_type": "3d_rosette", "type": "algorithm"}, {"algorithm_type": "girder_shear", "component_id": "S02G03", "fiber_id": "F03", "id": "SH05", "rosette_0": 1, "rosette_45": 3, "rosette_90": 2, "sensor_type": "3d_rosette", "type": "algorithm"}, {"algorithm_type": "girder_shear", "component_id": "S02G02", "fiber_id": "F03", "id": "SH06", "rosette_0": 23, "rosette_45": 25, "rosette_90": 24, "sensor_type": "3d_rosette", "type": "algorithm"}, {"algorithm_type": "girder_shear", "component_id": "S02G05", "fiber_id": "F04", "id": "SH07", "rosette_0": 1, "rosette_45": 3, "rosette_90": 2, "sensor_type": "3d_rosette", "type": "algorithm"}, {"algorithm_type": "girder_shear", "component_id": "S02G04", "fiber_id": "F04", "id": "SH08", "rosette_0": 23, "rosette_45": 25, "rosette_90": 24, "sensor_type": "3d_rosette", "type": "algorithm"}, {"algorithm_type": "girder_shear", "component_id": "S02G03", "fiber_id": "F05", "id": "SH09", "rosette_0": 1, "rosette_45": 3, "rosette_90": 2, "sensor_type": "3d_rosette", "type": "algorithm"}, {"algorithm_type": "girder_shear", "component_id": "S02G02", "fiber_id": "F05", "id": "SH10", "rosette_0": 23, "rosette_45": 25, "rosette_90": 24, "sensor_type": "3d_rosette", "type": "algorithm"}, {"algorithm_type": "girder_shear", "component_id": "S03G05", "fiber_id": "F06", "id": "SH11", "rosette_0": 1, "rosette_45": 3, "rosette_90": 2, "sensor_type": "3d_rosette", "type": "algorithm"}, {"algorithm_type": "girder_shear", "component_id": "S03G04", "fiber_id": "F06", "id": "SH12", "rosette_0": 23, "rosette_45": 25, "rosette_90": 24, "sensor_type": "3d_rosette", "type": "algorithm"}, {"algorithm_type": "girder_shear", "component_id": "P01CR01", "fiber_id": "F07", "id": "SH13", "rosette_0": 1, "rosette_45": 3, "rosette_90": 2, "sensor_type": "3d_rosette", "type": "algorithm"}, {"algorithm_type": "girder_shear", "component_id": "P01CR01", "fiber_id": "F07", "id": "SH14", "rosette_0": 23, "rosette_45": 25, "rosette_90": 24, "sensor_type": "3d_rosette", "type": "algorithm"}, {"algorithm_type": "girder_shear", "component_id": "P02CR01", "fiber_id": "F08", "id": "SH15", "rosette_0": 1, "rosette_45": 3, "rosette_90": 2, "sensor_type": "3d_rosette", "type": "algorithm"}, {"algorithm_type": "girder_shear", "component_id": "P02CR01", "fiber_id": "F08", "id": "SH16", "rosette_0": 23, "rosette_45": 25, "rosette_90": 24, "sensor_type": "3d_rosette", "type": "algorithm"}], "bending_moment": [{"algorithm_type": "girder_bending_moment", "component_id": "P01C02", "fiber_id": "F07", "id": "BM01", "sensor_bottom": 6, "sensor_top": 4, "sensor_type": "sensor_pair", "type": "algorithm"}, {"algorithm_type": "girder_bending_moment", "component_id": "P01C02", "fiber_id": "F07", "id": "BM02", "sensor_bottom": 7, "sensor_top": 5, "sensor_type": "sensor_pair", "type": "algorithm"}, {"algorithm_type": "girder_bending_moment", "component_id": "P01C03", "fiber_id": "F07", "id": "BM03", "sensor_bottom": 11, "sensor_top": 9, "sensor_type": "sensor_pair", "type": "algorithm"}, {"algorithm_type": "girder_bending_moment", "component_id": "P01C03", "fiber_id": "F07", "id": "BM04", "sensor_bottom": 12, "sensor_top": 10, "sensor_type": "sensor_pair", "type": "algorithm"}, {"algorithm_type": "girder_bending_moment", "component_id": "P01C04", "fiber_id": "F07", "id": "BM05", "sensor_bottom": 16, "sensor_top": 14, "sensor_type": "sensor_pair", "type": "algorithm"}, {"algorithm_type": "girder_bending_moment", "component_id": "P01C04", "fiber_id": "F07", "id": "BM06", "sensor_bottom": 17, "sensor_top": 15, "sensor_type": "sensor_pair", "type": "algorithm"}, {"algorithm_type": "girder_bending_moment", "component_id": "P01C05", "fiber_id": "F07", "id": "BM07", "sensor_bottom": 21, "sensor_top": 19, "sensor_type": "sensor_pair", "type": "algorithm"}, {"algorithm_type": "girder_bending_moment", "component_id": "P01C05", "fiber_id": "F07", "id": "BM08", "sensor_bottom": 22, "sensor_top": 20, "sensor_type": "sensor_pair", "type": "algorithm"}, {"algorithm_type": "girder_bending_moment", "component_id": "P02C02", "fiber_id": "F08", "id": "BM09", "sensor_bottom": 6, "sensor_top": 4, "sensor_type": "sensor_pair", "type": "algorithm"}, {"algorithm_type": "girder_bending_moment", "component_id": "P02C02", "fiber_id": "F08", "id": "BM10", "sensor_bottom": 7, "sensor_top": 5, "sensor_type": "sensor_pair", "type": "algorithm"}, {"algorithm_type": "girder_bending_moment", "component_id": "P02C03", "fiber_id": "F08", "id": "BM11", "sensor_bottom": 11, "sensor_top": 9, "sensor_type": "sensor_pair", "type": "algorithm"}, {"algorithm_type": "girder_bending_moment", "component_id": "P02C03", "fiber_id": "F08", "id": "BM12", "sensor_bottom": 12, "sensor_top": 10, "sensor_type": "sensor_pair", "type": "algorithm"}, {"algorithm_type": "girder_bending_moment", "component_id": "P02C04", "fiber_id": "F08", "id": "BM13", "sensor_bottom": 16, "sensor_top": 14, "sensor_type": "sensor_pair", "type": "algorithm"}, {"algorithm_type": "girder_bending_moment", "component_id": "P02C04", "fiber_id": "F08", "id": "BM14", "sensor_bottom": 17, "sensor_top": 15, "sensor_type": "sensor_pair", "type": "algorithm"}, {"algorithm_type": "girder_bending_moment", "component_id": "P02C05", "fiber_id": "F08", "id": "BM15", "sensor_bottom": 21, "sensor_top": 19, "sensor_type": "sensor_pair", "type": "algorithm"}, {"algorithm_type": "girder_bending_moment", "component_id": "P02C05", "fiber_id": "F08", "id": "BM16", "sensor_bottom": 22, "sensor_top": 20, "sensor_type": "sensor_pair", "type": "algorithm"}], "fiber_updates": [{"fiber": {"label": "F01", "value": 1}, "fiber_command": "change", "sensor": {"label": "R15", "value": 15}, "wavelength": 1557.2289428711}, {"fiber": {"label": "F02", "value": 2}, "fiber_command": "change", "sensor": {"label": "R07", "value": 7}, "wavelength": 1531.778747558}, {"fiber": {"label": "F02", "value": 2}, "fiber_command": "change", "sensor": {"label": "R08", "value": 8}, "wavelength": 1534.8176879883}, {"fiber": {"label": "F02", "value": 2}, "fiber_command": "change", "sensor": {"label": "R18", "value": 18}, "wavelength": 1566.603515625}, {"fiber": {"label": "F02", "value": 2}, "fiber_command": "change", "sensor": {"label": "R19", "value": 19}, "wavelength": 1569.7664794922}, {"fiber": {"label": "F02", "value": 2}, "fiber_command": "change", "sensor": {"label": "R20", "value": 20}, "wavelength": 1573.0496826172}, {"fiber": {"label": "F02", "value": 2}, "fiber_command": "change", "sensor": {"label": "R21", "value": 21}, "wavelength": 1576.1571044922}, {"fiber": {"label": "F02", "value": 2}, "fiber_command": "change", "sensor": {"label": "R22", "value": 22}, "wavelength": 1579.3081665039}, {"fiber": {"label": "F04", "value": 4}, "fiber_command": "change", "sensor": {"label": "R02", "value": 2}, "wavelength": 1515.3653564453}, {"fiber": {"label": "F04", "value": 4}, "fiber_command": "change", "sensor": {"label": "R04", "value": 4}, "wavelength": 1521.7097167969}, {"fiber": {"label": "F04", "value": 4}, "fiber_command": "change", "sensor": {"label": "R11", "value": 11}, "wavelength": 1544.1903686523}, {"fiber": {"label": "F04", "value": 4}, "fiber_command": "change", "sensor": {"label": "R17", "value": 17}, "wavelength": 1563.4845581055}, {"fiber": {"label": "F05", "value": 5}, "fiber_command": "change", "sensor": {"label": "R15", "value": 15}, "wavelength": 1557.0502319336}, {"fiber": {"label": "F05", "value": 5}, "fiber_command": "change", "sensor": {"label": "R24", "value": 24}, "wavelength": 1586.3137817383}, {"fiber": {"label": "F06", "value": 6}, "fiber_command": "change", "sensor": {"label": "R02", "value": 2}, "wavelength": 1515.3060913086}, {"fiber": {"label": "F06", "value": 6}, "fiber_command": "change", "sensor": {"label": "R06", "value": 6}, "wavelength": 1528.8904418945}, {"fiber": {"label": "F06", "value": 6}, "fiber_command": "change", "sensor": {"label": "R19", "value": 19}, "wavelength": 1569.7644042969}, {"fiber": {"label": "F06", "value": 6}, "fiber_command": "change", "sensor": {"label": "R24", "value": 24}, "wavelength": 1586.3435668945}, {"fiber": {"label": "F06", "value": 6}, "fiber_command": "change", "sensor": {"label": "R25", "value": 25}, "wavelength": 1588.9196777344}, {"fiber": {"label": "F07", "value": 7}, "fiber_command": "change", "sensor": {"label": "R05", "value": 5}, "wavelength": 1524.9202880859}, {"fiber": {"label": "F07", "value": 7}, "fiber_command": "change", "sensor": {"label": "R23", "value": 23}, "wavelength": 1524.9202880859}, {"fiber": {"label": "F08", "value": 8}, "fiber_command": "change", "sensor": {"label": "R02", "value": 2}, "wavelength": 1515.4792480469}, {"fiber": {"label": "F08", "value": 8}, "fiber_command": "change", "sensor": {"label": "R19", "value": 19}, "wavelength": 1569.7696533203}, {"fiber": {"label": "F08", "value": 8}, "fiber_command": "change", "sensor": {"label": "R25", "value": 25}, "wavelength": 1589.0092773438}], "critical_sensors": [{"description": "", "fiber": {}, "sensor": {}}], "path": "dis-as-built"}, "access": [], "metadata": {"browserName": "Netscape", "offset": 600, "onLine": true, "origin": "http://192.168.1.5:8000", "pathName": "/designer/edit/mapping-design/AU-03MOU-BR3306", "referrer": "http://192.168.1.5:8000/designer/edit/bridge-overview/AU-03MOU-BR3306", "selectData": {"classification": {"label": "I-A"}, "componentTypes": [{"structureSubType": {"label": "I-C"}, "structureType": {"label": "Girder"}}, {"structureSubType": {"label": "I-C"}, "structureType": {"label": "Girder"}}, {"structureSubType": {"label": "I-C"}, "structureType": {"label": "Girder"}}, {"structureSubType": {"label": "I-C"}, "structureType": {"label": "Pier"}}, {"structureSubType": {"label": "I-C"}, "structureType": {"label": "Pier Column"}}, {"structureSubType": {"label": "I-C"}, "structureType": {"label": "Pier Crosshead"}}, {"structureSubType": {"label": "I-C"}, "structureType": {"label": "Abutment"}}], "fiberType": {"data": {"id": "41200256"}}, "fiber_updates": [{"fiber_command": {"label": "Change"}}, {"fiber_command": {"label": "Change"}}, {"fiber_command": {"label": "Change"}}, {"fiber_command": {"label": "Change"}}, {"fiber_command": {"label": "Change"}}, {"fiber_command": {"label": "Change"}}, {"fiber_command": {"label": "Change"}}, {"fiber_command": {"label": "Change"}}, {"fiber_command": {"label": "Change"}}, {"fiber_command": {"label": "Change"}}, {"fiber_command": {"label": "Change"}}, {"fiber_command": {"label": "Change"}}, {"fiber_command": {"label": "Change"}}, {"fiber_command": {"label": "Change"}}, {"fiber_command": {"label": "Change"}}, {"fiber_command": {"label": "Change"}}, {"fiber_command": {"label": "Change"}}, {"fiber_command": {"label": "Change"}}, {"fiber_command": {"label": "Change"}}, {"fiber_command": {"label": "Change"}}, {"fiber_command": {"label": "Change"}}, {"fiber_command": {"label": "Change"}}, {"fiber_command": {"label": "Change"}}, {"fiber_command": {"label": "Change"}}], "fibers": [{"fiberComponent": [{"sensorTypes": [{"position": {"label": "Specify X/Y"}, "sensorType": {"label": "Rosette"}, "side": {"label": "Up"}}, {"position": {"label": "Right to Left - Girder"}, "sensorType": {"label": "Strain - Horizontal"}, "side": {"label": "Up"}}, {"position": {"label": "Specify X/Y"}, "sensorType": {"label": "Temperature"}, "side": {"label": "Up"}}]}, {"sensorTypes": [{"position": {"label": "Right to Left - Girder"}, "sensorType": {"label": "Strain - Horizontal"}, "side": {"label": "Down"}}, {"position": {"label": "Specify X/Y"}, "sensorType": {"label": "Rosette"}, "side": {"label": "Down"}}]}]}, {"fiberComponent": [{"sensorTypes": [{"position": {"label": "Specify X/Y"}, "sensorType": {"label": "Rosette"}, "side": {"label": "Up"}}, {"position": {"label": "Right to Left - Girder"}, "sensorType": {"label": "Strain - Horizontal"}, "side": {"label": "Up"}}, {"position": {"label": "Specify X/Y"}, "sensorType": {"label": "Temperature"}, "side": {"label": "Up"}}]}, {"sensorTypes": [{"position": {"label": "Right to Left - Girder"}, "sensorType": {"label": "Strain - Horizontal"}, "side": {"label": "Down"}}, {"position": {"label": "Specify X/Y"}, "sensorType": {"label": "Rosette"}, "side": {"label": "Down"}}]}]}, {"fiberComponent": [{"sensorTypes": [{"position": {"label": "Specify X/Y"}, "sensorType": {"label": "Rosette"}, "side": {"label": "Up"}}, {"position": {"label": "Right to Left - Girder"}, "sensorType": {"label": "Strain - Horizontal"}, "side": {"label": "Up"}}, {"position": {"label": "Specify X/Y"}, "sensorType": {"label": "Temperature"}, "side": {"label": "Up"}}]}, {"sensorTypes": [{"position": {"label": "Right to Left - Girder"}, "sensorType": {"label": "Strain - Horizontal"}, "side": {"label": "Down"}}, {"position": {"label": "Specify X/Y"}, "sensorType": {"label": "Rosette"}, "side": {"label": "Down"}}]}]}, {"fiberComponent": [{"sensorTypes": [{"position": {"label": "Specify X/Y"}, "sensorType": {"label": "Rosette"}, "side": {"label": "Up"}}, {"position": {"label": "Right to Left - Girder"}, "sensorType": {"label": "Strain - Horizontal"}, "side": {"label": "Up"}}, {"position": {"label": "Specify X/Y"}, "sensorType": {"label": "Temperature"}, "side": {"label": "Up"}}]}, {"sensorTypes": [{"position": {"label": "Right to Left - Girder"}, "sensorType": {"label": "Strain - Horizontal"}, "side": {"label": "Down"}}, {"position": {"label": "Specify X/Y"}, "sensorType": {"label": "Rosette"}, "side": {"label": "Down"}}]}]}, {"fiberComponent": [{"sensorTypes": [{"position": {"label": "Specify X/Y"}, "sensorType": {"label": "Rosette"}, "side": {"label": "Up"}}, {"position": {"label": "Right to Left - Girder"}, "sensorType": {"label": "Strain - Horizontal"}, "side": {"label": "Up"}}, {"position": {"label": "Specify X/Y"}, "sensorType": {"label": "Temperature"}, "side": {"label": "Up"}}]}, {"sensorTypes": [{"position": {"label": "Right to Left - Girder"}, "sensorType": {"label": "Strain - Horizontal"}, "side": {"label": "Down"}}, {"position": {"label": "Specify X/Y"}, "sensorType": {"label": "Rosette"}, "side": {"label": "Down"}}]}]}, {"fiberComponent": [{"sensorTypes": [{"position": {"label": "Specify X/Y"}, "sensorType": {"label": "Rosette"}, "side": {"label": "Up"}}, {"position": {"label": "Right to Left - Girder"}, "sensorType": {"label": "Strain - Horizontal"}, "side": {"label": "Up"}}, {"position": {"label": "Specify X/Y"}, "sensorType": {"label": "Temperature"}, "side": {"label": "Up"}}]}, {"sensorTypes": [{"position": {"label": "Right to Left - Girder"}, "sensorType": {"label": "Strain - Horizontal"}, "side": {"label": "Down"}}, {"position": {"label": "Specify X/Y"}, "sensorType": {"label": "Rosette"}, "side": {"label": "Down"}}]}]}, {"fiberComponent": [{"sensorTypes": [{"position": {"label": "Specify X/Y"}, "sensorType": {"label": "Rosette"}, "side": {"label": "Right"}}]}, {"sensorTypes": [{"position": {"label": "Top to Bottom - Column"}, "sensorType": {"label": "Strain - Vertical"}, "side": {"label": "Right"}}, {"position": {"label": "Bottom to Top - Column"}, "sensorType": {"label": "Strain - Vertical"}, "side": {"label": "Right"}}]}, {"sensorTypes": [{"position": {"label": "Specify X/Y"}, "sensorType": {"label": "Strain - Horizontal"}, "side": {"label": "Bottom"}}]}, {"sensorTypes": [{"position": {"label": "Top to Bottom - Column"}, "sensorType": {"label": "Strain - Vertical"}, "side": {"label": "Right"}}, {"position": {"label": "Bottom to Top - Column"}, "sensorType": {"label": "Strain - Vertical"}, "side": {"label": "Left"}}]}, {"sensorTypes": [{"position": {"label": "Specify X/Y"}, "sensorType": {"label": "Strain - Horizontal"}, "side": {"label": "Bottom"}}]}, {"sensorTypes": [{"position": {"label": "Top to Bottom - Column"}, "sensorType": {"label": "Strain - Vertical"}, "side": {"label": "Right"}}, {"position": {"label": "Bottom to Top - Column"}, "sensorType": {"label": "Strain - Vertical"}, "side": {"label": "Left"}}]}, {"sensorTypes": [{"position": {"label": "Specify X/Y"}, "sensorType": {"label": "Strain - Horizontal"}, "side": {"label": "Bottom"}}]}, {"sensorTypes": [{"position": {"label": "Top to Bottom - Column"}, "sensorType": {"label": "Strain - Vertical"}, "side": {"label": "Right"}}, {"position": {"label": "Bottom to Top - Column"}, "sensorType": {"label": "Strain - Vertical"}, "side": {"label": "Left"}}]}, {"sensorTypes": [{"position": {"label": "Specify X/Y"}, "sensorType": {"label": "Rosette"}, "side": {"label": "Left"}}]}]}, {"fiberComponent": [{"sensorTypes": [{"position": {"label": "Specify X/Y"}, "sensorType": {"label": "Rosette"}, "side": {"label": "Right"}}]}, {"sensorTypes": [{"position": {"label": "Top to Bottom - Column"}, "sensorType": {"label": "Strain - Vertical"}, "side": {"label": "Right"}}, {"position": {"label": "Bottom to Top - Column"}, "sensorType": {"label": "Strain - Vertical"}, "side": {"label": "Right"}}]}, {"sensorTypes": [{"position": {"label": "Specify X/Y"}, "sensorType": {"label": "Strain - Horizontal"}, "side": {"label": "Bottom"}}]}, {"sensorTypes": [{"position": {"label": "Top to Bottom - Column"}, "sensorType": {"label": "Strain - Vertical"}, "side": {"label": "Right"}}, {"position": {"label": "Bottom to Top - Column"}, "sensorType": {"label": "Strain - Vertical"}, "side": {"label": "Left"}}]}, {"sensorTypes": [{"position": {"label": "Specify X/Y"}, "sensorType": {"label": "Strain - Horizontal"}, "side": {"label": "Bottom"}}]}, {"sensorTypes": [{"position": {"label": "Top to Bottom - Column"}, "sensorType": {"label": "Strain - Vertical"}, "side": {"label": "Right"}}, {"position": {"label": "Bottom to Top - Column"}, "sensorType": {"label": "Strain - Vertical"}, "side": {"label": "Left"}}]}, {"sensorTypes": [{"position": {"label": "Specify X/Y"}, "sensorType": {"label": "Strain - Horizontal"}, "side": {"label": "Bottom"}}]}, {"sensorTypes": [{"position": {"label": "Top to Bottom - Column"}, "sensorType": {"label": "Strain - Vertical"}, "side": {"label": "Right"}}, {"position": {"label": "Bottom to Top - Column"}, "sensorType": {"label": "Strain - Vertical"}, "side": {"label": "Left"}}]}, {"sensorTypes": [{"position": {"label": "Specify X/Y"}, "sensorType": {"label": "Rosette"}, "side": {"label": "Left"}}]}, {"sensorTypes": [{"position": {"label": "Top to Bottom - Column"}, "sensorType": {"label": "Strain - Vertical"}, "side": {"label": "Web Down"}}]}]}], "jinja_template": {"label": "V2.1"}, "lanes": [{"laneType": {"label": "Traffic"}, "lane_direction": {"label": "Left to Right"}}, {"laneType": {"label": "Traffic"}, "lane_direction": {"label": "Right to Left"}}]}, "timezone": "Australia/Melbourne", "userAgent": "Mozilla/5.0 (Macintosh; Intel Mac OS X 10_15_7) AppleWebKit/537.36 (KHTML, like Gecko) Chrome/102.0.0.0 Safari/537.36"}, "form": "62f5cc8f54d20a6914e4bfee", "externalIds": [], "created": "2022-08-12T03:44:17.566Z", "modified": "2022-08-12T06:08:28.570Z"}