{"_id": "62f5cca854d20adf8de4c016", "owner": "627ddf364022c591c1b05f1b", "roles": [], "data": {"eloque_id": "AU-03WAR-BR3869", "bridge_name": "Wartook", "asset_id": "3WAR_3869", "sharepoint_name": "3WAR-3869", "structure_id": "SN3869", "classification": ["I-A"], "save-excel": false, "update-as-design": false, "update-metadata": false, "jinja_template": "", "lock-configuration": false, "coordinates_latitude": -37.03402, "coordinates_longitude": 142.34025, "totalSpans": "", "totalGirders": "", "totalPiers": "", "totalPierCrossheads": "", "totalPierColumns": "", "totalTransverseLanes": "", "totalLanes": "", "fiberType": "", "totalFibers": "", "path": "mapping-design"}, "access": [], "form": "62f5cc9a54d20a15d5e4c000", "externalIds": [], "created": "2022-08-12T03:44:40.712Z", "modified": "2022-08-12T06:08:36.530Z"}