{"_id": "62f5cca654d20a8d10e4c012", "owner": "627ddf364022c591c1b05f1b", "roles": [], "data": {"eloque_id": "AU-03MUR-BR3594", "bridge_name": "Murgheboluc", "asset_id": "3MUR_3594", "sharepoint_name": "3MUR-94", "structure_id": "SN3594", "classification": ["I-B", "I-B", "I-B"], "_version": 4, "_form_version": "0", "save-excel": true, "update-as-design": false, "update-metadata": false, "jinja_template": "v2.1", "lock-configuration": true, "display-page": "structure", "feature_crossed": "", "road_name": "", "coordinates_latitude": "-38.11399", "coordinates_longitude": "144.16379", "deckWidth": 0, "skew_angle": 14, "down": {"label": "G21", "value": "G21"}, "up": {"label": "G01", "value": "G01"}, "left": {"label": "A01", "value": "A01"}, "right": {"label": "A02", "value": "A02"}, "left2right": "To Cressy", "right2left": "To Geelong", "lanes": [{"laneType": "shoulder", "lane_direction": "", "lane_id": {}, "lane_width": "", "transverse_coordinates": 0, "transverse_id": "W01"}, {"laneType": "traffic", "lane_direction": "left2right", "lane_id": {"label": "L01", "value": "L01"}, "lane_width": "", "transverse_coordinates": 0, "transverse_id": "W02"}, {"laneType": "traffic", "lane_direction": "right2left", "lane_id": {"label": "L02", "value": "L02"}, "lane_width": "", "transverse_coordinates": 0, "transverse_id": "W03"}, {"laneType": "shoulder", "lane_direction": "", "lane_id": {}, "lane_width": "", "transverse_coordinates": 0, "transverse_id": "W04"}], "structure": [{"componentId": "S01G01", "componentType": {"label": "S01-Girder", "value": "S01-Girder"}, "superstructureLane": {}}, {"componentId": "S01G02", "componentType": {"label": "S01-Girder", "value": "S01-Girder"}, "superstructureLane": {}}, {"componentId": "S01G03", "componentType": {"label": "S01-Girder", "value": "S01-Girder"}, "superstructureLane": {}}, {"componentId": "S01G04", "componentType": {"label": "S01-Girder", "value": "S01-Girder"}, "superstructureLane": {}}, {"componentId": "S01G05", "componentType": {"label": "S01-Girder", "value": "S01-Girder"}, "superstructureLane": {}}, {"componentId": "S01G06", "componentType": {"label": "S01-Girder", "value": "S01-Girder"}, "superstructureLane": {}}, {"componentId": "S01G07", "componentType": {"label": "S01-Girder", "value": "S01-Girder"}, "superstructureLane": {}}, {"componentId": "S01G08", "componentType": {"label": "S01-Girder", "value": "S01-Girder"}, "superstructureLane": {}}, {"componentId": "S01G09", "componentType": {"label": "S01-Girder", "value": "S01-Girder"}, "superstructureLane": {}}, {"componentId": "S01G10", "componentType": {"label": "S01-Girder", "value": "S01-Girder"}, "superstructureLane": {}}, {"componentId": "S01G11", "componentType": {"label": "S01-Girder", "value": "S01-Girder"}, "superstructureLane": {}}, {"componentId": "S01G12", "componentType": {"label": "S01-Girder", "value": "S01-Girder"}, "superstructureLane": {}}, {"componentId": "S01G13", "componentType": {"label": "S01-Girder", "value": "S01-Girder"}, "superstructureLane": {}}, {"componentId": "S01G14", "componentType": {"label": "S01-Girder", "value": "S01-Girder"}, "superstructureLane": {}}, {"componentId": "S01G15", "componentType": {"label": "S01-Girder", "value": "S01-Girder"}, "superstructureLane": {}}, {"componentId": "S01G16", "componentType": {"label": "S01-Girder", "value": "S01-Girder"}, "superstructureLane": {}}, {"componentId": "S01G17", "componentType": {"label": "S01-Girder", "value": "S01-Girder"}, "superstructureLane": {}}, {"componentId": "S01G18", "componentType": {"label": "S01-Girder", "value": "S01-Girder"}, "superstructureLane": {}}, {"componentId": "S01G19", "componentType": {"label": "S01-Girder", "value": "S01-Girder"}, "superstructureLane": {}}, {"componentId": "S01G20", "componentType": {"label": "S01-Girder", "value": "S01-Girder"}, "superstructureLane": {}}, {"componentId": "S01G21", "componentType": {"label": "S01-Girder", "value": "S01-Girder"}, "superstructureLane": {}}, {"componentId": "S02G01", "componentType": {"label": "S02-Girder", "value": "S02-Girder"}, "superstructureLane": {}}, {"componentId": "S02G02", "componentType": {"label": "S02-Girder", "value": "S02-Girder"}, "superstructureLane": {}}, {"componentId": "S02G03", "componentType": {"label": "S02-Girder", "value": "S02-Girder"}, "superstructureLane": {}}, {"componentId": "S02G04", "componentType": {"label": "S02-Girder", "value": "S02-Girder"}, "superstructureLane": {}}, {"componentId": "S02G05", "componentType": {"label": "S02-Girder", "value": "S02-Girder"}, "superstructureLane": {}}, {"componentId": "S02G06", "componentType": {"label": "S02-Girder", "value": "S02-Girder"}, "superstructureLane": {}}, {"componentId": "S02G07", "componentType": {"label": "S02-Girder", "value": "S02-Girder"}, "superstructureLane": {}}, {"componentId": "S02G08", "componentType": {"label": "S02-Girder", "value": "S02-Girder"}, "superstructureLane": {}}, {"componentId": "S02G09", "componentType": {"label": "S02-Girder", "value": "S02-Girder"}, "superstructureLane": {}}, {"componentId": "S02G10", "componentType": {"label": "S02-Girder", "value": "S02-Girder"}, "superstructureLane": {}}, {"componentId": "S02G11", "componentType": {"label": "S02-Girder", "value": "S02-Girder"}, "superstructureLane": {}}, {"componentId": "S02G12", "componentType": {"label": "S02-Girder", "value": "S02-Girder"}, "superstructureLane": {}}, {"componentId": "S02G13", "componentType": {"label": "S02-Girder", "value": "S02-Girder"}, "superstructureLane": {}}, {"componentId": "S02G14", "componentType": {"label": "S02-Girder", "value": "S02-Girder"}, "superstructureLane": {}}, {"componentId": "S02G15", "componentType": {"label": "S02-Girder", "value": "S02-Girder"}, "superstructureLane": {}}, {"componentId": "S02G16", "componentType": {"label": "S02-Girder", "value": "S02-Girder"}, "superstructureLane": {}}, {"componentId": "S02G17", "componentType": {"label": "S02-Girder", "value": "S02-Girder"}, "superstructureLane": {}}, {"componentId": "S02G18", "componentType": {"label": "S02-Girder", "value": "S02-Girder"}, "superstructureLane": {}}, {"componentId": "S02G19", "componentType": {"label": "S02-Girder", "value": "S02-Girder"}, "superstructureLane": {}}, {"componentId": "S02G20", "componentType": {"label": "S02-Girder", "value": "S02-Girder"}, "superstructureLane": {}}, {"componentId": "S02G21", "componentType": {"label": "S02-Girder", "value": "S02-Girder"}, "superstructureLane": {}}, {"componentId": "P01CR01", "componentType": {"label": "PierCrosshead01", "value": "PierCrosshead01"}, "superstructureLane": {}}, {"componentId": "P01C01", "componentType": {"label": "PierColumn01", "value": "PierColumn01"}, "superstructureLane": {}}, {"componentId": "P01C02", "componentType": {"label": "PierColumn01", "value": "PierColumn01"}, "superstructureLane": {}}, {"componentId": "A01", "componentType": {"label": "Abutment01", "value": "Abutment01"}, "superstructureLane": {}}, {"componentId": "A02", "componentType": {"label": "Abutment01", "value": "Abutment01"}, "superstructureLane": {}}], "componentTypes": [{"componentType": "S01-Girder", "effective_area": "", "effective_area_moment_of_inertia": "", "effective_shear_modulus": "", "effective_youngs_modulus": "", "height": 0.394, "length": 8.4, "structureSubType": "", "structureType": "girder", "weight": "", "width": 0.6}, {"componentType": "S02-Girder", "effective_area": "", "effective_area_moment_of_inertia": "", "effective_shear_modulus": "", "effective_youngs_modulus": "", "flangeWidth1": "", "flangeWidth2": "", "height": 0.394, "length": 8.4, "structureSubType": "", "structureType": "girder", "weight": "", "width": 0.6}, {"componentType": "Pier01", "effective_area": "", "effective_area_moment_of_inertia": "", "effective_shear_modulus": "", "effective_youngs_modulus": "", "flangeWidth1": "", "flangeWidth2": "", "height": "", "length": "", "structureSubType": "", "structureType": "pier", "weight": "", "width": ""}, {"componentType": "PierColumn01", "effective_area": "", "effective_area_moment_of_inertia": "", "effective_shear_modulus": "", "effective_youngs_modulus": "", "flangeWidth1": "", "flangeWidth2": "", "height": 0.77, "length": 2, "structureSubType": "", "structureType": "pierColumn", "weight": "", "width": 0.5}, {"componentType": "PierCrosshead01", "effective_area": "", "effective_area_moment_of_inertia": "", "effective_shear_modulus": "", "effective_youngs_modulus": "", "flangeWidth1": "", "flangeWidth2": "", "height": 0.8, "length": 13.25, "structureSubType": "", "structureType": "pierCrosshead", "weight": "", "width": 0.4}, {"componentType": "Abutment01", "effective_area": "", "effective_area_moment_of_inertia": "", "effective_shear_modulus": "", "effective_youngs_modulus": "", "flangeWidth1": "", "flangeWidth2": "", "height": "", "length": "", "structureSubType": "", "structureType": "abutment", "weight": "", "width": ""}], "totalSpans": 2, "totalGirders": 21, "allComponentsList": [{"label": "Span/Girder: S01G01", "value": "S01G01"}, {"label": "Span/Girder: S01G02", "value": "S01G02"}, {"label": "Span/Girder: S01G03", "value": "S01G03"}, {"label": "Span/Girder: S01G04", "value": "S01G04"}, {"label": "Span/Girder: S01G05", "value": "S01G05"}, {"label": "Span/Girder: S01G06", "value": "S01G06"}, {"label": "Span/Girder: S01G07", "value": "S01G07"}, {"label": "Span/Girder: S01G08", "value": "S01G08"}, {"label": "Span/Girder: S01G09", "value": "S01G09"}, {"label": "Span/Girder: S01G10", "value": "S01G10"}, {"label": "Span/Girder: S01G11", "value": "S01G11"}, {"label": "Span/Girder: S01G12", "value": "S01G12"}, {"label": "Span/Girder: S01G13", "value": "S01G13"}, {"label": "Span/Girder: S01G14", "value": "S01G14"}, {"label": "Span/Girder: S01G15", "value": "S01G15"}, {"label": "Span/Girder: S01G16", "value": "S01G16"}, {"label": "Span/Girder: S01G17", "value": "S01G17"}, {"label": "Span/Girder: S01G18", "value": "S01G18"}, {"label": "Span/Girder: S01G19", "value": "S01G19"}, {"label": "Span/Girder: S01G20", "value": "S01G20"}, {"label": "Span/Girder: S01G21", "value": "S01G21"}, {"label": "Span/Girder: S02G01", "value": "S02G01"}, {"label": "Span/Girder: S02G02", "value": "S02G02"}, {"label": "Span/Girder: S02G03", "value": "S02G03"}, {"label": "Span/Girder: S02G04", "value": "S02G04"}, {"label": "Span/Girder: S02G05", "value": "S02G05"}, {"label": "Span/Girder: S02G06", "value": "S02G06"}, {"label": "Span/Girder: S02G07", "value": "S02G07"}, {"label": "Span/Girder: S02G08", "value": "S02G08"}, {"label": "Span/Girder: S02G09", "value": "S02G09"}, {"label": "Span/Girder: S02G10", "value": "S02G10"}, {"label": "Span/Girder: S02G11", "value": "S02G11"}, {"label": "Span/Girder: S02G12", "value": "S02G12"}, {"label": "Span/Girder: S02G13", "value": "S02G13"}, {"label": "Span/Girder: S02G14", "value": "S02G14"}, {"label": "Span/Girder: S02G15", "value": "S02G15"}, {"label": "Span/Girder: S02G16", "value": "S02G16"}, {"label": "Span/Girder: S02G17", "value": "S02G17"}, {"label": "Span/Girder: S02G18", "value": "S02G18"}, {"label": "Span/Girder: S02G19", "value": "S02G19"}, {"label": "Span/Girder: S02G20", "value": "S02G20"}, {"label": "Span/Girder: S02G21", "value": "S02G21"}, {"label": "Pier: P01", "value": "P01"}, {"label": "Crosshead: P01CR01", "value": "P01CR01"}, {"label": "Column: P01C01", "value": "P01C01"}, {"label": "Column: P01C02", "value": "P01C02"}, {"label": "Abutment: A01", "value": "A01"}, {"label": "Abutment: A02", "value": "A02"}], "totalPiers": 1, "totalPierCrossheads": 1, "totalPierColumns": 2, "totalTransverseLanes": 4, "totalLanes": 2, "allTransverseLanesList": [{"label": "W01", "value": "W01"}, {"label": "W02", "value": "W02"}, {"label": "W03", "value": "W03"}, {"label": "W04", "value": "W04"}], "allTrafficLanesList": [{"label": "", "value": ""}, {"label": "L01", "value": "L01"}, {"label": "L02", "value": "L02"}], "fiberType": 41200256, "totalFibers": 8, "allFibersList": [{"label": "F01", "value": "F01"}, {"label": "F02", "value": "F02"}, {"label": "F03", "value": "F03"}, {"label": "F04", "value": "F04"}, {"label": "F05", "value": "F05"}, {"label": "F06", "value": "F06"}, {"label": "F07", "value": "F07"}, {"label": "F08", "value": "F08"}], "fibers": [{"fiberComponent": [{"sensorTypes": [{}]}], "fiberId": "F01"}, {"fiberComponent": [{"bottomMargin": "", "componentId": {}, "leftMargin": "", "rightMargin": "", "sensorTypes": [{"customX": "", "customY": "", "position": "", "sensorType": "", "side": "", "typeFirst": "", "typeLast": ""}], "topMargin": ""}], "fiberId": "F02"}, {"fiberComponent": [{"bottomMargin": "", "componentId": {}, "leftMargin": "", "rightMargin": "", "sensorTypes": [{"customX": "", "customY": "", "position": "", "sensorType": "", "side": "", "typeFirst": "", "typeLast": ""}], "topMargin": ""}], "fiberId": "F03"}, {"fiberComponent": [{"bottomMargin": "", "componentId": {}, "leftMargin": "", "rightMargin": "", "sensorTypes": [{"customX": "", "customY": "", "position": "", "sensorType": "", "side": "", "typeFirst": "", "typeLast": ""}], "topMargin": ""}], "fiberId": "F04"}, {"fiberComponent": [{"bottomMargin": "", "componentId": {}, "leftMargin": "", "rightMargin": "", "sensorTypes": [{"customX": "", "customY": "", "position": "", "sensorType": "", "side": "", "typeFirst": "", "typeLast": ""}], "topMargin": ""}], "fiberId": "F05"}, {"fiberComponent": [{"bottomMargin": "", "componentId": {}, "leftMargin": "", "rightMargin": "", "sensorTypes": [{"customX": "", "customY": "", "position": "", "sensorType": "", "side": "", "typeFirst": "", "typeLast": ""}], "topMargin": ""}], "fiberId": "F06"}, {"fiberComponent": [{"bottomMargin": "", "componentId": {}, "leftMargin": "", "rightMargin": "", "sensorTypes": [{"customX": "", "customY": "", "position": "", "sensorType": "", "side": "", "typeFirst": "", "typeLast": ""}], "topMargin": ""}], "fiberId": "F07"}, {"fiberComponent": [{"bottomMargin": "", "componentId": {}, "leftMargin": "", "rightMargin": "", "sensorTypes": [{"customX": "", "customY": "", "position": "", "sensorType": "", "side": "", "typeFirst": "", "typeLast": ""}], "topMargin": ""}], "fiberId": "F08"}], "path": "mapping-design"}, "access": [], "metadata": {"browserName": "Netscape", "offset": 600, "onLine": true, "origin": "http://192.168.1.6:8000", "pathName": "/designer/edit/mapping-design/3MUR-3594", "referrer": "http://192.168.1.6:8000/designer/edit/bridge-overview/**%20New%20**", "selectData": {"classification": {"label": "I-B"}, "fiberType": {"data": {"id": "41200256"}}, "jinja_template": {"label": "V2.1"}, "lanes": [{"laneType": {"label": "Shoulder"}, "lane_direction": {"label": "Middle"}}, {"laneType": {"label": "Traffic"}, "lane_direction": {"label": "Left to Right"}}, {"laneType": {"label": "Traffic"}, "lane_direction": {"label": "Right to Left"}}, {"laneType": {"label": "Shoulder"}, "lane_direction": {"label": "Middle"}}], "componentTypes": [{"structureType": {"label": "Girder"}, "structureSubType": {"label": "I-C"}}, {"structureType": {"label": "Girder"}, "structureSubType": {"label": "I-C"}}, {"structureType": {"label": "Pier"}, "structureSubType": {"label": "I-C"}}, {"structureType": {"label": "Pier Column"}, "structureSubType": {"label": "I-C"}}, {"structureType": {"label": "Pier Crosshead"}, "structureSubType": {"label": "I-C"}}, {"structureType": {"label": "Abutment"}, "structureSubType": {"label": "I-C"}}]}, "timezone": "Australia/Melbourne", "userAgent": "Mozilla/5.0 (Macintosh; Intel Mac OS X 10_15_7) AppleWebKit/537.36 (KHTML, like Gecko) Chrome/102.0.5005.61 Safari/537.36"}, "form": "62f5cc9a54d20a15d5e4c000", "externalIds": [], "created": "2022-08-12T03:44:38.518Z", "modified": "2022-08-12T06:08:45.528Z"}