{"_id": "62f5cca554d20a68e5e4c010", "owner": "627ddf364022c591c1b05f1b", "roles": [], "data": {"eloque_id": "AU-03INV-BR3595", "bridge_name": "Inverleigh", "asset_id": "3INV_SN3595", "sharepoint_name": "3INV-3595", "structure_id": "SN3595", "classification": ["I-A", "I-A"], "save-excel": false, "update-as-design": false, "update-metadata": false, "jinja_template": "", "lock-configuration": false, "coordinates_latitude": "-38.09408", "coordinates_longitude": "144.10387", "totalSpans": "", "totalGirders": "", "totalPiers": "", "totalPierCrossheads": "", "totalPierColumns": "", "totalTransverseLanes": "", "totalLanes": "", "fiberType": "", "totalFibers": "", "path": "mapping-design"}, "access": [], "form": "62f5cc9a54d20a15d5e4c000", "externalIds": [], "created": "2022-08-12T03:44:37.451Z", "modified": "2022-08-12T06:08:34.711Z"}