{"_id": "62f5cca854d20a1ec2e4c014", "owner": "627ddf364022c591c1b05f1b", "roles": [], "data": {"eloque_id": "AU-03GRA-BR2625", "bridge_name": "Northern Grampians", "asset_id": "3GRA_2625", "sharepoint_name": "3GRA-2625", "structure_id": "SN2625", "classification": ["I-B"], "save-excel": false, "update-as-design": false, "update-metadata": false, "jinja_template": "", "lock-configuration": false, "coordinates_latitude": -36.64056, "coordinates_longitude": 142.97784, "totalSpans": "", "totalGirders": "", "totalPiers": "", "totalPierCrossheads": "", "totalPierColumns": "", "totalTransverseLanes": "", "totalLanes": "", "fiberType": "", "totalFibers": "", "path": "mapping-design"}, "access": [], "form": "62f5cc9a54d20a15d5e4c000", "externalIds": [], "created": "2022-08-12T03:44:40.134Z", "modified": "2022-08-12T06:08:36.921Z"}