{"_id": "62f5cca154d20a86b7e4c00b", "owner": "627ddf364022c591c1b05f1b", "roles": [], "data": {"eloque_id": "AU-03LON-BR1333", "bridge_name": "Longwood", "asset_id": "SN1333_LONGWOOD", "sharepoint_name": "3LON-SN1330", "structure_id": "SN1333", "classification": ["I-A", "I-A"], "save-excel": false, "update-as-design": false, "update-metadata": false, "jinja_template": "", "lock-configuration": false, "coordinates_latitude": "-36.80689", "coordinates_longitude": "145.46327", "totalSpans": "", "totalGirders": "", "totalPiers": "", "totalPierCrossheads": "", "totalPierColumns": "", "totalTransverseLanes": "", "totalLanes": "", "fiberType": "", "totalFibers": "", "path": "mapping-design"}, "access": [], "form": "62f5cc9a54d20a15d5e4c000", "externalIds": [], "created": "2022-08-12T03:44:33.720Z", "modified": "2022-08-12T06:08:49.416Z"}