{"_id": "62f5cc9c54d20af86be4c003", "owner": "627ddf364022c591c1b05f1b", "roles": [], "data": {"eloque_id": "AU-03FOR-BR3963", "bridge_name": "Forest", "asset_id": "3FOR_3963", "sharepoint_name": "3FOR-3963", "structure_id": "SN3963", "classification": ["I-A"], "_version": 21, "_form_version": "0", "save-excel": true, "update-as-design": false, "update-metadata": false, "jinja_template": "v2.1", "lock-configuration": true, "display-page": "configuration", "feature_crossed": "", "road_name": "", "coordinates_latitude": -38.50906, "coordinates_longitude": 143.71857, "deckWidth": "0", "skew_angle": "0", "down": {}, "up": {}, "left": {}, "right": {}, "left2right": "", "right2left": "", "lanes": [{"laneType": "", "lane_direction": "", "lane_id": {}, "lane_width": "", "transverse_coordinates": 0, "transverse_id": ""}], "structure": [{"componentId": "", "componentType": {}, "superstructureLane": {}}], "componentTypes": [{"componentType": "", "effective_area": "", "effective_area_moment_of_inertia": "", "effective_shear_modulus": "", "effective_youngs_modulus": "", "flangeWidth1": "", "flangeWidth2": "", "height": "", "length": "", "structureSubType": "", "structureType": "", "weight": "", "width": ""}], "totalSpans": 3, "totalGirders": 17, "allComponentsList": "", "totalPiers": 2, "totalPierCrossheads": 1, "totalPierColumns": 3, "totalTransverseLanes": 4, "totalLanes": 2, "allTransverseLanesList": "", "allTrafficLanesList": "", "fiberType": 41200256, "totalFibers": 8, "allFibersList": "", "fibers": [{"fiberComponent": [{"bottomMargin": "", "componentId": {}, "leftMargin": "", "rightMargin": "", "sensorTypes": [{"customX": "", "customY": "", "position": "", "sensorType": "", "side": "", "typeFirst": "", "typeLast": ""}], "topMargin": ""}], "fiberId": ""}], "path": "mapping-design"}, "access": [], "metadata": {"selectData": {"classification": {"label": "I-A"}, "jinja_template": {"label": "V2.1"}, "lanes": [{"lane_direction": {"label": "Middle"}, "laneType": {"label": "Transit"}}], "fiberType": {"data": {"id": "41200256"}}}, "timezone": "Australia/Melbourne", "offset": 600, "origin": "http://192.168.1.5:8000", "referrer": "http://192.168.1.5:8000/designer/edit/bridge-overview/AU-03FOR-BR3963", "browserName": "Netscape", "userAgent": "Mozilla/5.0 (Macintosh; Intel Mac OS X 10_15_7) AppleWebKit/537.36 (KHTML, like Gecko) Chrome/102.0.0.0 Safari/537.36", "pathName": "/designer/edit/mapping-design/AU-03FOR-BR3963", "onLine": true}, "form": "62f5cc9a54d20a15d5e4c000", "externalIds": [], "created": "2022-08-12T03:44:28.070Z", "modified": "2022-08-12T06:08:39.092Z"}