{"_id": "62f5cca054d20a53cbe4c008", "owner": "627ddf364022c591c1b05f1b", "roles": [], "data": {"eloque_id": "AU-03KAL-BR1051", "bridge_name": "Kalkallo", "asset_id": "SN1051_KALKALLO", "sharepoint_name": "3KAL-51", "structure_id": "SN1051", "classification": ["I-A", "I-A", "I-A", "I-A"], "save-excel": false, "update-as-design": false, "update-metadata": false, "jinja_template": "", "lock-configuration": false, "coordinates_latitude": "-37.52816", "coordinates_longitude": "144.94768", "totalSpans": "", "totalGirders": "", "totalPiers": "", "totalPierCrossheads": "", "totalPierColumns": "", "totalTransverseLanes": "", "totalLanes": "", "fiberType": "", "totalFibers": "", "path": "mapping-design"}, "access": [], "form": "62f5cc9a54d20a15d5e4c000", "externalIds": [], "created": "2022-08-12T03:44:32.994Z", "modified": "2022-08-12T06:08:44.492Z"}