{"_id": "62f5cc8f54d20a038ce4bfec", "owner": "627ddf364022c591c1b05f1b", "roles": [], "data": {"id": "VIC DoT", "description": "Victoria Department of Transportation", "country": {"_id": "62c3892ed39bf8137f70ff8a", "access": [], "created": "2022-07-05T00:43:26.405Z", "data": {"description": "Australia", "id": "AU", "json_table": "{\"json_table\":[{\"label\":\"Australian Capital Territory\",\"value\":\"ACT\"},{\"label\":\"New South Wales\",\"value\":\"NSW\"},{\"label\":\"Northern Territory\",\"value\":\"NT\"},{\"label\":\"Queensland\",\"value\":\"QLD\"},{\"label\":\"South Australia\",\"value\":\"SA\"},{\"label\":\"Tasmania\",\"value\":\"TAS\"},{\"label\":\"Victoria\",\"value\":\"VIC\"},{\"label\":\"Western Australia\",\"value\":\"WA\"}]}", "states": "Australian Capital Territory,ACT\nNew South Wales,NSW\nNorthern Territory,NT\nQueensland,QLD\nSouth Australia,SA\nTasmania,TAS\nVictoria,VIC\nWestern Australia,WA"}, "externalIds": [], "form": "62c388c1d39bf86c0e70ff87", "metadata": {"browserName": "Netscape", "offset": 600, "onLine": true, "origin": "http://192.168.1.5:8000", "pathName": "/designer/edit/reference/country/AU", "referrer": "http://192.168.1.5:8000/designer/tool/reference/country", "timezone": "Australia/Melbourne", "userAgent": "Mozilla/5.0 (Macintosh; Intel Mac OS X 10_15_7) AppleWebKit/537.36 (KHTML, like Gecko) Chrome/102.0.0.0 Safari/537.36"}, "modified": "2022-07-23T03:13:33.663Z", "owner": "627ddf364022c591c1b05f1b", "roles": []}, "address": "Princess Street\nKew VIC 3101", "state": {}, "path": "company"}, "access": [], "metadata": {"timezone": "Australia/Melbourne", "offset": 600, "origin": "http://192.168.1.5:8000", "referrer": "http://192.168.1.5:8000/designer/tool/reference/company", "browserName": "Netscape", "userAgent": "Mozilla/5.0 (Macintosh; Intel Mac OS X 10_15_7) AppleWebKit/537.36 (KHTML, like Gecko) Chrome/102.0.0.0 Safari/537.36", "pathName": "/designer/edit/reference/company/**%20New%20**", "onLine": true}, "form": "62f5cc8f54d20a4b69e4bfea", "externalIds": [], "created": "2022-08-12T03:44:15.818Z", "modified": "2022-08-12T06:08:25.850Z"}