{"_id": "62ff071faab2d37efff3298d", "owner": "62f5cc7454d20ad88be4bfc3", "roles": [], "data": {"id": "manual-app-resources", "logFormVersion": 3, "form_name": "documents", "logDateTime": "2022-08-19T03:44:30.854Z", "logUser": "terry.flander@eloque.com", "logAction": "update", "logComment": "    '_version': 2,\t\t\t\t\t      |\t    '_version': 3,<br>    'html_editor': '<h4><strong>Application Resources</strong |\t    'html_editor': '<h4><strong>Application Resources</strong<br>    'document_content': '<h4><strong>Application Resources</s |\t    'document_content': '<h4><strong>Application Resources</s<br>", "path": "change-log"}, "access": [], "form": "62f5cc8f54d20ac568e4bfe8", "externalIds": [], "created": "2022-08-19T03:44:31.659Z", "modified": "2022-08-19T03:44:31.661Z"}