{"_id": "62ff093caab2d3b5b5f3298f", "owner": "62f5cc7454d20ad88be4bfc3", "roles": [], "data": {"id": "manual-submissions", "logFormVersion": 4, "form_name": "documents", "logDateTime": "2022-08-19T03:53:31.576Z", "logUser": "terry.flander@eloque.com", "logAction": "update", "logComment": "    '_version': 3,\t\t\t\t\t      |\t    '_version': 4,<br>    'html_editor': '<h4><strong>Form Submissions</strong></h4 |\t    'html_editor': '<h4><strong>Form Submissions</strong></h4<br>    'document_content': '<h4><strong>Form Submissions</strong |\t    'document_content': '<h4><strong>Form Submissions</strong<br>", "path": "change-log"}, "access": [], "form": "62f5cc8f54d20ac568e4bfe8", "externalIds": [], "created": "2022-08-19T03:53:32.555Z", "modified": "2022-08-19T03:53:32.556Z"}