{"_id": "62ff04edaab2d3c7f1f3298c", "owner": "62f5cc7454d20ad88be4bfc3", "roles": [], "data": {"id": "manual-promotes", "logFormVersion": 3, "form_name": "documents", "logDateTime": "2022-08-19T03:35:09.078Z", "logUser": "terry.flander@eloque.com", "logAction": "update", "logComment": "    '_version': 2,\t\t\t\t\t      |\t    '_version': 3,<br>    'html_editor': '<h4><strong>Promotes</strong></h4><p>The  |\t    'html_editor': '<h4><strong>Promotes</strong></h4><p>The <br>    'document_content': '<h4><strong>Promotes</strong></h4><p |\t    'document_content': '<h4><strong>Promotes</strong></h4><p<br>", "path": "change-log"}, "access": [], "form": "62f5cc8f54d20ac568e4bfe8", "externalIds": [], "created": "2022-08-19T03:35:09.701Z", "modified": "2022-08-19T03:35:09.702Z"}