{"_id": "62ff017caab2d340b6f32988", "owner": "62f5cc7454d20ad88be4bfc3", "roles": [], "data": {"id": "manual-tenancy", "logFormVersion": 3, "form_name": "documents", "logDateTime": "2022-08-19T03:20:28.117Z", "logUser": "terry.flander@eloque.com", "logAction": "update", "logComment": "    '_version': 2,\t\t\t\t\t      |\t    '_version': 3,<br>    'html_editor': '<p><strong>Tenancy and User Access</stron |\t    'html_editor': '<h4><strong>Tenancy and User Access</stro<br>    'document_content': '<p><strong>Tenancy and User Access</ |\t    'document_content': '<h4><strong>Tenancy and User Access<<br>", "path": "change-log"}, "access": [], "form": "62f5cc8f54d20ac568e4bfe8", "externalIds": [], "created": "2022-08-19T03:20:28.896Z", "modified": "2022-08-19T03:20:28.897Z"}