{"_id": "62f5ccbb54d20ac2b9e4c080", "owner": "627ddf364022c591c1b05f1b", "roles": [], "data": {"id": "Girder - 1-A", "description": "Locations valid for Box Girder", "locations": [{"label": "Left", "value": "Left"}, {"label": "Right", "value": "Right"}, {"label": "Bottom", "value": "Bottm"}, {"label": "Up", "value": "Up"}, {"label": "Down", "value": "Down"}, {"label": "Mid-span", "value": "Mid-span"}, {"label": "1/4 Span", "value": "1/4 Span"}, {"label": "3/4 Span", "value": " 3/4 Span"}, {"label": "Center", "value": "Center"}], "path": "sensor-layout"}, "access": [], "metadata": {"browserName": "Netscape", "offset": 600, "onLine": true, "origin": "http://192.168.1.5:8000", "pathName": "/designer/edit/reference/sensor-layout/**%20New%20**", "referrer": "http://192.168.1.5:8000/designer/tool/reference/sensor-layout", "selectData": {"locations": {}}, "timezone": "Australia/Melbourne", "userAgent": "Mozilla/5.0 (Macintosh; Intel Mac OS X 10_15_7) AppleWebKit/537.36 (KHTML, like Gecko) Chrome/102.0.0.0 Safari/537.36"}, "form": "62f5ccbb54d20a674de4c07e", "externalIds": [], "created": "2022-08-12T03:44:59.614Z", "modified": "2022-08-12T06:09:15.244Z"}