{"_id": "62f5ccae54d20ad6dee4c037", "owner": "627ddf364022c591c1b05f1b", "roles": [], "data": {"eloque_id": "US-WAROC-BR27-112", "bridge_name": "Rock Creek -2", "asset_id": "WADOT_0001", "sharepoint_name": "WSDOT", "structure_id": "27-112", "classification": ["I-A", "I-A", "I-A", "I-A", "I-A", "I-A"], "_version": 12, "_form_version": "0", "save-excel": false, "jinja_template": "v2.1", "lock-configuration": true, "display-page": "layout", "feature_crossed": "Rock Creek", "road_name": "SR-27 (Railroad Street)", "coordinates_latitude": "47.45305", "coordinates_longitude": "-117.142083", "deckWidth": "0", "skew_angle": "0", "down": {"label": "G04", "value": "G04"}, "up": {"label": "G01", "value": "G01"}, "left": {"label": "A01", "value": "A01"}, "right": {"label": "A02", "value": "A02"}, "left2right": "To Freeman", "right2left": "To Rockford", "lanes": [{"laneType": "traffic", "lane_direction": "right2left", "lane_id": {"label": "L02", "value": "L02"}, "lane_width": "", "transverse_coordinates": 0, "transverse_id": "W01"}, {"laneType": "traffic", "lane_direction": "left2right", "lane_id": {"label": "L01", "value": "L01"}, "lane_width": "", "transverse_coordinates": 0, "transverse_id": "W02"}], "structure": [{"componentId": "S01G01", "componentType": {"label": "S01-Girder", "value": "S01-Girder"}, "superstructureLane": {"label": "W02", "value": "W02"}}, {"componentId": "S01G02", "componentType": {"label": "S01-Girder", "value": "S01-Girder"}, "superstructureLane": {"label": "W02", "value": "W02"}}, {"componentId": "S01G03", "componentType": {"label": "S01-Girder", "value": "S01-Girder"}, "superstructureLane": {"label": "W01", "value": "W01"}}, {"componentId": "S01G04", "componentType": {"label": "S01-Girder", "value": "S01-Girder"}, "superstructureLane": {"label": "W01", "value": "W01"}}, {"componentId": "S02G01", "componentType": {"label": "S02-Girder", "value": "S02-Girder"}, "superstructureLane": {"label": "W02", "value": "W02"}}, {"componentId": "S02G02", "componentType": {"label": "S02-Girder", "value": "S02-Girder"}, "superstructureLane": {"label": "W02", "value": "W02"}}, {"componentId": "S02G03", "componentType": {"label": "S02-Girder", "value": "S02-Girder"}, "superstructureLane": {"label": "W01", "value": "W01"}}, {"componentId": "S02G04", "componentType": {"label": "S02-Girder", "value": "S02-Girder"}, "superstructureLane": {"label": "W01", "value": "W01"}}, {"componentId": "S03G01", "componentType": {"label": "S03-Girder", "value": "S03-Girder"}, "superstructureLane": {"label": "W02", "value": "W02"}}, {"componentId": "S03G02", "componentType": {"label": "S03-Girder", "value": "S03-Girder"}, "superstructureLane": {"label": "W02", "value": "W02"}}, {"componentId": "S03G03", "componentType": {"label": "S03-Girder", "value": "S03-Girder"}, "superstructureLane": {"label": "W01", "value": "W01"}}, {"componentId": "S03G04", "componentType": {"label": "S03-Girder", "value": "S03-Girder"}, "superstructureLane": {"label": "W01", "value": "W01"}}, {"componentId": "P01CR01", "componentType": {"label": "PierCrosshead01", "value": "PierCrosshead01"}, "superstructureLane": {}}, {"componentId": "P01C01", "componentType": {"label": "PierColumn01", "value": "PierColumn01"}, "superstructureLane": {}}, {"componentId": "P01C02", "componentType": {"label": "PierColumn01", "value": "PierColumn01"}, "superstructureLane": {}}, {"componentId": "P02CR01", "componentType": {"label": "PierCrosshead01", "value": "PierCrosshead01"}, "superstructureLane": {}}, {"componentId": "P02C01", "componentType": {"label": "PierColumn01", "value": "PierColumn01"}, "superstructureLane": {}}, {"componentId": "P02C02", "componentType": {"label": "PierColumn01", "value": "PierColumn01"}, "superstructureLane": {}}, {"componentId": "A01", "componentType": {"label": "Abutment01", "value": "Abutment01"}, "superstructureLane": {}}, {"componentId": "A02", "componentType": {"label": "Abutment01", "value": "Abutment01"}, "superstructureLane": {}}], "componentTypes": [{"componentType": "S01-Girder", "effective_area": "", "effective_area_moment_of_inertia": "", "effective_shear_modulus": "", "effective_youngs_modulus": "", "flangeWidth1": "", "flangeWidth2": "", "height": 0.6096, "length": 12.192, "structureSubType": "", "structureType": "girder", "weight": "", "width": 0.2048}, {"componentType": "S02-Girder", "effective_area": "", "effective_area_moment_of_inertia": "", "effective_shear_modulus": "", "effective_youngs_modulus": "", "flangeWidth1": "", "flangeWidth2": "", "height": 0.6096, "length": 18.288, "structureSubType": "", "structureType": "girder", "weight": "", "width": 0.2048}, {"componentType": "S03-Girder", "effective_area": "", "effective_area_moment_of_inertia": "", "effective_shear_modulus": "", "effective_youngs_modulus": "", "flangeWidth1": "", "flangeWidth2": "", "height": 0.6096, "length": 12.192, "structureSubType": "", "structureType": "girder", "weight": "", "width": 0.2048}, {"componentType": "Pier01", "effective_area": "", "effective_area_moment_of_inertia": "", "effective_shear_modulus": "", "effective_youngs_modulus": "", "flangeWidth1": "", "flangeWidth2": "", "height": "", "length": "", "structureSubType": "", "structureType": "pier", "weight": "", "width": ""}, {"componentType": "PierColumn01", "effective_area": "", "effective_area_moment_of_inertia": "", "effective_shear_modulus": "", "effective_youngs_modulus": "", "flangeWidth1": "", "flangeWidth2": "", "height": 6.096, "length": 0.6858, "structureSubType": "", "structureType": "pierColumn", "weight": "", "width": 0.6858}, {"componentType": "PierCrosshead01", "effective_area": "", "effective_area_moment_of_inertia": "", "effective_shear_modulus": "", "effective_youngs_modulus": "", "flangeWidth1": "", "flangeWidth2": "", "height": 0.6096, "length": 7.9248, "structureSubType": "", "structureType": "pierCrosshead", "weight": "", "width": 0.6096}, {"componentType": "Abutment01", "effective_area": "", "effective_area_moment_of_inertia": "", "effective_shear_modulus": "", "effective_youngs_modulus": "", "flangeWidth1": "", "flangeWidth2": "", "height": "", "length": "", "structureSubType": "", "structureType": "abutment", "weight": "", "width": ""}], "totalSpans": 3, "totalGirders": 4, "allComponentsList": [{"label": "Span/Girder: S01G01", "value": "S01G01"}, {"label": "Span/Girder: S01G02", "value": "S01G02"}, {"label": "Span/Girder: S01G03", "value": "S01G03"}, {"label": "Span/Girder: S01G04", "value": "S01G04"}, {"label": "Span/Girder: S02G01", "value": "S02G01"}, {"label": "Span/Girder: S02G02", "value": "S02G02"}, {"label": "Span/Girder: S02G03", "value": "S02G03"}, {"label": "Span/Girder: S02G04", "value": "S02G04"}, {"label": "Span/Girder: S03G01", "value": "S03G01"}, {"label": "Span/Girder: S03G02", "value": "S03G02"}, {"label": "Span/Girder: S03G03", "value": "S03G03"}, {"label": "Span/Girder: S03G04", "value": "S03G04"}, {"label": "Pier: P01", "value": "P01"}, {"label": "Crosshead: P01CR01", "value": "P01CR01"}, {"label": "Column: P01C01", "value": "P01C01"}, {"label": "Column: P01C02", "value": "P01C02"}, {"label": "Pier: P02", "value": "P02"}, {"label": "Crosshead: P02CR01", "value": "P02CR01"}, {"label": "Column: P02C01", "value": "P02C01"}, {"label": "Column: P02C02", "value": "P02C02"}, {"label": "Abutment: A01", "value": "A01"}, {"label": "Abutment: A02", "value": "A02"}], "totalPiers": 2, "totalPierCrossheads": 1, "totalPierColumns": 2, "totalTransverseLanes": 2, "totalLanes": 2, "allTransverseLanesList": [{"label": "W01", "value": "W01"}, {"label": "W02", "value": "W02"}], "allTrafficLanesList": [{"label": "", "value": ""}, {"label": "L01", "value": "L01"}, {"label": "L02", "value": "L02"}], "fiberType": 41200256, "totalFibers": 4, "allFibersList": [{"label": "F01", "value": "F01"}, {"label": "F02", "value": "F02"}, {"label": "F03", "value": "F03"}, {"label": "F04", "value": "F04"}], "channels": [{"channelId": "F01", "sensors": [{"componentId": {"label": "Span/Girder: S01G02", "value": "S01G02"}, "layout": "Girder - 1-A", "location": ["bottom", "mid-span"], "sensor_description": "FBG Long-gauge strain sensor  (500mm gauge length, 5 m pigtail on each ends, x2 FC/APC x2 WCP)", "sensor_id": "S-01", "sensor_model": "TP-03", "sensor_numbers": "1", "vertical_spacing": ""}, {"componentId": {"label": "Span/Girder: S02G02", "value": "S02G02"}, "layout": "Girder - 1-A", "location": ["bottom", "quarter-span"], "sensor_description": "FBG Long-gauge strain sensor  (500mm gauge length, 5 m pigtail on each ends, x2 FC/APC x2 WCP)", "sensor_id": "S-01", "sensor_model": "TP-03", "sensor_numbers": "2", "vertical_spacing": "", "location_values": ""}, {"componentId": {"label": "Span/Girder: S02G02", "value": "S02G02"}, "layout": "Girder - 1-A", "location": ["bottom", "mid-span"], "sensor_description": "FBG Long-gauge strain sensor  (500mm gauge length, 5 m pigtail on each ends, x2 FC/APC x2 WCP)", "sensor_id": "S-01", "sensor_model": "TP-03", "sensor_numbers": "3", "vertical_spacing": "", "location_values": ""}, {"componentId": {"label": "Span/Girder: S02G02", "value": "S02G02"}, "layout": "Girder - 1-A", "location": ["up", "mid-span"], "sensor_description": "FBG Long-gauge strain sensor  (500mm gauge length, 5 m pigtail on each ends, x2 FC/APC x2 WCP)", "sensor_id": "S-01", "sensor_model": "TP-03", "sensor_numbers": "4", "vertical_spacing": "", "location_values": ""}, {"componentId": {"label": "Span/Girder: S02G02", "value": "S02G02"}, "layout": "Girder - 1-A", "location": ["bottom", "down", "mid-span"], "sensor_description": "FBG temperature sensor (1 m pigtail on each ends, x2 FC/APC x2 WCP)", "sensor_id": "S-02", "sensor_model": "TP-03", "sensor_numbers": "9", "vertical_spacing": "", "location_values": ""}, {"componentId": {"label": "Span/Girder: S02G02", "value": "S02G02"}, "layout": "Girder - 1-A", "location": ["bottom", "three-quarter-span"], "sensor_description": "FBG Long-gauge strain sensor  (500mm gauge length, 5 m pigtail on each ends, x2 FC/APC x2 WCP)", "sensor_id": "S-01", "sensor_model": "TP-03", "sensor_numbers": "5", "vertical_spacing": "", "location_values": ""}, {"componentId": {"label": "Span/Girder: S02G02", "value": "S02G02"}, "layout": "Girder - 1-A", "location": ["down", "three-quarter-span"], "sensor_description": "FBG Long-gauge strain sensor  (500mm gauge length, 5 m pigtail on each ends, x2 FC/APC x2 WCP)", "sensor_id": "S-01", "sensor_model": "TP-03", "sensor_numbers": "6", "vertical_spacing": "", "location_values": ""}, {"componentId": {"label": "Span/Girder: S03G02", "value": "S03G02"}, "layout": "Girder - 1-A", "location": ["mid-span", "bottom"], "sensor_description": "FBG Long-gauge strain sensor  (500mm gauge length, 5 m pigtail on each ends, x2 FC/APC x2 WCP)", "sensor_id": "S-01", "sensor_model": "TP-03", "sensor_numbers": "7", "vertical_spacing": "", "location_values": ""}, {"componentId": {"label": "Span/Girder: S02G01", "value": "S02G01"}, "layout": "Girder - 1-A", "location": ["bottom", "down", "mid-span"], "sensor_description": "FBG temperature sensor (1 m pigtail on each ends, x2 FC/APC x2 WCP)", "sensor_id": "S-02", "sensor_model": "TP-03", "sensor_numbers": "10", "vertical_spacing": "", "location_values": ""}, {"componentId": {"label": "Span/Girder: S02G01", "value": "S02G01"}, "layout": "Girder - 1-A", "location": ["bottom", "mid-span"], "sensor_description": "FBG Long-gauge strain sensor  (500mm gauge length, 5 m pigtail on each ends, x2 FC/APC x2 WCP)", "sensor_id": "S-01", "sensor_model": "TP-03", "sensor_numbers": "8", "vertical_spacing": "", "location_values": ""}]}, {"channelId": "F02", "sensors": [{"componentId": {}, "componentsColumnsColumnsModel": "", "componentsColumnsColumnsModel2": "", "layout": {}, "location": [], "sensor_description": "", "sensor_id": {}, "sensor_model": "", "sensor_numbers": "", "vertical_spacing": "", "location_values": ""}]}, {"channelId": "F03", "sensors": [{"componentId": {}, "componentsColumnsColumnsModel": "", "componentsColumnsColumnsModel2": "", "layout": {}, "location": [], "sensor_description": "", "sensor_id": {}, "sensor_model": "", "sensor_numbers": "", "vertical_spacing": "", "location_values": ""}]}, {"channelId": "F04", "sensors": [{"componentId": {}, "componentsColumnsColumnsModel": "", "componentsColumnsColumnsModel2": "", "layout": {}, "location": [], "sensor_description": "", "sensor_id": {}, "sensor_model": "", "sensor_numbers": "", "vertical_spacing": "", "location_values": ""}]}], "path": "mapping-sensors"}, "access": [], "metadata": {"browserName": "Netscape", "offset": 600, "onLine": true, "origin": "http://192.168.1.5:8000", "pathName": "/designer/edit/mapping-sensors/US-WAOLY-BR0001", "referrer": "http://192.168.1.5:8000/designer/edit/bridge-overview/US-WAOLY-BR0001", "selectData": {"channels": [{"sensors": [{"layout": {"data": {"id": "Girder - 1-A"}}, "sensor_id": {"data": {"id": "S-01", "model": "TP-03", "description": "FBG Long-gauge strain sensor  (500mm gauge length, 5 m pigtail on each ends, x2 FC/APC x2 WCP)"}}}, {"layout": {"data": {"id": "Girder - 1-A"}}, "sensor_id": {"data": {"id": "S-01", "model": "TP-03", "description": "FBG Long-gauge strain sensor  (500mm gauge length, 5 m pigtail on each ends, x2 FC/APC x2 WCP)"}}}, {"layout": {"data": {"id": "Girder - 1-A"}}, "sensor_id": {"data": {"id": "S-01", "model": "TP-03", "description": "FBG Long-gauge strain sensor  (500mm gauge length, 5 m pigtail on each ends, x2 FC/APC x2 WCP)"}}}, {"layout": {"data": {"id": "Girder - 1-A"}}, "sensor_id": {"data": {"id": "S-01", "model": "TP-03", "description": "FBG Long-gauge strain sensor  (500mm gauge length, 5 m pigtail on each ends, x2 FC/APC x2 WCP)"}}}, {"layout": {"data": {"id": "Girder - 1-A"}}, "sensor_id": {"data": {"id": "S-02", "model": "TP-03", "description": "FBG temperature sensor (1 m pigtail on each ends, x2 FC/APC x2 WCP)"}}}, {"layout": {"data": {"id": "Girder - 1-A"}}, "sensor_id": {"data": {"id": "S-01", "model": "TP-03", "description": "FBG Long-gauge strain sensor  (500mm gauge length, 5 m pigtail on each ends, x2 FC/APC x2 WCP)"}}}, {"layout": {"data": {"id": "Girder - 1-A"}}, "sensor_id": {"data": {"id": "S-01", "model": "TP-03", "description": "FBG Long-gauge strain sensor  (500mm gauge length, 5 m pigtail on each ends, x2 FC/APC x2 WCP)"}}}, {"layout": {"data": {"id": "Girder - 1-A"}}, "sensor_id": {"data": {"id": "S-01", "model": "TP-03", "description": "FBG Long-gauge strain sensor  (500mm gauge length, 5 m pigtail on each ends, x2 FC/APC x2 WCP)"}}}, {"layout": {"data": {"id": "Girder - 1-A"}}, "sensor_id": {"data": {"id": "S-02", "model": "TP-03", "description": "FBG temperature sensor (1 m pigtail on each ends, x2 FC/APC x2 WCP)"}}}, {"layout": {"data": {"id": "Girder - 1-A"}}, "sensor_id": {"data": {"id": "S-01", "model": "TP-03", "description": "FBG Long-gauge strain sensor  (500mm gauge length, 5 m pigtail on each ends, x2 FC/APC x2 WCP)"}}}]}], "classification": {"label": "I-A"}, "componentTypes": [{"structureSubType": {"label": "I-C"}, "structureType": {"label": "Girder"}}, {"structureSubType": {"label": "I-C"}, "structureType": {"label": "Girder"}}, {"structureSubType": {"label": "I-C"}, "structureType": {"label": "Girder"}}, {"structureSubType": {"label": "I-C"}, "structureType": {"label": "Pier"}}, {"structureSubType": {"label": "I-C"}, "structureType": {"label": "Pier Column"}}, {"structureSubType": {"label": "I-C"}, "structureType": {"label": "Pier Crosshead"}}, {"structureSubType": {"label": "I-C"}, "structureType": {"label": "Abutment"}}], "fiberType": {"data": {"id": "41200256"}}, "jinja_template": {"label": "V2.1"}, "lanes": [{"laneType": {"label": "Traffic"}, "lane_direction": {"label": "Right to Left"}}, {"laneType": {"label": "Traffic"}, "lane_direction": {"label": "Left to Right"}}]}, "timezone": "Australia/Melbourne", "userAgent": "Mozilla/5.0 (Macintosh; Intel Mac OS X 10_15_7) AppleWebKit/537.36 (KHTML, like Gecko) Chrome/102.0.0.0 Safari/537.36"}, "form": "62f5ccad54d20a5d9ae4c033", "externalIds": [], "created": "2022-08-12T03:44:46.527Z", "modified": "2022-08-12T06:08:57.990Z"}