{"_id": "62f5cc8854d20a39fbe4bfc9", "owner": "627ddf364022c591c1b05f1b", "roles": [], "data": {"eloque_id": "AU-03COL-BR3501", "bridge_name": "Coldstream", "changeStatus": "completed", "lastChangeDate": "2022-07-19T04:42:50.114Z", "_form_version": "", "_version": "0", "showCreateKpis": false, "kpi_limits": [{"Target": "", "alertsOn": false, "h": "", "hh": "", "hhh": "", "kpi_name": "Missing Readings", "l": "", "ll": "", "lll": "", "max": "", "min": ""}, {"Target": "", "alertsOn": false, "h": "", "hh": "", "hhh": "", "kpi_name": "Battery Voltage", "l": "", "ll": "", "lll": "", "max": "", "min": ""}, {"Target": "", "alertsOn": false, "h": "", "hh": "", "hhh": "", "kpi_name": "Current", "l": "", "ll": "", "lll": "", "max": "", "min": ""}, {"Target": "", "alertsOn": false, "h": "", "hh": "", "hhh": "", "kpi_name": "Door", "l": "", "ll": "", "lll": "", "max": "", "min": ""}, {"Target": "", "alertsOn": false, "h": "", "hh": "", "hhh": "", "kpi_name": "Latency", "l": "", "ll": "", "lll": "", "max": "", "min": ""}, {"Target": "", "alertsOn": false, "h": "", "hh": "", "hhh": "", "kpi_name": "RH Bottom", "l": "", "ll": "", "lll": "", "max": "", "min": ""}, {"Target": "", "alertsOn": false, "h": "", "hh": "", "hhh": "", "kpi_name": "RH Top", "l": "", "ll": "", "lll": "", "max": "", "min": ""}, {"Target": "", "alertsOn": false, "h": "", "hh": "", "hhh": "", "kpi_name": "Temp Bottom", "l": "", "ll": "", "lll": "", "max": "", "min": ""}, {"Target": "", "alertsOn": false, "h": "", "hh": "", "hhh": "", "kpi_name": "Temp Top", "l": "", "ll": "", "lll": "", "max": "", "min": ""}, {"Target": "", "alertsOn": false, "h": "", "hh": "", "hhh": "", "kpi_name": "CPU Temp", "l": "", "ll": "", "lll": "", "max": "", "min": ""}, {"Target": "", "alertsOn": false, "h": "", "hh": "", "hhh": "", "kpi_name": "Sampling Rate", "l": "", "ll": "", "lll": "", "max": "", "min": ""}, {"Target": "", "alertsOn": false, "h": "", "hh": "", "hhh": "", "kpi_name": "# Fibers", "l": "", "ll": "", "lll": "", "max": "", "min": ""}, {"Target": "", "alertsOn": false, "h": "", "hh": "", "hhh": "", "kpi_name": "Total Sensors", "l": "", "ll": "", "lll": "", "max": "", "min": ""}, {"Target": "", "alertsOn": false, "h": "", "hh": "", "hhh": "", "kpi_name": "F01 # Sensors", "l": "", "ll": "", "lll": "", "max": "", "min": ""}, {"Target": "", "alertsOn": false, "h": "", "hh": "", "hhh": "", "kpi_name": "F02 # Sensors", "l": "", "ll": "", "lll": "", "max": "", "min": ""}, {"Target": "", "alertsOn": false, "h": "", "hh": "", "hhh": "", "kpi_name": "F03 # Sensors", "l": "", "ll": "", "lll": "", "max": "", "min": ""}, {"Target": "", "alertsOn": false, "h": "", "hh": "", "hhh": "", "kpi_name": "F04 # Sensors", "l": "", "ll": "", "lll": "", "max": "", "min": ""}, {"Target": "", "alertsOn": false, "h": "", "hh": "", "hhh": "", "kpi_name": "F05 # Sensors", "l": "", "ll": "", "lll": "", "max": "", "min": ""}, {"Target": "", "alertsOn": false, "h": "", "hh": "", "hhh": "", "kpi_name": "F06 # Sensors", "l": "", "ll": "", "lll": "", "max": "", "min": ""}, {"Target": "", "alertsOn": false, "h": "", "hh": "", "hhh": "", "kpi_name": "F07 # Sensors", "l": "", "ll": "", "lll": "", "max": "", "min": ""}, {"Target": "", "alertsOn": false, "h": "", "hh": "", "hhh": "", "kpi_name": "F08 # Sensors", "l": "", "ll": "", "lll": "", "max": "", "min": ""}], "path": "ops-limits"}, "access": [], "metadata": {"browserName": "Netscape", "offset": 600, "onLine": true, "origin": "http://192.168.1.3:8000", "pathName": "/designer/edit/ops-limits/**%20New%20**", "referrer": "http://192.168.1.3:8000/designer/view/OPS%20Control%20Panel", "selectData": {"changeStatus": {"label": "Approved"}, "columns2AllAlerts": {"label": "On"}, "columns2Approver": {"data": {"email": "fred@test.com"}}}, "timezone": "Australia/Melbourne", "userAgent": "Mozilla/5.0 (Macintosh; Intel Mac OS X 10_15_7) AppleWebKit/537.36 (KHTML, like Gecko) Chrome/102.0.0.0 Safari/537.36"}, "form": "62f5cc8854d20afa0be4bfc7", "externalIds": [], "created": "2022-08-12T03:44:08.925Z", "modified": "2022-08-12T06:08:17.543Z"}