{"_id": "62f5cc8954d20aae20e4bfca", "owner": "627ddf364022c591c1b05f1b", "roles": [], "data": {"eloque_id": "US-WAROC-BR27-112", "bridge_name": "Rock Creek - Washington State", "changeStatus": "pendingApproval", "lastChangeDate": "2022-07-19T04:33:57.025Z", "_form_version": "", "_version": "0", "showCreateKpis": false, "reasonForChange": "", "allAlertStatus": "on", "approver": "", "kpi_limits": [{"Target2": "", "alertsOn": false, "h2": "", "hh2": "", "hhh2": "", "kpi_name": "Missing Readings", "kpisColumnsColumns2Alertwhenanylimitcrossed": false, "kpisColumnsColumnsAlert": false, "kpisColumnsColumnsAlert2": false, "kpisColumnsColumnsAlert3": false, "kpisColumnsColumnsAlert4": false, "kpisColumnsColumnsAlert5": false, "kpisColumnsColumnsAlert6": false, "l2": "", "ll2": "", "lll2": "", "max2": "", "min2": "", "min": "", "lll": "", "ll": "", "l": "", "Target": "", "h": "", "hh": "", "hhh": "", "max": ""}, {"Target2": "", "alertsOn": false, "h2": "", "hh2": "", "hhh2": "", "kpi_name": "Battery Voltage", "kpisColumnsColumns2Alertwhenanylimitcrossed": false, "kpisColumnsColumnsAlert": false, "kpisColumnsColumnsAlert2": false, "kpisColumnsColumnsAlert3": false, "kpisColumnsColumnsAlert4": false, "kpisColumnsColumnsAlert5": false, "kpisColumnsColumnsAlert6": false, "l2": "", "ll2": "", "lll2": "", "max2": "", "min2": "", "min": "", "lll": "", "ll": "", "l": "", "Target": "", "h": "", "hh": "", "hhh": "", "max": ""}, {"Target2": "", "alertsOn": false, "h2": "", "hh2": "", "hhh2": "", "kpi_name": "Current", "kpisColumnsColumns2Alertwhenanylimitcrossed": false, "kpisColumnsColumnsAlert": false, "kpisColumnsColumnsAlert2": false, "kpisColumnsColumnsAlert3": false, "kpisColumnsColumnsAlert4": false, "kpisColumnsColumnsAlert5": false, "kpisColumnsColumnsAlert6": false, "l2": "", "ll2": "", "lll2": "", "max2": "", "min2": "", "min": "", "lll": "", "ll": "", "l": "", "Target": "", "h": "", "hh": "", "hhh": "", "max": ""}, {"Target2": "", "alertsOn": false, "h2": "", "hh2": "", "hhh2": "", "kpi_name": "Door", "kpisColumnsColumns2Alertwhenanylimitcrossed": false, "kpisColumnsColumnsAlert": false, "kpisColumnsColumnsAlert2": false, "kpisColumnsColumnsAlert3": false, "kpisColumnsColumnsAlert4": false, "kpisColumnsColumnsAlert5": false, "kpisColumnsColumnsAlert6": false, "l2": "", "ll2": "", "lll2": "", "max2": "", "min2": "", "min": "", "lll": "", "ll": "", "l": "", "Target": "", "h": "", "hh": "", "hhh": "", "max": ""}, {"Target2": "", "alertsOn": false, "h2": "", "hh2": "", "hhh2": "", "kpi_name": "Latency", "kpisColumnsColumns2Alertwhenanylimitcrossed": false, "kpisColumnsColumnsAlert": false, "kpisColumnsColumnsAlert2": false, "kpisColumnsColumnsAlert3": false, "kpisColumnsColumnsAlert4": false, "kpisColumnsColumnsAlert5": false, "kpisColumnsColumnsAlert6": false, "l2": "", "ll2": "", "lll2": "", "max2": "", "min2": "", "min": "", "lll": "", "ll": "", "l": "", "Target": "", "h": "", "hh": "", "hhh": "", "max": ""}, {"Target2": "", "alertsOn": false, "h2": "", "hh2": "", "hhh2": "", "kpi_name": "RH Bottom", "kpisColumnsColumns2Alertwhenanylimitcrossed": false, "kpisColumnsColumnsAlert": false, "kpisColumnsColumnsAlert2": false, "kpisColumnsColumnsAlert3": false, "kpisColumnsColumnsAlert4": false, "kpisColumnsColumnsAlert5": false, "kpisColumnsColumnsAlert6": false, "l2": "", "ll2": "", "lll2": "", "max2": "", "min2": "", "min": "", "lll": "", "ll": "", "l": "", "Target": "", "h": "", "hh": "", "hhh": "", "max": ""}, {"Target2": "", "alertsOn": false, "h2": "", "hh2": "", "hhh2": "", "kpi_name": "RH Top", "kpisColumnsColumns2Alertwhenanylimitcrossed": false, "kpisColumnsColumnsAlert": false, "kpisColumnsColumnsAlert2": false, "kpisColumnsColumnsAlert3": false, "kpisColumnsColumnsAlert4": false, "kpisColumnsColumnsAlert5": false, "kpisColumnsColumnsAlert6": false, "l2": "", "ll2": "", "lll2": "", "max2": "", "min2": "", "min": "", "lll": "", "ll": "", "l": "", "Target": "", "h": "", "hh": "", "hhh": "", "max": ""}, {"Target2": "", "alertsOn": false, "h2": "", "hh2": "", "hhh2": "", "kpi_name": "Temp Bottom", "kpisColumnsColumns2Alertwhenanylimitcrossed": false, "kpisColumnsColumnsAlert": false, "kpisColumnsColumnsAlert2": false, "kpisColumnsColumnsAlert3": false, "kpisColumnsColumnsAlert4": false, "kpisColumnsColumnsAlert5": false, "kpisColumnsColumnsAlert6": false, "l2": "", "ll2": "", "lll2": "", "max2": "", "min2": "", "min": "", "lll": "", "ll": "", "l": "", "Target": "", "h": "", "hh": "", "hhh": "", "max": ""}, {"Target2": "", "alertsOn": false, "h2": "", "hh2": "", "hhh2": "", "kpi_name": "Temp Top", "kpisColumnsColumns2Alertwhenanylimitcrossed": false, "kpisColumnsColumnsAlert": false, "kpisColumnsColumnsAlert2": false, "kpisColumnsColumnsAlert3": false, "kpisColumnsColumnsAlert4": false, "kpisColumnsColumnsAlert5": false, "kpisColumnsColumnsAlert6": false, "l2": "", "ll2": "", "lll2": "", "max2": "", "min2": "", "min": "", "lll": "", "ll": "", "l": "", "Target": "", "h": "", "hh": "", "hhh": "", "max": ""}, {"Target2": "", "alertsOn": false, "h2": "", "hh2": "", "hhh2": "", "kpi_name": "CPU Temp", "kpisColumnsColumns2Alertwhenanylimitcrossed": false, "kpisColumnsColumnsAlert": false, "kpisColumnsColumnsAlert2": false, "kpisColumnsColumnsAlert3": false, "kpisColumnsColumnsAlert4": false, "kpisColumnsColumnsAlert5": false, "kpisColumnsColumnsAlert6": false, "l2": "", "ll2": "", "lll2": "", "max2": "", "min2": "", "min": "", "lll": "", "ll": "", "l": "", "Target": "", "h": "", "hh": "", "hhh": "", "max": ""}, {"Target2": "", "alertsOn": false, "h2": "", "hh2": "", "hhh2": "", "kpi_name": "Sampling Rate", "kpisColumnsColumns2Alertwhenanylimitcrossed": false, "kpisColumnsColumnsAlert": false, "kpisColumnsColumnsAlert2": false, "kpisColumnsColumnsAlert3": false, "kpisColumnsColumnsAlert4": false, "kpisColumnsColumnsAlert5": false, "kpisColumnsColumnsAlert6": false, "l2": "", "ll2": "", "lll2": "", "max2": "", "min2": "", "min": "", "lll": "", "ll": "", "l": "", "Target": "", "h": "", "hh": "", "hhh": "", "max": ""}, {"Target2": "", "alertsOn": false, "h2": "", "hh2": "", "hhh2": "", "kpi_name": "# Fibers", "kpisColumnsColumns2Alertwhenanylimitcrossed": false, "kpisColumnsColumnsAlert": false, "kpisColumnsColumnsAlert2": false, "kpisColumnsColumnsAlert3": false, "kpisColumnsColumnsAlert4": false, "kpisColumnsColumnsAlert5": false, "kpisColumnsColumnsAlert6": false, "l2": "", "ll2": "", "lll2": "", "max2": "", "min2": "", "min": "", "lll": "", "ll": "", "l": "", "Target": "", "h": "", "hh": "", "hhh": "", "max": ""}, {"Target2": "", "alertsOn": false, "h2": "", "hh2": "", "hhh2": "", "kpi_name": "Total Sensors", "kpisColumnsColumns2Alertwhenanylimitcrossed": false, "kpisColumnsColumnsAlert": false, "kpisColumnsColumnsAlert2": false, "kpisColumnsColumnsAlert3": false, "kpisColumnsColumnsAlert4": false, "kpisColumnsColumnsAlert5": false, "kpisColumnsColumnsAlert6": false, "l2": "", "ll2": "", "lll2": "", "max2": "", "min2": "", "min": "", "lll": "", "ll": "", "l": "", "Target": "", "h": "", "hh": "", "hhh": "", "max": ""}, {"Target2": "", "alertsOn": false, "h2": "", "hh2": "", "hhh2": "", "kpi_name": "F01 # Sensors", "kpisColumnsColumns2Alertwhenanylimitcrossed": false, "kpisColumnsColumnsAlert": false, "kpisColumnsColumnsAlert2": false, "kpisColumnsColumnsAlert3": false, "kpisColumnsColumnsAlert4": false, "kpisColumnsColumnsAlert5": false, "kpisColumnsColumnsAlert6": false, "l2": "", "ll2": "", "lll2": "", "max2": "", "min2": "", "min": "", "lll": "", "ll": "", "l": "", "Target": "", "h": "", "hh": "", "hhh": "", "max": ""}, {"Target2": "", "alertsOn": false, "h2": "", "hh2": "", "hhh2": "", "kpi_name": "F02 # Sensors", "kpisColumnsColumns2Alertwhenanylimitcrossed": false, "kpisColumnsColumnsAlert": false, "kpisColumnsColumnsAlert2": false, "kpisColumnsColumnsAlert3": false, "kpisColumnsColumnsAlert4": false, "kpisColumnsColumnsAlert5": false, "kpisColumnsColumnsAlert6": false, "l2": "", "ll2": "", "lll2": "", "max2": "", "min2": "", "min": "", "lll": "", "ll": "", "l": "", "Target": "", "h": "", "hh": "", "hhh": "", "max": ""}, {"Target2": "", "alertsOn": false, "h2": "", "hh2": "", "hhh2": "", "kpi_name": "F03 # Sensors", "kpisColumnsColumns2Alertwhenanylimitcrossed": false, "kpisColumnsColumnsAlert": false, "kpisColumnsColumnsAlert2": false, "kpisColumnsColumnsAlert3": false, "kpisColumnsColumnsAlert4": false, "kpisColumnsColumnsAlert5": false, "kpisColumnsColumnsAlert6": false, "l2": "", "ll2": "", "lll2": "", "max2": "", "min2": "", "min": "", "lll": "", "ll": "", "l": "", "Target": "", "h": "", "hh": "", "hhh": "", "max": ""}, {"Target2": "", "alertsOn": false, "h2": "", "hh2": "", "hhh2": "", "kpi_name": "F04 # Sensors", "kpisColumnsColumns2Alertwhenanylimitcrossed": false, "kpisColumnsColumnsAlert": false, "kpisColumnsColumnsAlert2": false, "kpisColumnsColumnsAlert3": false, "kpisColumnsColumnsAlert4": false, "kpisColumnsColumnsAlert5": false, "kpisColumnsColumnsAlert6": false, "l2": "", "ll2": "", "lll2": "", "max2": "", "min2": "", "min": "", "lll": "", "ll": "", "l": "", "Target": "", "h": "", "hh": "", "hhh": "", "max": ""}, {"Target2": "", "alertsOn": false, "h2": "", "hh2": "", "hhh2": "", "kpi_name": "F05 # Sensors", "kpisColumnsColumns2Alertwhenanylimitcrossed": false, "kpisColumnsColumnsAlert": false, "kpisColumnsColumnsAlert2": false, "kpisColumnsColumnsAlert3": false, "kpisColumnsColumnsAlert4": false, "kpisColumnsColumnsAlert5": false, "kpisColumnsColumnsAlert6": false, "l2": "", "ll2": "", "lll2": "", "max2": "", "min2": "", "min": "", "lll": "", "ll": "", "l": "", "Target": "", "h": "", "hh": "", "hhh": "", "max": ""}, {"Target2": "", "alertsOn": false, "h2": "", "hh2": "", "hhh2": "", "kpi_name": "F06 # Sensors", "kpisColumnsColumns2Alertwhenanylimitcrossed": false, "kpisColumnsColumnsAlert": false, "kpisColumnsColumnsAlert2": false, "kpisColumnsColumnsAlert3": false, "kpisColumnsColumnsAlert4": false, "kpisColumnsColumnsAlert5": false, "kpisColumnsColumnsAlert6": false, "l2": "", "ll2": "", "lll2": "", "max2": "", "min2": "", "min": "", "lll": "", "ll": "", "l": "", "Target": "", "h": "", "hh": "", "hhh": "", "max": ""}, {"Target2": "", "alertsOn": false, "h2": "", "hh2": "", "hhh2": "", "kpi_name": "F07 # Sensors", "kpisColumnsColumns2Alertwhenanylimitcrossed": false, "kpisColumnsColumnsAlert": false, "kpisColumnsColumnsAlert2": false, "kpisColumnsColumnsAlert3": false, "kpisColumnsColumnsAlert4": false, "kpisColumnsColumnsAlert5": false, "kpisColumnsColumnsAlert6": false, "l2": "", "ll2": "", "lll2": "", "max2": "", "min2": "", "min": "", "lll": "", "ll": "", "l": "", "Target": "", "h": "", "hh": "", "hhh": "", "max": ""}, {"Target2": "", "alertsOn": false, "h2": "", "hh2": "", "hhh2": "", "kpi_name": "F08 # Sensors", "kpisColumnsColumns2Alertwhenanylimitcrossed": false, "kpisColumnsColumnsAlert": false, "kpisColumnsColumnsAlert2": false, "kpisColumnsColumnsAlert3": false, "kpisColumnsColumnsAlert4": false, "kpisColumnsColumnsAlert5": false, "kpisColumnsColumnsAlert6": false, "l2": "", "ll2": "", "lll2": "", "max2": "", "min2": "", "min": "", "lll": "", "ll": "", "l": "", "Target": "", "h": "", "hh": "", "hhh": "", "max": ""}], "path": "ops-limits"}, "access": [], "metadata": {"browserName": "Netscape", "offset": 600, "onLine": true, "origin": "http://192.168.1.3:8000", "pathName": "/designer/edit/ops-limits/**%20New%20**", "referrer": "http://192.168.1.3:8000/designer/view/OPS%20Control%20Panel", "selectData": {"changeStatus": {"label": "Pending Approval"}, "columns2AllAlerts": {"label": "On"}, "columns2Approver": {"data": {"email": "fred@test.com"}}}, "timezone": "Australia/Melbourne", "userAgent": "Mozilla/5.0 (Macintosh; Intel Mac OS X 10_15_7) AppleWebKit/537.36 (KHTML, like Gecko) Chrome/102.0.0.0 Safari/537.36"}, "form": "62f5cc8854d20afa0be4bfc7", "externalIds": [], "created": "2022-08-12T03:44:09.275Z", "modified": "2022-08-12T06:08:17.901Z"}