{"_id": "62f5ccba54d20a8c25e4c06a", "owner": "627ddf364022c591c1b05f1b", "roles": [], "data": {"id": "form-promote", "description": "Form & Submission Promote Log", "keyfield": "id", "app_useage": "internal", "panelColumns2AddWorkflow": true, "_version": 5, "_form_version": "", "workflows": [{"panel2ColumnsFieldId": "", "title": "Promote the Form", "trigger_field_id": "always", "workflowActions": [{"argument": "", "method": "promote_form"}]}], "path": "app-forms"}, "access": [], "metadata": {"browserName": "Netscape", "offset": 600, "onLine": true, "origin": "http://localhost:8000", "pathName": "/panel/edit/reference/app-forms/**%20New%20**", "referrer": "http://localhost:8000/panel/tool/reference/app-forms", "selectData": {"actions": [{"method": {"label": "Save Layout"}, "trigger_field_id": {"label": "Save Excel"}}], "app_useage": {"label": "Internal"}, "workflows": [{"trigger_field_id": {"label": "Always"}, "workflowActions": [{"method": {"label": "Promote"}}]}]}, "timezone": "Australia/Melbourne", "userAgent": "Mozilla/5.0 (Macintosh; Intel Mac OS X 10_15_7) AppleWebKit/537.36 (KHTML, like Gecko) Chrome/101.0.0.0 Safari/537.36"}, "form": "62f5ccb854d20ae433e4c051", "externalIds": [], "created": "2022-08-12T03:44:58.523Z", "modified": "2022-08-12T06:09:13.716Z"}