{"_id": "62f5ccba54d20a1e7ae4c065", "owner": "627ddf364022c591c1b05f1b", "roles": [], "data": {"id": "user", "description": "App User Maintenenance", "keyfield": "email", "app_useage": "dataTenancy", "panelColumns2AddWorkflow": false, "_version": 2, "_form_version": "", "path": "app-forms"}, "access": [], "metadata": {"browserName": "Netscape", "offset": 600, "onLine": true, "origin": "http://localhost:8000", "pathName": "/panel/edit/reference/app-forms/**%20New%20**", "referrer": "http://localhost:8000/panel/tool/reference/app-forms", "selectData": {"actions": [{"method": {"label": "Save Layout"}, "trigger_field_id": {"label": "Save Excel"}}], "app_useage": {"label": "Data Tenancy"}}, "timezone": "Australia/Melbourne", "userAgent": "Mozilla/5.0 (Macintosh; Intel Mac OS X 10_15_7) AppleWebKit/605.1.15 (KHTML, like Gecko) Version/15.4 Safari/605.1.15"}, "form": "62f5ccb854d20ae433e4c051", "externalIds": [], "created": "2022-08-12T03:44:58.184Z", "modified": "2022-08-12T06:09:11.842Z"}