{"_id": "62f5ccb954d20a9a03e4c05d", "owner": "627ddf364022c591c1b05f1b", "roles": [], "data": {"id": "bridge-overview", "description": "Bridge control panel", "keyfield": "eloque_id", "app_useage": "application", "panelColumns2AddWorkflow": true, "_version": 7, "_form_version": "", "workflows": [{"panel2ColumnsFieldId": "", "title": "Update or Create Initial Mapping", "trigger_field_id": "always", "workflowActions": [{"argument": "mapping-design,mapping-sensors,dis-as-design,dis-as-built", "method": "update_initial_mapping"}]}], "path": "app-forms"}, "access": [], "metadata": {"browserName": "Netscape", "offset": 600, "onLine": true, "origin": "http://localhost:8000", "pathName": "/panel/edit/reference/app-forms/**%20New%20**", "referrer": "http://localhost:8000/panel/tool/reference/app-forms", "selectData": {"actions": [{"method": {"label": "Update Initial Mapping"}, "trigger_field_id": {"label": "Save Excel"}}, {"trigger_field_id": {"label": "Update JSON"}}], "app_useage": {"label": "Application"}, "appl_function": {"label": "Bridge Overview"}, "workflows": [{"trigger_field_id": {"label": "Always"}, "workflowActions": [{"method": {"label": "Update Initial Mapping"}}]}]}, "timezone": "Australia/Melbourne", "userAgent": "Mozilla/5.0 (Macintosh; Intel Mac OS X 10_15_7) AppleWebKit/537.36 (KHTML, like Gecko) Chrome/100.0.4896.75 Safari/537.36"}, "form": "62f5ccb854d20ae433e4c051", "externalIds": [], "created": "2022-08-12T03:44:57.590Z", "modified": "2022-08-12T06:09:13.207Z"}