{"_id": "62f5ccb854d20a5e12e4c054", "owner": "627ddf364022c591c1b05f1b", "roles": [], "data": {"id": "bridge-design-change-log", "description": "DIS Change Log", "keyfield": "id", "app_useage": "internal", "panelColumns2AddWorkflow": false, "_version": 4, "_form_version": "", "workflows": [{"title": "", "trigger_field_id": "", "panel2ColumnsFieldId": "", "workflowActions": [{"method": ""}]}], "path": "app-forms"}, "access": [], "metadata": {"browserName": "Netscape", "offset": 600, "onLine": true, "origin": "http://localhost:8000", "pathName": "/panel/edit/reference/app-forms/**%20New%20**", "referrer": "http://localhost:8000/panel/tool/reference/app-forms", "selectData": {"actions": [{"method": {"label": "Save Layout"}, "trigger_field_id": {"label": "Save Excel"}}], "app_useage": {"label": "Internal"}, "workflows": [{"trigger_field_id": {"label": "Always"}, "workflowActions": [{"method": {"label": "Save Layout"}}]}]}, "timezone": "Australia/Melbourne", "userAgent": "Mozilla/5.0 (Macintosh; Intel Mac OS X 10_15_7) AppleWebKit/537.36 (KHTML, like Gecko) Chrome/101.0.0.0 Safari/537.36"}, "form": "62f5ccb854d20ae433e4c051", "externalIds": [], "created": "2022-08-12T03:44:56.959Z", "modified": "2022-08-12T06:09:13.633Z"}