{"_id": "62f5ccba54d20adf12e4c063", "owner": "627ddf364022c591c1b05f1b", "roles": [], "data": {"id": "reports", "description": "Report Description with Change", "keyfield": "id", "app_useage": "documents", "panelColumns2AddWorkflow": false, "_version": 3, "_form_version": "", "workflows": [{"panel2ColumnsFieldId": "", "title": "", "trigger_field_id": "", "workflowActions": [{"method": ""}]}], "path": "app-forms"}, "access": [], "metadata": {"selectData": {"app_useage": {"label": "Documents"}, "workflows": [{"trigger_field_id": {"label": "Always"}, "workflowActions": [{"method": {"label": "Save Layout"}}]}]}, "timezone": "Australia/Melbourne", "offset": 600, "origin": "http://192.168.1.3:8000", "referrer": "http://192.168.1.3:8000/app/tool/reference/app-forms", "browserName": "Netscape", "userAgent": "Mozilla/5.0 (Macintosh; Intel Mac OS X 10_15_7) AppleWebKit/537.36 (KHTML, like Gecko) Chrome/102.0.0.0 Safari/537.36", "pathName": "/app/edit/reference/app-forms/**%20New%20**", "onLine": true}, "form": "62f5ccb854d20ae433e4c051", "externalIds": [], "created": "2022-08-12T03:44:58.041Z", "modified": "2022-08-12T06:09:13.374Z"}