{"_id": "62f5ccb854d20a85fee4c053", "owner": "627ddf364022c591c1b05f1b", "roles": [], "data": {"id": "mapping-design", "description": "Design the Layout", "keyfield": "eloque_id", "app_useage": "application", "panelColumns2AddWorkflow": true, "_version": 9, "_form_version": "", "workflows": [{"panel2ColumnsFieldId": "", "title": "Update Metadata", "trigger_field_id": "update-metadata", "workflowActions": [{"argument": "mapping-design", "method": "update_metadata"}]}, {"panel2ColumnsFieldId": "", "title": "Create new As-Design", "trigger_field_id": "update-as-design", "workflowActions": [{"argument": "v2.1", "method": "build_layout"}, {"argument": "dis-as-design", "method": "map_data"}, {"argument": "mapping-design", "method": "save_layout"}, {"argument": "dis-as-design", "method": "save_map_data"}]}, {"panel2ColumnsFieldId": "", "title": "Save Excel File", "trigger_field_id": "save-excel", "workflowActions": [{"argument": "dis-as-design", "method": "save_excel"}]}], "path": "app-forms"}, "access": [], "metadata": {"browserName": "Netscape", "offset": 600, "onLine": true, "origin": "http://localhost:8000", "pathName": "/panel/edit/reference/app-forms/**%20New%20**", "referrer": "http://localhost:8000/panel/tool/reference/app-forms", "selectData": {"actions": [{"method": {"label": "Update Metadata"}, "trigger_field_id": {"label": "Update Metadata"}}, {"method": {"label": "Build Layout"}, "trigger_field_id": {"label": "Update As-Design"}}, {"method": {"label": "Map Data"}, "trigger_field_id": {"label": "Update As-Design"}}, {"method": {"label": "Save Layout"}, "trigger_field_id": {"label": "Update As-Design"}}, {"method": {"label": "Save Mapped Data"}, "trigger_field_id": {"label": "Update As-Design"}}, {"method": {"label": "Save Excel"}, "trigger_field_id": {"label": "Save Excel"}}], "app_useage": {"label": "Application"}, "appl_function": {"label": "Mapping Design"}, "workflows": [{"trigger_field_id": {"label": "Update Metadata"}, "workflowActions": [{"method": {"label": "Update Metadata"}}]}, {"trigger_field_id": {"label": "Update As-Design"}, "workflowActions": [{"method": {"label": "Build Layout"}}, {"method": {"label": "Map Data"}}, {"method": {"label": "Save Layout"}}, {"method": {"label": "Save Mapped Data"}}]}, {"trigger_field_id": {"label": "Save Excel"}, "workflowActions": [{"method": {"label": "Save Excel"}}]}]}, "timezone": "Australia/Melbourne", "userAgent": "Mozilla/5.0 (Macintosh; Intel Mac OS X 10_15_7) AppleWebKit/537.36 (KHTML, like Gecko) Chrome/100.0.4896.75 Safari/537.36"}, "form": "62f5ccb854d20ae433e4c051", "externalIds": [], "created": "2022-08-12T03:44:56.832Z", "modified": "2022-08-12T06:09:12.303Z"}