{"_id": "62f5cc9754d20a26f9e4bff4", "owner": "627ddf364022c591c1b05f1b", "roles": [], "data": {"eloque_id": "AU-03KAL-BR1051", "bridge_name": "Kalkallo", "asset_id": "SN1051_KALKALLO", "sharepoint_name": "3KAL-51", "structure_id": "SN1051", "classification": ["I-A"], "save-excel": false, "update-metadata": false, "update-json": false, "jinja_template": "", "coordinates_latitude": -37.52816, "coordinates_longitude": 144.94768, "path": "dis-as-built"}, "access": [], "form": "62f5cc8f54d20a6914e4bfee", "externalIds": [], "created": "2022-08-12T03:44:23.525Z", "modified": "2022-08-12T06:08:28.889Z"}